#
# There is insufficient memory for the Java Runtime Environment to continue.
# Native memory allocation (malloc) failed to allocate 1651376 bytes. Error detail: Chunk::new
# Possible reasons:
#   The system is out of physical RAM or swap space
#   This process is running with CompressedOops enabled, and the Java Heap may be blocking the growth of the native heap
# Possible solutions:
#   Reduce memory load on the system
#   Increase physical memory or swap space
#   Check if swap backing store is full
#   Decrease Java heap size (-Xmx/-Xms)
#   Decrease number of Java threads
#   Decrease Java thread stack sizes (-Xss)
#   Set larger code cache with -XX:ReservedCodeCacheSize=
#   JVM is running with Unscaled Compressed Oops mode in which the Java heap is
#     placed in the first 4GB address space. The Java Heap base address is the
#     maximum limit for the native heap growth. Please use -XX:HeapBaseMinAddress
#     to set the Java Heap base and to place the Java Heap above 4GB virtual address.
# This output file may be truncated or incomplete.
#
#  Out of Memory Error (arena.cpp:168), pid=28776, tid=29536
#
# JRE version: OpenJDK Runtime Environment JBR-21.0.9+1-1163.86-jcef (21.0.9+1) (build 21.0.9+1-b1163.86)
# Java VM: OpenJDK 64-Bit Server VM JBR-21.0.9+1-1163.86-jcef (21.0.9+1-b1163.86, mixed mode, sharing, tiered, compressed oops, compressed class ptrs, g1 gc, windows-amd64)
# No core dump will be written. Minidumps are not enabled by default on client versions of Windows
#

---------------  S U M M A R Y ------------

Command Line: abort vfprintf -XX:ErrorFile=C:\Users\16644\java_error_in_pycharm_%p.log -XX:HeapDumpPath=C:\Users\16644\java_error_in_pycharm.hprof -Xms256m -Xmx2048m -XX:JbrShrinkingGcMaxHeapFreeRatio=40 -XX:ReservedCodeCacheSize=512m -XX:+HeapDumpOnOutOfMemoryError -XX:-OmitStackTraceInFastThrow -XX:CICompilerCount=2 -XX:+IgnoreUnrecognizedVMOptions -XX:+UnlockDiagnosticVMOptions -XX:TieredOldPercentage=100000 -ea -Dsun.io.useCanonCaches=false -Dsun.java2d.metal=true -Djbr.catch.SIGABRT=true -Djdk.http.auth.tunneling.disabledSchemes="" -Djdk.attach.allowAttachSelf=true -Djdk.module.illegalAccess.silent=true -Djdk.nio.maxCachedBufferSize=2097152 -Djava.util.zip.use.nio.for.zip.file.access=true -Dkotlinx.coroutines.debug=off -Djava.nio.file.spi.DefaultFileSystemProvider=com.intellij.platform.core.nio.fs.MultiRoutingFileSystemProvider -Dwelcome.screen.defaultWidth=1000 -Dwelcome.screen.defaultHeight=720 -Dintellij.startup.wizard.initial.timeout=1 -Xms128m -Xmx1024m -XX:ReservedCodeCacheSize=512m -XX:+IgnoreUnrecognizedVMOptions -XX:+UseG1GC -XX:SoftRefLRUPolicyMSPerMB=50 -XX:CICompilerCount=2 -XX:+HeapDumpOnOutOfMemoryError -XX:-OmitStackTraceInFastThrow -ea -Dsun.io.useCanonCaches=false -Djdk.http.auth.tunneling.disabledSchemes="" -Djdk.attach.allowAttachSelf=true -Djdk.module.illegalAccess.silent=true -Dkotlinx.coroutines.debug=off -XX:ErrorFile=$USER_HOME/java_error_in_idea_%p.log -XX:HeapDumpPath=$USER_HOME/java_error_in_idea.hprof --add-opens=java.base/jdk.internal.org.objectweb.asm=ALL-UNNAMED --add-opens=java.base/jdk.internal.org.objectweb.asm.tree=ALL-UNNAMED -javaagent:F:\win2021-2025\win2021-2025\ja-netfilter.jar=jetbrains -Djb.vmOptionsFile=F:\win2021-2025\win2021-2025\vmoptions\pycharm.vmoptions -Xbootclasspath/a:D:\pycharm\PyCharm Community Edition 2024.3.5\lib\nio-fs.jar -Djava.system.class.loader=com.intellij.util.lang.PathClassLoader -Didea.vendor.name=JetBrains -Didea.paths.selector=PyCharm2025.3 -Djna.boot.library.path=D:\pycharm\PyCharm Community Edition 2024.3.5/lib/jna/amd64 -Djna.nosys=true -Djna.noclasspath=true -Dpty4j.preferred.native.folder=D:\pycharm\PyCharm Community Edition 2024.3.5/lib/pty4j -Dio.netty.allocator.type=pooled -Dskiko.library.path=D:\pycharm\PyCharm Community Edition 2024.3.5/lib/skiko-awt-runtime-all -Dintellij.platform.runtime.repository.path=D:\pycharm\PyCharm Community Edition 2024.3.5/modules/module-descriptors.dat -Didea.platform.prefix=Python -Dwsl.use.remote.agent.for.nio.filesystem=true -Djava.nio.file.spi.DefaultFileSystemProvider=com.intellij.platform.core.nio.fs.MultiRoutingFileSystemProvider -Dsplash=true -Daether.connector.resumeDownloads=false -Dcompose.swing.render.on.graphics=true --add-opens=java.base/java.io=ALL-UNNAMED --add-opens=java.base/java.lang=ALL-UNNAMED --add-opens=java.base/java.lang.ref=ALL-UNNAMED --add-opens=java.base/java.lang.reflect=ALL-UNNAMED --add-opens=java.base/java.net=ALL-UNNAMED --add-opens=java.base/java.nio=ALL-UNNAMED --add-opens=java.base/java.nio.charset=ALL-UNNAMED --add-opens=java.base/java.text=ALL-UNNAMED --add-opens=java.base/java.time=ALL-UNNAMED --add-opens=java.base/java.util=ALL-UNNAMED --add-opens=java.base/java.util.concurrent=ALL-UNNAMED --add-opens=java.base/java.util.concurrent.atomic=ALL-UNNAMED --add-opens=java.base/java.util.concurrent.locks=ALL-UNNAMED --add-opens=java.base/jdk.internal.ref=ALL-UNNAMED --add-opens=java.base/jdk.internal.vm=ALL-UNNAMED --add-opens=java.base/sun.net.dns=ALL-UNNAMED --add-opens=java.base/sun.nio=ALL-UNNAMED --add-opens=java.base/sun.nio.ch=ALL-UNNAMED --add-opens=java.base/sun.nio.fs=ALL-UNNAMED --add-opens=java.base/sun.security.ssl=ALL-UNNAMED --add-opens=java.base/sun.security.util=ALL-UNNAMED --add-opens=java.desktop/com.sun.java.swing=ALL-UNNAMED --add-opens=java.desktop/java.awt=ALL-UNNAMED --add-opens=java.desktop/java.awt.dnd.peer=ALL-UNNAMED --add-opens=java.desktop/java.awt.event=ALL-UNNAMED --add-opens=java.desktop/java.awt.font=ALL-UNNAMED --add-opens=java.desktop/java.awt.image=ALL-UNNAMED --add-opens=java.desktop/java.awt.peer=ALL-UNNAMED --add-opens=java.desktop/javax.swing=ALL-UNNAMED --add-opens=java.desktop/javax.swing.plaf.basic=ALL-UNNAMED --add-opens=java.desktop/javax.swing.text=ALL-UNNAMED --add-opens=java.desktop/javax.swing.text.html=ALL-UNNAMED --add-opens=java.desktop/javax.swing.text.html.parser=ALL-UNNAMED --add-opens=java.desktop/sun.awt=ALL-UNNAMED --add-opens=java.desktop/sun.awt.datatransfer=ALL-UNNAMED --add-opens=java.desktop/sun.awt.image=ALL-UNNAMED --add-opens=java.desktop/sun.awt.windows=ALL-UNNAMED --add-opens=java.desktop/sun.font=ALL-UNNAMED --add-opens=java.desktop/sun.java2d=ALL-UNNAMED --add-opens=java.desktop/sun.swing=ALL-UNNAMED --add-opens=java.management/sun.management=ALL-UNNAMED --add-opens=jdk.attach/sun.tools.attach=ALL-UNNAMED --add-opens=jdk.compiler/com.sun.tools.javac.api=ALL-UNNAMED --add-opens=jdk.internal.jvmstat/sun.jvmstat.monitor=ALL-UNNAMED --add-opens=jdk.jdi/com.sun.tools.jdi=ALL-UNNAMED -Dide.native.launcher=true -Djcef.sandbox.ptr=0000021A8D3D1680 -Djcef.sandbox.cefVersion=122.1.9+gd14e051+chromium-122.0.6261.94 com.intellij.idea.Main F:\毕设1.1\毕设\yolov8

Host: AMD Ryzen 7 6800H with Radeon Graphics         , 16 cores, 15G,  Windows 11 , 64 bit Build 26100 (10.0.26100.8246)
Time: Tue May 12 21:25:56 2026 elapsed time: 208.317818 seconds (0d 0h 3m 28s)

---------------  T H R E A D  ---------------

Current thread (0x0000021ab8b570a0):  JavaThread "C2 CompilerThread0" daemon [_thread_in_native, id=29536, stack(0x000000f01ac00000,0x000000f01ad00000) (1024K)]


Current CompileTask:
C2:208317 73433       4       com.intellij.openapi.editor.impl.view.IterationState::<init> (496 bytes)

Stack: [0x000000f01ac00000,0x000000f01ad00000]
Native frames: (J=compiled Java code, j=interpreted, Vv=VM code, C=native code)
V  [jvm.dll+0x6ec339]
V  [jvm.dll+0x8cc463]
V  [jvm.dll+0x8cea7e]
V  [jvm.dll+0x8cf163]
V  [jvm.dll+0x28b006]
V  [jvm.dll+0xc6f3d]
V  [jvm.dll+0xc7473]
V  [jvm.dll+0x3c7dc1]
V  [jvm.dll+0x3938f7]
V  [jvm.dll+0x392d6a]
V  [jvm.dll+0x251fa2]
V  [jvm.dll+0x251571]
V  [jvm.dll+0x1ceb04]
V  [jvm.dll+0x260e0e]
V  [jvm.dll+0x25f356]
V  [jvm.dll+0x4031b6]
V  [jvm.dll+0x874178]
V  [jvm.dll+0x6eaabd]
C  [ucrtbase.dll+0x37b0]
C  [KERNEL32.DLL+0x2e8d7]
C  [ntdll.dll+0x8c3fc]


---------------  P R O C E S S  ---------------

Threads class SMR info:
_java_thread_list=0x0000021bfa2eda20, length=130, elements={
0x0000021a8d3fe6e0, 0x0000021ab84a9230, 0x0000021ab84b35a0, 0x0000021ab84b50d0,
0x0000021ab84b93b0, 0x0000021ab84b8d20, 0x0000021ab84b6c50, 0x0000021ab84b9a40,
0x0000021ab8b570a0, 0x0000021ab8b5a2d0, 0x0000021ab84b72e0, 0x0000021b2190ce90,
0x0000021b2190e240, 0x0000021b21912a70, 0x0000021b21911d50, 0x0000021b21913100,
0x0000021b220f7090, 0x0000021b220f6370, 0x0000021b220f7720, 0x0000021b220f42a0,
0x0000021b220f7db0, 0x0000021b220f9e80, 0x0000021b22db7d80, 0x0000021b22db7060,
0x0000021b22dbab70, 0x0000021b22dbb890, 0x0000021b22db8aa0, 0x0000021ab8edee40,
0x0000021ab8ee1c30, 0x0000021ab8ee4a20, 0x0000021b6b7dc9d0, 0x0000021b6b7dd6f0,
0x0000021b6b7d9f10, 0x0000021b8dd40170, 0x0000021b8dd43c80, 0x0000021b8dd3e0a0,
0x0000021b8dd456c0, 0x0000021b6b7d91f0, 0x0000021ba0282840, 0x0000021ba0283560,
0x0000021ba0288420, 0x0000021ba02897d0, 0x0000021ba0286350, 0x0000021ba0924950,
0x0000021ba028b210, 0x0000021bb69d06c0, 0x0000021bb69d6930, 0x0000021bb69d6fc0,
0x0000021bb69d7650, 0x0000021bbf4f4e40, 0x0000021bbebb3f90, 0x0000021bbebb8e50,
0x0000021bbebbf750, 0x0000021bbebbf0c0, 0x0000021bbebc0b00, 0x0000021bbebc1820,
0x0000021bbebbe3a0, 0x0000021bbebc2bd0, 0x0000021bbebc2540, 0x0000021bbebc3f80,
0x0000021bc8ac7070, 0x0000021bc8acd970, 0x0000021bc8ace690, 0x0000021bc8acb210,
0x0000021bc8ad2830, 0x0000021bc8ad0df0, 0x0000021bbf4fd180, 0x0000021bbf4faa20,
0x0000021bbf4fa390, 0x0000021bcfb854f0, 0x0000021bcfb90620, 0x0000021bec04bdf0,
0x0000021bec04b0d0, 0x0000021bce692940, 0x0000021bce697170, 0x0000021bce696ae0,
0x0000021bce697e90, 0x0000021bce69ac80, 0x0000021bce693cf0, 0x0000021bce695730,
0x0000021bce6a5720, 0x0000021bce6a5db0, 0x0000021bce6a6440, 0x0000021bce6a2930,
0x0000021bce6a2fc0, 0x0000021bce6aa5e0, 0x0000021bce6a7e80, 0x0000021bce6ab990,
0x0000021bec0647b0, 0x0000021bec066880, 0x0000021bec068950, 0x0000021bec0675a0,
0x0000021bec06a390, 0x0000021bec0682c0, 0x0000021bcfbc1310, 0x0000021b2bedc680,
0x0000021b2becda40, 0x0000021b2bed2f90, 0x0000021b2bed3620, 0x0000021b2bed49d0,
0x0000021b2bed1550, 0x0000021bf4ea1f90, 0x0000021bf3e63660, 0x0000021bf35bb060,
0x0000021bf35bde50, 0x0000021bfa18f8b0, 0x0000021bf4b73c40, 0x0000021bf36767a0,
0x0000021bfa190c60, 0x0000021bcaed0e60, 0x0000021bf4b72200, 0x0000021bfaf2d410,
0x0000021bf4689810, 0x0000021bf35bc410, 0x0000021bf4b742d0, 0x0000021bf4b763a0,
0x0000021b345d3480, 0x0000021bf3419170, 0x0000021bf3e63cf0, 0x0000021bf3e62940,
0x0000021bf3e62fd0, 0x0000021b348e20c0, 0x0000021bf3418450, 0x0000021bf4d88ec0,
0x0000021bf3415cf0, 0x0000021bc8cb5870, 0x0000021b2a531640, 0x0000021b2a52fc00,
0x0000021b2a530290, 0x0000021beb951e60
}

Java Threads: ( => current thread )
  0x0000021a8d3fe6e0 JavaThread "main"                              [_thread_blocked, id=29304, stack(0x000000f019c00000,0x000000f019e00000) (2048K)]
  0x0000021ab84a9230 JavaThread "Common-Cleaner"             daemon [_thread_blocked, id=8724, stack(0x000000f01a500000,0x000000f01a600000) (1024K)]
  0x0000021ab84b35a0 JavaThread "Reference Handler"          daemon [_thread_blocked, id=2396, stack(0x000000f01a600000,0x000000f01a700000) (1024K)]
  0x0000021ab84b50d0 JavaThread "Finalizer"                  daemon [_thread_blocked, id=5060, stack(0x000000f01a700000,0x000000f01a800000) (1024K)]
  0x0000021ab84b93b0 JavaThread "Signal Dispatcher"          daemon [_thread_blocked, id=26180, stack(0x000000f01a800000,0x000000f01a900000) (1024K)]
  0x0000021ab84b8d20 JavaThread "Attach Listener"            daemon [_thread_blocked, id=13864, stack(0x000000f01a900000,0x000000f01aa00000) (1024K)]
  0x0000021ab84b6c50 JavaThread "Service Thread"             daemon [_thread_blocked, id=20324, stack(0x000000f01aa00000,0x000000f01ab00000) (1024K)]
  0x0000021ab84b9a40 JavaThread "Monitor Deflation Thread"   daemon [_thread_blocked, id=20476, stack(0x000000f01ab00000,0x000000f01ac00000) (1024K)]
=>0x0000021ab8b570a0 JavaThread "C2 CompilerThread0"         daemon [_thread_in_native, id=29536, stack(0x000000f01ac00000,0x000000f01ad00000) (1024K)]
  0x0000021ab8b5a2d0 JavaThread "C1 CompilerThread0"         daemon [_thread_blocked, id=17808, stack(0x000000f01ad00000,0x000000f01ae00000) (1024K)]
  0x0000021ab84b72e0 JavaThread "Notification Thread"        daemon [_thread_blocked, id=23476, stack(0x000000f01b000000,0x000000f01b100000) (1024K)]
  0x0000021b2190ce90 JavaThread "DefaultDispatcher-worker-2" daemon [_thread_blocked, id=2888, stack(0x000000f01b200000,0x000000f01b300000) (1024K)]
  0x0000021b2190e240 JavaThread "DefaultDispatcher-worker-4" daemon [_thread_blocked, id=18736, stack(0x000000f01b400000,0x000000f01b500000) (1024K)]
  0x0000021b21912a70 JavaThread "DefaultDispatcher-worker-12" daemon [_thread_blocked, id=28400, stack(0x000000f01bc00000,0x000000f01bd00000) (1024K)]
  0x0000021b21911d50 JavaThread "DefaultDispatcher-worker-13" daemon [_thread_blocked, id=7596, stack(0x000000f01bd00000,0x000000f01be00000) (1024K)]
  0x0000021b21913100 JavaThread "DefaultDispatcher-worker-16" daemon [_thread_blocked, id=2024, stack(0x000000f01c000000,0x000000f01c100000) (1024K)]
  0x0000021b220f7090 JavaThread "Java2D Disposer"            daemon [_thread_blocked, id=16416, stack(0x000000f01c100000,0x000000f01c200000) (1024K)]
  0x0000021b220f6370 JavaThread "AWT-Shutdown"                      [_thread_blocked, id=2388, stack(0x000000f01c200000,0x000000f01c300000) (1024K)]
  0x0000021b220f7720 JavaThread "AWT-Windows"                daemon [_thread_in_native, id=4440, stack(0x000000f01c300000,0x000000f01c400000) (1024K)]
  0x0000021b220f42a0 JavaThread "AWT-EventQueue-0"                  [_thread_blocked, id=18660, stack(0x000000f01cd00000,0x000000f01ce00000) (1024K)]
  0x0000021b220f7db0 JavaThread "External Command Listener"  daemon [_thread_in_native, id=2716, stack(0x000000f01ce00000,0x000000f01cf00000) (1024K)]
  0x0000021b220f9e80 JavaThread "kotlinx.coroutines.DefaultExecutor" daemon [_thread_blocked, id=29100, stack(0x000000f01cf00000,0x000000f01d000000) (1024K)]
  0x0000021b22db7d80 JavaThread "Kernel event loop thread nbmn8hbpa6lldtbuc6sh" daemon [_thread_blocked, id=3024, stack(0x000000f01d000000,0x000000f01d100000) (1024K)]
  0x0000021b22db7060 JavaThread "DefaultDispatcher-worker-17" daemon [_thread_blocked, id=21940, stack(0x000000f01d400000,0x000000f01d500000) (1024K)]
  0x0000021b22dbab70 JavaThread "DefaultDispatcher-worker-18" daemon [_thread_blocked, id=18856, stack(0x000000f01d500000,0x000000f01d600000) (1024K)]
  0x0000021b22dbb890 JavaThread "DefaultDispatcher-worker-19" daemon [_thread_blocked, id=6372, stack(0x000000f01d600000,0x000000f01d700000) (1024K)]
  0x0000021b22db8aa0 JavaThread "DefaultDispatcher-worker-21" daemon [_thread_blocked, id=18892, stack(0x000000f01d800000,0x000000f01d900000) (1024K)]
  0x0000021ab8edee40 JavaThread "Coroutines Debugger Cleaner" daemon [_thread_blocked, id=564, stack(0x000000f01db00000,0x000000f01dc00000) (1024K)]
  0x0000021ab8ee1c30 JavaThread "PeriodicMetricReader"       daemon [_thread_blocked, id=24668, stack(0x000000f01dd00000,0x000000f01de00000) (1024K)]
  0x0000021ab8ee4a20 JavaThread "DefaultDispatcher-worker-23" daemon [_thread_blocked, id=14720, stack(0x000000f01de00000,0x000000f01df00000) (1024K)]
  0x0000021b6b7dc9d0 JavaThread "JNA Cleaner"                daemon [_thread_blocked, id=29664, stack(0x000000f01e100000,0x000000f01e200000) (1024K)]
  0x0000021b6b7dd6f0 JavaThread "Periodic tasks thread"      daemon [_thread_blocked, id=12940, stack(0x000000f01e200000,0x000000f01e300000) (1024K)]
  0x0000021b6b7d9f10 JavaThread "Netty Station Client 1-1"   daemon [_thread_in_native, id=27772, stack(0x000000f01e500000,0x000000f01e600000) (1024K)]
  0x0000021b8dd40170 JavaThread "Netty Station Server 1-1"   daemon [_thread_in_native, id=26368, stack(0x000000f01e900000,0x000000f01ea00000) (1024K)]
  0x0000021b8dd43c80 JavaThread "Netty Builtin Server 1"     daemon [_thread_in_native, id=14952, stack(0x000000f01ea00000,0x000000f01eb00000) (1024K)]
  0x0000021b8dd3e0a0 JavaThread "Netty Station Client 1-2"   daemon [_thread_in_native, id=25080, stack(0x000000f01eb00000,0x000000f01ec00000) (1024K)]
  0x0000021b8dd456c0 JavaThread "Windows Shell integration"  daemon [_thread_blocked, id=29284, stack(0x000000f01ec00000,0x000000f01ed00000) (1024K)]
  0x0000021b6b7d91f0 JavaThread "fsnotifier.exe"                    [_thread_in_native, id=20044, stack(0x000000f01ee00000,0x000000f01ef00000) (1024K)]
  0x0000021ba0282840 JavaThread "BaseDataReader: output stream of fsnotifier.exe"        [_thread_in_native, id=16228, stack(0x000000f01ef00000,0x000000f01f000000) (1024K)]
  0x0000021ba0283560 JavaThread "BaseDataReader: error stream of fsnotifier.exe"        [_thread_in_native, id=8400, stack(0x000000f01f000000,0x000000f01f100000) (1024K)]
  0x0000021ba0288420 JavaThread "DefaultDispatcher-worker-28" daemon [_thread_blocked, id=29668, stack(0x000000f01f300000,0x000000f01f400000) (1024K)]
  0x0000021ba02897d0 JavaThread "DefaultDispatcher-worker-29" daemon [_thread_blocked, id=14000, stack(0x000000f01f400000,0x000000f01f500000) (1024K)]
  0x0000021ba0286350 JavaThread "DefaultDispatcher-worker-30" daemon [_thread_blocked, id=27444, stack(0x000000f01f500000,0x000000f01f600000) (1024K)]
  0x0000021ba0924950 JavaThread "Jndi-Dns-address-change-listener" daemon [_thread_in_native, id=14024, stack(0x000000f01f800000,0x000000f01f900000) (1024K)]
  0x0000021ba028b210 JavaThread "DefaultDispatcher-worker-25" daemon [_thread_blocked, id=13708, stack(0x000000f01f900000,0x000000f01fa00000) (1024K)]
  0x0000021bb69d06c0 JavaThread "ApplicationImpl pooled thread 5"        [_thread_blocked, id=6216, stack(0x000000f01fe00000,0x000000f01ff00000) (1024K)]
  0x0000021bb69d6930 JavaThread "DefaultDispatcher-worker-1" daemon [_thread_blocked, id=10364, stack(0x000000f020000000,0x000000f020100000) (1024K)]
  0x0000021bb69d6fc0 JavaThread "DefaultDispatcher-worker-2" daemon [_thread_blocked, id=23708, stack(0x000000f020100000,0x000000f020200000) (1024K)]
  0x0000021bb69d7650 JavaThread "DefaultDispatcher-worker-3" daemon [_thread_in_native, id=15676, stack(0x000000f020200000,0x000000f020300000) (1024K)]
  0x0000021bbf4f4e40 JavaThread "TimerQueue"                 daemon [_thread_blocked, id=29220, stack(0x000000f020300000,0x000000f020400000) (1024K)]
  0x0000021bbebb3f90 JavaThread "BaseDataReader: output stream of embeddings-server"        [_thread_in_native, id=29292, stack(0x000000f020900000,0x000000f020a00000) (1024K)]
  0x0000021bbebb8e50 JavaThread "ApplicationImpl pooled thread 18"        [_thread_blocked, id=7140, stack(0x000000f021100000,0x000000f021200000) (1024K)]
  0x0000021bbebbf750 JavaThread "python.exe"                        [_thread_in_native, id=5504, stack(0x000000f022300000,0x000000f022400000) (1024K)]
  0x0000021bbebbf0c0 JavaThread "node"                              [_thread_in_native, id=25464, stack(0x000000f022500000,0x000000f022600000) (1024K)]
  0x0000021bbebc0b00 JavaThread "BaseDataReader: output stream of node"        [_thread_blocked, id=15872, stack(0x000000f022600000,0x000000f022700000) (1024K)]
  0x0000021bbebc1820 JavaThread "BaseDataReader: error stream of python.exe"        [_thread_blocked, id=8324, stack(0x000000f022700000,0x000000f022800000) (1024K)]
  0x0000021bbebbe3a0 JavaThread "embeddings-server"                 [_thread_in_native, id=7664, stack(0x000000f022800000,0x000000f022900000) (1024K)]
  0x0000021bbebc2bd0 JavaThread "BaseDataReader: error stream of embeddings-server"        [_thread_in_native, id=27476, stack(0x000000f022a00000,0x000000f022b00000) (1024K)]
  0x0000021bbebc2540 JavaThread "BaseDataReader: error stream of node"        [_thread_blocked, id=3056, stack(0x000000f022f00000,0x000000f023000000) (1024K)]
  0x0000021bbebc3f80 JavaThread "BaseDataReader: output stream of python.exe"        [_thread_blocked, id=28496, stack(0x000000f023000000,0x000000f023100000) (1024K)]
  0x0000021bc8ac7070 JavaThread "DefaultDispatcher-worker-11" daemon [_thread_blocked, id=14580, stack(0x000000f023800000,0x000000f023900000) (1024K)]
  0x0000021bc8acd970 JavaThread "DefaultDispatcher-worker-27" daemon [_thread_blocked, id=1928, stack(0x000000f023d00000,0x000000f023e00000) (1024K)]
  0x0000021bc8ace690 JavaThread "DefaultDispatcher-worker-24" daemon [_thread_blocked, id=15236, stack(0x000000f023e00000,0x000000f023f00000) (1024K)]
  0x0000021bc8acb210 JavaThread "DefaultDispatcher-worker-3" daemon [_thread_blocked, id=28504, stack(0x000000f024100000,0x000000f024200000) (1024K)]
  0x0000021bc8ad2830 JavaThread "DefaultDispatcher-worker-10" daemon [_thread_blocked, id=20140, stack(0x000000f024700000,0x000000f024800000) (1024K)]
  0x0000021bc8ad0df0 JavaThread "DefaultDispatcher-worker-5" daemon [_thread_blocked, id=12752, stack(0x000000f024b00000,0x000000f024c00000) (1024K)]
  0x0000021bbf4fd180 JavaThread "DefaultDispatcher-worker-6" daemon [_thread_blocked, id=14772, stack(0x000000f025600000,0x000000f025700000) (1024K)]
  0x0000021bbf4faa20 JavaThread "DefaultDispatcher-worker-26" daemon [_thread_blocked, id=2336, stack(0x000000f025900000,0x000000f025a00000) (1024K)]
  0x0000021bbf4fa390 JavaThread "DefaultDispatcher-worker-14" daemon [_thread_blocked, id=26308, stack(0x000000f025a00000,0x000000f025b00000) (1024K)]
  0x0000021bcfb854f0 JavaThread "HandlingStartupEventsContext" daemon [_thread_blocked, id=25936, stack(0x000000f01fd00000,0x000000f01fe00000) (1024K)]
  0x0000021bcfb90620 JavaThread "JVMResponsivenessMonitor"   daemon [_thread_blocked, id=27396, stack(0x000000f026200000,0x000000f026300000) (1024K)]
  0x0000021bec04bdf0 JavaThread "OkHttp frameworks.jetbrains.com" daemon [_thread_in_native, id=18696, stack(0x000000f026300000,0x000000f026400000) (1024K)]
  0x0000021bec04b0d0 JavaThread "HttpClient-2-SelectorManager" daemon [_thread_in_native, id=8804, stack(0x000000f026400000,0x000000f026500000) (1024K)]
  0x0000021bce692940 JavaThread "DefaultDispatcher-worker-22" daemon [_thread_blocked, id=10688, stack(0x000000f026600000,0x000000f026700000) (1024K)]
  0x0000021bce697170 JavaThread "DefaultDispatcher-worker-7" daemon [_thread_blocked, id=17032, stack(0x000000f026800000,0x000000f026900000) (1024K)]
  0x0000021bce696ae0 JavaThread "DefaultDispatcher-worker-8" daemon [_thread_blocked, id=11296, stack(0x000000f026a00000,0x000000f026b00000) (1024K)]
  0x0000021bce697e90 JavaThread "DefaultDispatcher-worker-15" daemon [_thread_blocked, id=14712, stack(0x000000f026e00000,0x000000f026f00000) (1024K)]
  0x0000021bce69ac80 JavaThread "DefaultDispatcher-worker-9" daemon [_thread_blocked, id=740, stack(0x000000f027200000,0x000000f027300000) (1024K)]
  0x0000021bce693cf0 JavaThread "DefaultDispatcher-worker-1" daemon [_thread_blocked, id=26076, stack(0x000000f027300000,0x000000f027400000) (1024K)]
  0x0000021bce695730 JavaThread "DefaultDispatcher-worker-20" daemon [_thread_blocked, id=16404, stack(0x000000f027600000,0x000000f027700000) (1024K)]
  0x0000021bce6a5720 JavaThread "JobScheduler FJ pool 1/15"  daemon [_thread_blocked, id=24776, stack(0x000000f027f00000,0x000000f028000000) (1024K)]
  0x0000021bce6a5db0 JavaThread "JobScheduler FJ pool 2/15"  daemon [_thread_blocked, id=3228, stack(0x000000f028000000,0x000000f028100000) (1024K)]
  0x0000021bce6a6440 JavaThread "JobScheduler FJ pool 3/15"  daemon [_thread_blocked, id=16396, stack(0x000000f028100000,0x000000f028200000) (1024K)]
  0x0000021bce6a2930 JavaThread "JobScheduler FJ pool 4/15"  daemon [_thread_blocked, id=16448, stack(0x000000f028200000,0x000000f028300000) (1024K)]
  0x0000021bce6a2fc0 JavaThread "JobScheduler FJ pool 5/15"  daemon [_thread_blocked, id=25220, stack(0x000000f028300000,0x000000f028400000) (1024K)]
  0x0000021bce6aa5e0 JavaThread "JobScheduler FJ pool 6/15"  daemon [_thread_blocked, id=4468, stack(0x000000f028400000,0x000000f028500000) (1024K)]
  0x0000021bce6a7e80 JavaThread "JobScheduler FJ pool 7/15"  daemon [_thread_blocked, id=26480, stack(0x000000f028500000,0x000000f028600000) (1024K)]
  0x0000021bce6ab990 JavaThread "JobScheduler FJ pool 8/15"  daemon [_thread_blocked, id=2504, stack(0x000000f028600000,0x000000f028700000) (1024K)]
  0x0000021bec0647b0 JavaThread "JobScheduler FJ pool 9/15"  daemon [_thread_blocked, id=24712, stack(0x000000f028700000,0x000000f028800000) (1024K)]
  0x0000021bec066880 JavaThread "JobScheduler FJ pool 10/15" daemon [_thread_blocked, id=22940, stack(0x000000f028800000,0x000000f028900000) (1024K)]
  0x0000021bec068950 JavaThread "JobScheduler FJ pool 11/15" daemon [_thread_blocked, id=11180, stack(0x000000f028900000,0x000000f028a00000) (1024K)]
  0x0000021bec0675a0 JavaThread "JobScheduler FJ pool 12/15" daemon [_thread_blocked, id=5588, stack(0x000000f028a00000,0x000000f028b00000) (1024K)]
  0x0000021bec06a390 JavaThread "JobScheduler FJ pool 13/15" daemon [_thread_blocked, id=12748, stack(0x000000f028b00000,0x000000f028c00000) (1024K)]
  0x0000021bec0682c0 JavaThread "JobScheduler FJ pool 14/15" daemon [_thread_blocked, id=1956, stack(0x000000f028c00000,0x000000f028d00000) (1024K)]
  0x0000021bcfbc1310 JavaThread "OkHttp TaskRunner"          daemon [_thread_blocked, id=4848, stack(0x000000f028e00000,0x000000f028f00000) (1024K)]
  0x0000021b2bedc680 JavaThread "JobScheduler FJ pool 15/15" daemon [_thread_blocked, id=4708, stack(0x000000f029000000,0x000000f029100000) (1024K)]
  0x0000021b2becda40 JavaThread "Timer-0"                    daemon [_thread_blocked, id=7508, stack(0x000000f029100000,0x000000f029200000) (1024K)]
  0x0000021b2bed2f90 JavaThread "IdIndex Writer #0"          daemon [_thread_blocked, id=17756, stack(0x000000f029200000,0x000000f029300000) (1024K)]
  0x0000021b2bed3620 JavaThread "Trigram.Index Writer #1"    daemon [_thread_blocked, id=15216, stack(0x000000f029300000,0x000000f029400000) (1024K)]
  0x0000021b2bed49d0 JavaThread "Stubs Writer #2"            daemon [_thread_blocked, id=8396, stack(0x000000f029400000,0x000000f029500000) (1024K)]
  0x0000021b2bed1550 JavaThread "Aux Index Writer #1"        daemon [_thread_blocked, id=27512, stack(0x000000f029500000,0x000000f029600000) (1024K)]
  0x0000021bf4ea1f90 JavaThread "grpc-nio-worker-ELG-1-1"    daemon [_thread_in_native, id=28296, stack(0x000000f029700000,0x000000f029800000) (1024K)]
  0x0000021bf3e63660 JavaThread "grpc-nio-worker-ELG-1-2"    daemon [_thread_in_native, id=5596, stack(0x000000f029900000,0x000000f029a00000) (1024K)]
  0x0000021bf35bb060 JavaThread "eventLoopGroupProxy-1-1"    daemon [_thread_in_native, id=12888, stack(0x000000f019a00000,0x000000f019b00000) (1024K)]
  0x0000021bf35bde50 JavaThread "kotlinx.coroutines.DefaultExecutor" daemon [_thread_blocked, id=7520, stack(0x000000f01f600000,0x000000f01f700000) (1024K)]
  0x0000021bfa18f8b0 JavaThread "DefaultDispatcher-worker-4" daemon [_thread_blocked, id=7652, stack(0x000000f01ff00000,0x000000f020000000) (1024K)]
  0x0000021bf4b73c40 JavaThread "DefaultDispatcher-worker-6" daemon [_thread_blocked, id=29564, stack(0x000000f021600000,0x000000f021700000) (1024K)]
  0x0000021bf36767a0 JavaThread "DefaultDispatcher-worker-7" daemon [_thread_blocked, id=20080, stack(0x000000f021700000,0x000000f021800000) (1024K)]
  0x0000021bfa190c60 JavaThread "DefaultDispatcher-worker-9" daemon [_thread_blocked, id=28440, stack(0x000000f021900000,0x000000f021a00000) (1024K)]
  0x0000021bcaed0e60 JavaThread "eventLoopGroupProxy-3-1"    daemon [_thread_in_native, id=16816, stack(0x000000f021a00000,0x000000f021b00000) (1024K)]
  0x0000021bf4b72200 JavaThread "eventLoopGroupProxy-4-1"    daemon [_thread_in_native, id=28520, stack(0x000000f021b00000,0x000000f021c00000) (1024K)]
  0x0000021bfaf2d410 JavaThread "DefaultDispatcher-worker-10" daemon [_thread_blocked, id=3536, stack(0x000000f021c00000,0x000000f021d00000) (1024K)]
  0x0000021bf4689810 JavaThread "DefaultDispatcher-worker-11" daemon [_thread_blocked, id=4584, stack(0x000000f021d00000,0x000000f021e00000) (1024K)]
  0x0000021bf35bc410 JavaThread "DefaultDispatcher-worker-12" daemon [_thread_blocked, id=3908, stack(0x000000f021e00000,0x000000f021f00000) (1024K)]
  0x0000021bf4b742d0 JavaThread "DefaultDispatcher-worker-13" daemon [_thread_blocked, id=17352, stack(0x000000f022000000,0x000000f022100000) (1024K)]
  0x0000021bf4b763a0 JavaThread "DefaultDispatcher-worker-14" daemon [_thread_blocked, id=29492, stack(0x000000f022100000,0x000000f022200000) (1024K)]
  0x0000021b345d3480 JavaThread "DefaultDispatcher-worker-15" daemon [_thread_blocked, id=5128, stack(0x000000f022200000,0x000000f022300000) (1024K)]
  0x0000021bf3419170 JavaThread "DefaultDispatcher-worker-16" daemon [_thread_blocked, id=10848, stack(0x000000f019b00000,0x000000f019c00000) (1024K)]
  0x0000021bf3e63cf0 JavaThread "DefaultDispatcher-worker-17" daemon [_thread_blocked, id=25004, stack(0x000000f023200000,0x000000f023300000) (1024K)]
  0x0000021bf3e62940 JavaThread "DefaultDispatcher-worker-18" daemon [_thread_blocked, id=2592, stack(0x000000f023300000,0x000000f023400000) (1024K)]
  0x0000021bf3e62fd0 JavaThread "DefaultDispatcher-worker-5" daemon [_thread_blocked, id=26828, stack(0x000000f023500000,0x000000f023600000) (1024K)]
  0x0000021b348e20c0 JavaThread "DefaultDispatcher-worker-8" daemon [_thread_blocked, id=2652, stack(0x000000f023600000,0x000000f023700000) (1024K)]
  0x0000021bf3418450 JavaThread "DefaultDispatcher-worker-19" daemon [_thread_blocked, id=7992, stack(0x000000f019900000,0x000000f019a00000) (1024K)]
  0x0000021bf4d88ec0 JavaThread "DefaultDispatcher-worker-31" daemon [_thread_blocked, id=25512, stack(0x000000f01b100000,0x000000f01b200000) (1024K)]
  0x0000021bf3415cf0 JavaThread "DefaultDispatcher-worker-32" daemon [_thread_blocked, id=27692, stack(0x000000f01b300000,0x000000f01b400000) (1024K)]
  0x0000021bc8cb5870 JavaThread "ApplicationImpl pooled thread 41"        [_thread_blocked, id=28744, stack(0x000000f022b00000,0x000000f022c00000) (1024K)]
  0x0000021b2a531640 JavaThread "python.exe"                        [_thread_in_native, id=15864, stack(0x000000f01b500000,0x000000f01b600000) (1024K)]
  0x0000021b2a52fc00 JavaThread "BaseDataReader: error stream of python.exe"        [_thread_blocked, id=2260, stack(0x000000f01b600000,0x000000f01b700000) (1024K)]
  0x0000021b2a530290 JavaThread "BaseDataReader: output stream of python.exe"        [_thread_blocked, id=26476, stack(0x000000f01b700000,0x000000f01b800000) (1024K)]
  0x0000021beb951e60 JavaThread "Keep-Alive-Timer"           daemon [_thread_blocked, id=25500, stack(0x000000f01b800000,0x000000f01b900000) (1024K)]
Total: 130

Other Threads:
  0x0000021ab849d370 VMThread "VM Thread"                           [id=5760, stack(0x000000f01a400000,0x000000f01a500000) (1024K)]
  0x0000021ab848b2e0 WatcherThread "VM Periodic Task Thread"        [id=19160, stack(0x000000f01a300000,0x000000f01a400000) (1024K)]
  0x0000021a8fb470a0 WorkerThread "GC Thread#0"                     [id=14160, stack(0x000000f019e00000,0x000000f019f00000) (1024K)]
  0x0000021ab8e62ab0 WorkerThread "GC Thread#1"                     [id=26456, stack(0x000000f01ae00000,0x000000f01af00000) (1024K)]
  0x0000021ab8e62e50 WorkerThread "GC Thread#2"                     [id=20104, stack(0x000000f01af00000,0x000000f01b000000) (1024K)]
  0x0000021b222e0960 WorkerThread "GC Thread#3"                     [id=12624, stack(0x000000f01c400000,0x000000f01c500000) (1024K)]
  0x0000021b222e2660 WorkerThread "GC Thread#4"                     [id=15772, stack(0x000000f01c500000,0x000000f01c600000) (1024K)]
  0x0000021b222e2a00 WorkerThread "GC Thread#5"                     [id=27592, stack(0x000000f01c600000,0x000000f01c700000) (1024K)]
  0x0000021b222e0d00 WorkerThread "GC Thread#6"                     [id=13548, stack(0x000000f01c700000,0x000000f01c800000) (1024K)]
  0x0000021b222e1b80 WorkerThread "GC Thread#7"                     [id=3152, stack(0x000000f01c800000,0x000000f01c900000) (1024K)]
  0x0000021b222e2da0 WorkerThread "GC Thread#8"                     [id=25116, stack(0x000000f01c900000,0x000000f01ca00000) (1024K)]
  0x0000021b222df740 WorkerThread "GC Thread#9"                     [id=16260, stack(0x000000f01ca00000,0x000000f01cb00000) (1024K)]
  0x0000021b222e10a0 WorkerThread "GC Thread#10"                    [id=19880, stack(0x000000f01cb00000,0x000000f01cc00000) (1024K)]
  0x0000021b222e1440 WorkerThread "GC Thread#11"                    [id=4704, stack(0x000000f01cc00000,0x000000f01cd00000) (1024K)]
  0x0000021b22e150e0 WorkerThread "GC Thread#12"                    [id=1192, stack(0x000000f01d100000,0x000000f01d200000) (1024K)]
  0x0000021a8fb52090 ConcurrentGCThread "G1 Main Marker"            [id=23212, stack(0x000000f019f00000,0x000000f01a000000) (1024K)]
  0x0000021a8fb575e0 WorkerThread "G1 Conc#0"                       [id=24112, stack(0x000000f01a000000,0x000000f01a100000) (1024K)]
  0x0000021b22e15f60 WorkerThread "G1 Conc#1"                       [id=8364, stack(0x000000f01d200000,0x000000f01d300000) (1024K)]
  0x0000021b22e18740 WorkerThread "G1 Conc#2"                       [id=28760, stack(0x000000f01d300000,0x000000f01d400000) (1024K)]
  0x0000021ab834e760 ConcurrentGCThread "G1 Refine#0"               [id=14972, stack(0x000000f01a100000,0x000000f01a200000) (1024K)]
  0x0000021ab834ec80 ConcurrentGCThread "G1 Service"                [id=29256, stack(0x000000f01a200000,0x000000f01a300000) (1024K)]
Total: 21

Threads with active compile tasks:
C2 CompilerThread0  208373 73433       4       com.intellij.openapi.editor.impl.view.IterationState::<init> (496 bytes)
Total: 1

VM state: not at safepoint (normal execution)

VM Mutex/Monitor currently owned by a thread: None

Heap address: 0x00000000c0000000, size: 1024 MB, Compressed Oops mode: 32-bit

CDS archive(s) mapped at: [0x0000021ab9000000-0x0000021abac20000-0x0000021abac20000), size 29491200, SharedBaseAddress: 0x0000021ab9000000, ArchiveRelocationMode: 1.
Compressed class space mapped at: 0x0000021abb000000-0x0000021afb000000, reserved size: 1073741824
Narrow klass base: 0x0000021ab9000000, Narrow klass shift: 0, Narrow klass range: 0x100000000

GC Precious Log:
 CardTable entry size: 512
 Card Set container configuration: InlinePtr #cards 5 size 8 Array Of Cards #cards 12 size 40 Howl #buckets 4 coarsen threshold 1843 Howl Bitmap #cards 512 size 80 coarsen threshold 460 Card regions per heap region 1 cards per card region 2048
 CPUs: 16 total, 16 available
 Memory: 15613M
 Large Page Support: Disabled
 NUMA Support: Disabled
 Compressed Oops: Enabled (32-bit)
 Heap Region Size: 1M
 Heap Min Capacity: 128M
 Heap Initial Capacity: 128M
 Heap Max Capacity: 1G
 Pre-touch: Disabled
 Parallel Workers: 13
 Concurrent Workers: 3
 Concurrent Refinement Workers: 13
 Periodic GC: Disabled

Heap:
 garbage-first heap   total 1048576K, used 890223K [0x00000000c0000000, 0x0000000100000000)
  region size 1024K, 246 young (251904K), 24 survivors (24576K)
 Metaspace       used 408655K, committed 415552K, reserved 1441792K
  class space    used 50630K, committed 53568K, reserved 1048576K

Heap Regions: E=young(eden), S=young(survivor), O=old, HS=humongous(starts), HC=humongous(continues), CS=collection set, F=free, TAMS=top-at-mark-start, PB=parsable bottom
|   0|0x00000000c0000000, 0x00000000c00ffff8, 0x00000000c0100000| 99%| O|  |TAMS 0x00000000c0000000| PB 0x00000000c0000000| Untracked 
|   1|0x00000000c0100000, 0x00000000c0200000, 0x00000000c0200000|100%|HS|  |TAMS 0x00000000c0100000| PB 0x00000000c0100000| Complete 
|   2|0x00000000c0200000, 0x00000000c0300000, 0x00000000c0300000|100%|HC|  |TAMS 0x00000000c0200000| PB 0x00000000c0200000| Complete 
|   3|0x00000000c0300000, 0x00000000c0400000, 0x00000000c0400000|100%|HS|  |TAMS 0x00000000c0300000| PB 0x00000000c0300000| Complete 
|   4|0x00000000c0400000, 0x00000000c0500000, 0x00000000c0500000|100%|HC|  |TAMS 0x00000000c0400000| PB 0x00000000c0400000| Complete 
|   5|0x00000000c0500000, 0x00000000c0600000, 0x00000000c0600000|100%| O|  |TAMS 0x00000000c0500000| PB 0x00000000c0500000| Untracked 
|   6|0x00000000c0600000, 0x00000000c0700000, 0x00000000c0700000|100%| O|  |TAMS 0x00000000c0600000| PB 0x00000000c0600000| Untracked 
|   7|0x00000000c0700000, 0x00000000c07fffc0, 0x00000000c0800000| 99%| O|  |TAMS 0x00000000c0700000| PB 0x00000000c0700000| Untracked 
|   8|0x00000000c0800000, 0x00000000c0900000, 0x00000000c0900000|100%| O|  |TAMS 0x00000000c0800000| PB 0x00000000c0800000| Untracked 
|   9|0x00000000c0900000, 0x00000000c09ffff8, 0x00000000c0a00000| 99%| O|  |TAMS 0x00000000c0900000| PB 0x00000000c0900000| Untracked 
|  10|0x00000000c0a00000, 0x00000000c0b00000, 0x00000000c0b00000|100%| O|  |TAMS 0x00000000c0a00000| PB 0x00000000c0a00000| Untracked 
|  11|0x00000000c0b00000, 0x00000000c0bfb978, 0x00000000c0c00000| 98%| O|  |TAMS 0x00000000c0b00000| PB 0x00000000c0b00000| Untracked 
|  12|0x00000000c0c00000, 0x00000000c0cff598, 0x00000000c0d00000| 99%| O|  |TAMS 0x00000000c0c00000| PB 0x00000000c0c00000| Untracked 
|  13|0x00000000c0d00000, 0x00000000c0e00000, 0x00000000c0e00000|100%| O|  |TAMS 0x00000000c0d00000| PB 0x00000000c0d00000| Untracked 
|  14|0x00000000c0e00000, 0x00000000c0effff8, 0x00000000c0f00000| 99%| O|  |TAMS 0x00000000c0e00000| PB 0x00000000c0e00000| Untracked 
|  15|0x00000000c0f00000, 0x00000000c0fffff0, 0x00000000c1000000| 99%| O|  |TAMS 0x00000000c0f00000| PB 0x00000000c0f00000| Untracked 
|  16|0x00000000c1000000, 0x00000000c10ffff0, 0x00000000c1100000| 99%| O|  |TAMS 0x00000000c1000000| PB 0x00000000c1000000| Untracked 
|  17|0x00000000c1100000, 0x00000000c11fff70, 0x00000000c1200000| 99%| O|  |TAMS 0x00000000c1100000| PB 0x00000000c1100000| Untracked 
|  18|0x00000000c1200000, 0x00000000c1300000, 0x00000000c1300000|100%| O|  |TAMS 0x00000000c1200000| PB 0x00000000c1200000| Untracked 
|  19|0x00000000c1300000, 0x00000000c13ffff0, 0x00000000c1400000| 99%| O|  |TAMS 0x00000000c1300000| PB 0x00000000c1300000| Untracked 
|  20|0x00000000c1400000, 0x00000000c1500000, 0x00000000c1500000|100%| O|  |TAMS 0x00000000c1400000| PB 0x00000000c1400000| Untracked 
|  21|0x00000000c1500000, 0x00000000c15fffe8, 0x00000000c1600000| 99%| O|  |TAMS 0x00000000c1500000| PB 0x00000000c1500000| Untracked 
|  22|0x00000000c1600000, 0x00000000c1700000, 0x00000000c1700000|100%| O|  |TAMS 0x00000000c1600000| PB 0x00000000c1600000| Untracked 
|  23|0x00000000c1700000, 0x00000000c1800000, 0x00000000c1800000|100%| O|  |TAMS 0x00000000c1700000| PB 0x00000000c1700000| Untracked 
|  24|0x00000000c1800000, 0x00000000c1900000, 0x00000000c1900000|100%| O|  |TAMS 0x00000000c1800000| PB 0x00000000c1800000| Untracked 
|  25|0x00000000c1900000, 0x00000000c1a00000, 0x00000000c1a00000|100%| O|  |TAMS 0x00000000c1900000| PB 0x00000000c1900000| Untracked 
|  26|0x00000000c1a00000, 0x00000000c1b00000, 0x00000000c1b00000|100%| O|  |TAMS 0x00000000c1a00000| PB 0x00000000c1a00000| Untracked 
|  27|0x00000000c1b00000, 0x00000000c1bffff8, 0x00000000c1c00000| 99%| O|  |TAMS 0x00000000c1b00000| PB 0x00000000c1b00000| Untracked 
|  28|0x00000000c1c00000, 0x00000000c1d00000, 0x00000000c1d00000|100%| O|  |TAMS 0x00000000c1c00000| PB 0x00000000c1c00000| Untracked 
|  29|0x00000000c1d00000, 0x00000000c1dffff0, 0x00000000c1e00000| 99%| O|  |TAMS 0x00000000c1d00000| PB 0x00000000c1d00000| Untracked 
|  30|0x00000000c1e00000, 0x00000000c1efb390, 0x00000000c1f00000| 98%| O|  |TAMS 0x00000000c1e00000| PB 0x00000000c1e00000| Untracked 
|  31|0x00000000c1f00000, 0x00000000c2000000, 0x00000000c2000000|100%| O|  |TAMS 0x00000000c1f00000| PB 0x00000000c1f00000| Untracked 
|  32|0x00000000c2000000, 0x00000000c2100000, 0x00000000c2100000|100%| O|  |TAMS 0x00000000c2000000| PB 0x00000000c2000000| Untracked 
|  33|0x00000000c2100000, 0x00000000c2200000, 0x00000000c2200000|100%| O|  |TAMS 0x00000000c2100000| PB 0x00000000c2100000| Untracked 
|  34|0x00000000c2200000, 0x00000000c2300000, 0x00000000c2300000|100%| O|  |TAMS 0x00000000c2200000| PB 0x00000000c2200000| Untracked 
|  35|0x00000000c2300000, 0x00000000c23fffb0, 0x00000000c2400000| 99%| O|  |TAMS 0x00000000c2300000| PB 0x00000000c2300000| Untracked 
|  36|0x00000000c2400000, 0x00000000c24ffff0, 0x00000000c2500000| 99%| O|  |TAMS 0x00000000c2400000| PB 0x00000000c2400000| Untracked 
|  37|0x00000000c2500000, 0x00000000c25ffff0, 0x00000000c2600000| 99%| O|  |TAMS 0x00000000c2500000| PB 0x00000000c2500000| Untracked 
|  38|0x00000000c2600000, 0x00000000c26ffff0, 0x00000000c2700000| 99%| O|  |TAMS 0x00000000c2600000| PB 0x00000000c2600000| Untracked 
|  39|0x00000000c2700000, 0x00000000c27fffe8, 0x00000000c2800000| 99%| O|  |TAMS 0x00000000c2700000| PB 0x00000000c2700000| Untracked 
|  40|0x00000000c2800000, 0x00000000c2900000, 0x00000000c2900000|100%| O|  |TAMS 0x00000000c2800000| PB 0x00000000c2800000| Untracked 
|  41|0x00000000c2900000, 0x00000000c29fffd0, 0x00000000c2a00000| 99%| O|  |TAMS 0x00000000c2900000| PB 0x00000000c2900000| Untracked 
|  42|0x00000000c2a00000, 0x00000000c2b00000, 0x00000000c2b00000|100%| O|  |TAMS 0x00000000c2a00000| PB 0x00000000c2a00000| Untracked 
|  43|0x00000000c2b00000, 0x00000000c2c00000, 0x00000000c2c00000|100%| O|  |TAMS 0x00000000c2b00000| PB 0x00000000c2b00000| Untracked 
|  44|0x00000000c2c00000, 0x00000000c2cfffe8, 0x00000000c2d00000| 99%| O|  |TAMS 0x00000000c2c00000| PB 0x00000000c2c00000| Untracked 
|  45|0x00000000c2d00000, 0x00000000c2dfe380, 0x00000000c2e00000| 99%| O|  |TAMS 0x00000000c2d00000| PB 0x00000000c2d00000| Untracked 
|  46|0x00000000c2e00000, 0x00000000c2f00000, 0x00000000c2f00000|100%| O|  |TAMS 0x00000000c2e00000| PB 0x00000000c2e00000| Untracked 
|  47|0x00000000c2f00000, 0x00000000c3000000, 0x00000000c3000000|100%| O|  |TAMS 0x00000000c2f00000| PB 0x00000000c2f00000| Untracked 
|  48|0x00000000c3000000, 0x00000000c30ffff8, 0x00000000c3100000| 99%| O|  |TAMS 0x00000000c3000000| PB 0x00000000c3000000| Untracked 
|  49|0x00000000c3100000, 0x00000000c3200000, 0x00000000c3200000|100%| O|  |TAMS 0x00000000c3100000| PB 0x00000000c3100000| Untracked 
|  50|0x00000000c3200000, 0x00000000c32ff348, 0x00000000c3300000| 99%| O|  |TAMS 0x00000000c3200000| PB 0x00000000c3200000| Untracked 
|  51|0x00000000c3300000, 0x00000000c33ffff8, 0x00000000c3400000| 99%| O|  |TAMS 0x00000000c3300000| PB 0x00000000c3300000| Untracked 
|  52|0x00000000c3400000, 0x00000000c34fffe8, 0x00000000c3500000| 99%| O|  |TAMS 0x00000000c3400000| PB 0x00000000c3400000| Untracked 
|  53|0x00000000c3500000, 0x00000000c3600000, 0x00000000c3600000|100%|HS|  |TAMS 0x00000000c3500000| PB 0x00000000c3500000| Complete 
|  54|0x00000000c3600000, 0x00000000c36ffff8, 0x00000000c3700000| 99%| O|  |TAMS 0x00000000c3600000| PB 0x00000000c3600000| Untracked 
|  55|0x00000000c3700000, 0x00000000c3800000, 0x00000000c3800000|100%| O|  |TAMS 0x00000000c3700000| PB 0x00000000c3700000| Untracked 
|  56|0x00000000c3800000, 0x00000000c38fffe8, 0x00000000c3900000| 99%| O|  |TAMS 0x00000000c3800000| PB 0x00000000c3800000| Untracked 
|  57|0x00000000c3900000, 0x00000000c39ffff0, 0x00000000c3a00000| 99%| O|  |TAMS 0x00000000c3900000| PB 0x00000000c3900000| Untracked 
|  58|0x00000000c3a00000, 0x00000000c3afffb8, 0x00000000c3b00000| 99%| O|  |TAMS 0x00000000c3a00000| PB 0x00000000c3a00000| Untracked 
|  59|0x00000000c3b00000, 0x00000000c3bffff8, 0x00000000c3c00000| 99%| O|  |TAMS 0x00000000c3b00000| PB 0x00000000c3b00000| Untracked 
|  60|0x00000000c3c00000, 0x00000000c3cfffe8, 0x00000000c3d00000| 99%| O|  |TAMS 0x00000000c3c00000| PB 0x00000000c3c00000| Untracked 
|  61|0x00000000c3d00000, 0x00000000c3e00000, 0x00000000c3e00000|100%| O|  |TAMS 0x00000000c3d00000| PB 0x00000000c3d00000| Untracked 
|  62|0x00000000c3e00000, 0x00000000c3effff8, 0x00000000c3f00000| 99%| O|  |TAMS 0x00000000c3e00000| PB 0x00000000c3e00000| Untracked 
|  63|0x00000000c3f00000, 0x00000000c3ffc6a0, 0x00000000c4000000| 98%| O|  |TAMS 0x00000000c3f00000| PB 0x00000000c3f00000| Untracked 
|  64|0x00000000c4000000, 0x00000000c40ffff8, 0x00000000c4100000| 99%| O|  |TAMS 0x00000000c4000000| PB 0x00000000c4000000| Untracked 
|  65|0x00000000c4100000, 0x00000000c41ffff8, 0x00000000c4200000| 99%| O|  |TAMS 0x00000000c4100000| PB 0x00000000c4100000| Untracked 
|  66|0x00000000c4200000, 0x00000000c42fedf0, 0x00000000c4300000| 99%| O|  |TAMS 0x00000000c4200000| PB 0x00000000c4200000| Untracked 
|  67|0x00000000c4300000, 0x00000000c43fffe8, 0x00000000c4400000| 99%| O|  |TAMS 0x00000000c4300000| PB 0x00000000c4300000| Untracked 
|  68|0x00000000c4400000, 0x00000000c44fffe0, 0x00000000c4500000| 99%| O|  |TAMS 0x00000000c4400000| PB 0x00000000c4400000| Untracked 
|  69|0x00000000c4500000, 0x00000000c4600000, 0x00000000c4600000|100%| O|  |TAMS 0x00000000c4500000| PB 0x00000000c4500000| Untracked 
|  70|0x00000000c4600000, 0x00000000c4700000, 0x00000000c4700000|100%|HS|  |TAMS 0x00000000c4600000| PB 0x00000000c4600000| Complete 
|  71|0x00000000c4700000, 0x00000000c4800000, 0x00000000c4800000|100%| O|  |TAMS 0x00000000c4700000| PB 0x00000000c4700000| Untracked 
|  72|0x00000000c4800000, 0x00000000c48fffd0, 0x00000000c4900000| 99%| O|  |TAMS 0x00000000c4800000| PB 0x00000000c4800000| Untracked 
|  73|0x00000000c4900000, 0x00000000c49ffff8, 0x00000000c4a00000| 99%| O|  |TAMS 0x00000000c4900000| PB 0x00000000c4900000| Untracked 
|  74|0x00000000c4a00000, 0x00000000c4afffa8, 0x00000000c4b00000| 99%| O|  |TAMS 0x00000000c4a00000| PB 0x00000000c4a00000| Untracked 
|  75|0x00000000c4b00000, 0x00000000c4bfff90, 0x00000000c4c00000| 99%| O|  |TAMS 0x00000000c4b00000| PB 0x00000000c4b00000| Untracked 
|  76|0x00000000c4c00000, 0x00000000c4cfffe8, 0x00000000c4d00000| 99%| O|  |TAMS 0x00000000c4c00000| PB 0x00000000c4c00000| Untracked 
|  77|0x00000000c4d00000, 0x00000000c4e00000, 0x00000000c4e00000|100%|HS|  |TAMS 0x00000000c4d00000| PB 0x00000000c4d00000| Complete 
|  78|0x00000000c4e00000, 0x00000000c4effff8, 0x00000000c4f00000| 99%| O|  |TAMS 0x00000000c4e00000| PB 0x00000000c4e00000| Untracked 
|  79|0x00000000c4f00000, 0x00000000c4ffffc8, 0x00000000c5000000| 99%| O|  |TAMS 0x00000000c4f00000| PB 0x00000000c4f00000| Untracked 
|  80|0x00000000c5000000, 0x00000000c50fffb0, 0x00000000c5100000| 99%| O|  |TAMS 0x00000000c5000000| PB 0x00000000c5000000| Untracked 
|  81|0x00000000c5100000, 0x00000000c51fffe8, 0x00000000c5200000| 99%| O|  |TAMS 0x00000000c5100000| PB 0x00000000c5100000| Untracked 
|  82|0x00000000c5200000, 0x00000000c52ffff0, 0x00000000c5300000| 99%| O|  |TAMS 0x00000000c5200000| PB 0x00000000c5200000| Untracked 
|  83|0x00000000c5300000, 0x00000000c53ffff8, 0x00000000c5400000| 99%| O|  |TAMS 0x00000000c5300000| PB 0x00000000c5300000| Untracked 
|  84|0x00000000c5400000, 0x00000000c54ffff0, 0x00000000c5500000| 99%| O|  |TAMS 0x00000000c5400000| PB 0x00000000c5400000| Untracked 
|  85|0x00000000c5500000, 0x00000000c5600000, 0x00000000c5600000|100%| O|  |TAMS 0x00000000c5500000| PB 0x00000000c5500000| Untracked 
|  86|0x00000000c5600000, 0x00000000c56fffc0, 0x00000000c5700000| 99%| O|  |TAMS 0x00000000c5600000| PB 0x00000000c5600000| Untracked 
|  87|0x00000000c5700000, 0x00000000c57fffd8, 0x00000000c5800000| 99%| O|  |TAMS 0x00000000c5700000| PB 0x00000000c5700000| Untracked 
|  88|0x00000000c5800000, 0x00000000c58fff78, 0x00000000c5900000| 99%| O|  |TAMS 0x00000000c5800000| PB 0x00000000c5800000| Untracked 
|  89|0x00000000c5900000, 0x00000000c59fffe8, 0x00000000c5a00000| 99%| O|  |TAMS 0x00000000c5900000| PB 0x00000000c5900000| Untracked 
|  90|0x00000000c5a00000, 0x00000000c5affff8, 0x00000000c5b00000| 99%| O|  |TAMS 0x00000000c5a00000| PB 0x00000000c5a00000| Untracked 
|  91|0x00000000c5b00000, 0x00000000c5c00000, 0x00000000c5c00000|100%| O|  |TAMS 0x00000000c5b00000| PB 0x00000000c5b00000| Untracked 
|  92|0x00000000c5c00000, 0x00000000c5d00000, 0x00000000c5d00000|100%| O|  |TAMS 0x00000000c5c00000| PB 0x00000000c5c00000| Untracked 
|  93|0x00000000c5d00000, 0x00000000c5e00000, 0x00000000c5e00000|100%| O|  |TAMS 0x00000000c5d00000| PB 0x00000000c5d00000| Untracked 
|  94|0x00000000c5e00000, 0x00000000c5f00000, 0x00000000c5f00000|100%|HS|  |TAMS 0x00000000c5e00000| PB 0x00000000c5e00000| Complete 
|  95|0x00000000c5f00000, 0x00000000c6000000, 0x00000000c6000000|100%|HC|  |TAMS 0x00000000c5f00000| PB 0x00000000c5f00000| Complete 
|  96|0x00000000c6000000, 0x00000000c6100000, 0x00000000c6100000|100%|HC|  |TAMS 0x00000000c6000000| PB 0x00000000c6000000| Complete 
|  97|0x00000000c6100000, 0x00000000c6200000, 0x00000000c6200000|100%|HC|  |TAMS 0x00000000c6100000| PB 0x00000000c6100000| Complete 
|  98|0x00000000c6200000, 0x00000000c6300000, 0x00000000c6300000|100%|HC|  |TAMS 0x00000000c6200000| PB 0x00000000c6200000| Complete 
|  99|0x00000000c6300000, 0x00000000c6400000, 0x00000000c6400000|100%|HS|  |TAMS 0x00000000c6300000| PB 0x00000000c6300000| Untracked 
| 100|0x00000000c6400000, 0x00000000c64ffff8, 0x00000000c6500000| 99%| O|  |TAMS 0x00000000c6400000| PB 0x00000000c6400000| Untracked 
| 101|0x00000000c6500000, 0x00000000c65f8ee0, 0x00000000c6600000| 97%| O|  |TAMS 0x00000000c6500000| PB 0x00000000c6500000| Untracked 
| 102|0x00000000c6600000, 0x00000000c66ffff0, 0x00000000c6700000| 99%| O|  |TAMS 0x00000000c6600000| PB 0x00000000c6600000| Untracked 
| 103|0x00000000c6700000, 0x00000000c67fff30, 0x00000000c6800000| 99%| O|  |TAMS 0x00000000c6700000| PB 0x00000000c6700000| Untracked 
| 104|0x00000000c6800000, 0x00000000c68fff98, 0x00000000c6900000| 99%| O|  |TAMS 0x00000000c6800000| PB 0x00000000c6800000| Untracked 
| 105|0x00000000c6900000, 0x00000000c69fffa8, 0x00000000c6a00000| 99%| O|  |TAMS 0x00000000c6900000| PB 0x00000000c6900000| Untracked 
| 106|0x00000000c6a00000, 0x00000000c6afffe8, 0x00000000c6b00000| 99%| O|  |TAMS 0x00000000c6a00000| PB 0x00000000c6a00000| Untracked 
| 107|0x00000000c6b00000, 0x00000000c6bff9f0, 0x00000000c6c00000| 99%| O|  |TAMS 0x00000000c6b00000| PB 0x00000000c6b00000| Untracked 
| 108|0x00000000c6c00000, 0x00000000c6cffff0, 0x00000000c6d00000| 99%| O|  |TAMS 0x00000000c6c00000| PB 0x00000000c6c00000| Untracked 
| 109|0x00000000c6d00000, 0x00000000c6e00000, 0x00000000c6e00000|100%| O|  |TAMS 0x00000000c6d00000| PB 0x00000000c6d00000| Untracked 
| 110|0x00000000c6e00000, 0x00000000c6efffd0, 0x00000000c6f00000| 99%| O|  |TAMS 0x00000000c6e00000| PB 0x00000000c6e00000| Untracked 
| 111|0x00000000c6f00000, 0x00000000c6fffff0, 0x00000000c7000000| 99%| O|  |TAMS 0x00000000c6f00000| PB 0x00000000c6f00000| Untracked 
| 112|0x00000000c7000000, 0x00000000c70fffc8, 0x00000000c7100000| 99%| O|  |TAMS 0x00000000c7000000| PB 0x00000000c7000000| Untracked 
| 113|0x00000000c7100000, 0x00000000c71ffff8, 0x00000000c7200000| 99%| O|  |TAMS 0x00000000c7100000| PB 0x00000000c7100000| Untracked 
| 114|0x00000000c7200000, 0x00000000c72fffb8, 0x00000000c7300000| 99%| O|  |TAMS 0x00000000c7200000| PB 0x00000000c7200000| Untracked 
| 115|0x00000000c7300000, 0x00000000c73fffd8, 0x00000000c7400000| 99%| O|  |TAMS 0x00000000c7300000| PB 0x00000000c7300000| Untracked 
| 116|0x00000000c7400000, 0x00000000c74fef28, 0x00000000c7500000| 99%| O|  |TAMS 0x00000000c7400000| PB 0x00000000c7400000| Untracked 
| 117|0x00000000c7500000, 0x00000000c75ffff8, 0x00000000c7600000| 99%| O|  |TAMS 0x00000000c7500000| PB 0x00000000c7500000| Untracked 
| 118|0x00000000c7600000, 0x00000000c7700000, 0x00000000c7700000|100%| O|  |TAMS 0x00000000c7600000| PB 0x00000000c7600000| Untracked 
| 119|0x00000000c7700000, 0x00000000c77ffff0, 0x00000000c7800000| 99%| O|  |TAMS 0x00000000c7700000| PB 0x00000000c7700000| Untracked 
| 120|0x00000000c7800000, 0x00000000c78ffff0, 0x00000000c7900000| 99%| O|  |TAMS 0x00000000c7800000| PB 0x00000000c7800000| Untracked 
| 121|0x00000000c7900000, 0x00000000c79fffe8, 0x00000000c7a00000| 99%| O|  |TAMS 0x00000000c7900000| PB 0x00000000c7900000| Untracked 
| 122|0x00000000c7a00000, 0x00000000c7b00000, 0x00000000c7b00000|100%| O|  |TAMS 0x00000000c7a00000| PB 0x00000000c7a00000| Untracked 
| 123|0x00000000c7b00000, 0x00000000c7bfffe0, 0x00000000c7c00000| 99%| O|  |TAMS 0x00000000c7b00000| PB 0x00000000c7b00000| Untracked 
| 124|0x00000000c7c00000, 0x00000000c7cfffe8, 0x00000000c7d00000| 99%| O|  |TAMS 0x00000000c7c00000| PB 0x00000000c7c00000| Untracked 
| 125|0x00000000c7d00000, 0x00000000c7e00000, 0x00000000c7e00000|100%| O|  |TAMS 0x00000000c7d00000| PB 0x00000000c7d00000| Untracked 
| 126|0x00000000c7e00000, 0x00000000c7f00000, 0x00000000c7f00000|100%| O|  |TAMS 0x00000000c7e00000| PB 0x00000000c7e00000| Untracked 
| 127|0x00000000c7f00000, 0x00000000c7fffff0, 0x00000000c8000000| 99%| O|  |TAMS 0x00000000c7f00000| PB 0x00000000c7f00000| Untracked 
| 128|0x00000000c8000000, 0x00000000c80fffd0, 0x00000000c8100000| 99%| O|  |TAMS 0x00000000c8000000| PB 0x00000000c8000000| Untracked 
| 129|0x00000000c8100000, 0x00000000c81ffff0, 0x00000000c8200000| 99%| O|  |TAMS 0x00000000c8100000| PB 0x00000000c8100000| Untracked 
| 130|0x00000000c8200000, 0x00000000c82fff78, 0x00000000c8300000| 99%| O|  |TAMS 0x00000000c8200000| PB 0x00000000c8200000| Untracked 
| 131|0x00000000c8300000, 0x00000000c8400000, 0x00000000c8400000|100%| O|  |TAMS 0x00000000c8300000| PB 0x00000000c8300000| Untracked 
| 132|0x00000000c8400000, 0x00000000c84fb620, 0x00000000c8500000| 98%| O|  |TAMS 0x00000000c8400000| PB 0x00000000c8400000| Untracked 
| 133|0x00000000c8500000, 0x00000000c8600000, 0x00000000c8600000|100%| O|  |TAMS 0x00000000c8500000| PB 0x00000000c8500000| Untracked 
| 134|0x00000000c8600000, 0x00000000c8700000, 0x00000000c8700000|100%| O|  |TAMS 0x00000000c8600000| PB 0x00000000c8600000| Untracked 
| 135|0x00000000c8700000, 0x00000000c87fffe8, 0x00000000c8800000| 99%| O|  |TAMS 0x00000000c8700000| PB 0x00000000c8700000| Untracked 
| 136|0x00000000c8800000, 0x00000000c88ffff0, 0x00000000c8900000| 99%| O|  |TAMS 0x00000000c8800000| PB 0x00000000c8800000| Untracked 
| 137|0x00000000c8900000, 0x00000000c89ffff8, 0x00000000c8a00000| 99%| O|  |TAMS 0x00000000c8900000| PB 0x00000000c8900000| Untracked 
| 138|0x00000000c8a00000, 0x00000000c8b00000, 0x00000000c8b00000|100%| O|  |TAMS 0x00000000c8a00000| PB 0x00000000c8a00000| Untracked 
| 139|0x00000000c8b00000, 0x00000000c8c00000, 0x00000000c8c00000|100%| O|  |TAMS 0x00000000c8b00000| PB 0x00000000c8b00000| Untracked 
| 140|0x00000000c8c00000, 0x00000000c8cffff0, 0x00000000c8d00000| 99%| O|  |TAMS 0x00000000c8c00000| PB 0x00000000c8c00000| Untracked 
| 141|0x00000000c8d00000, 0x00000000c8dffff8, 0x00000000c8e00000| 99%| O|  |TAMS 0x00000000c8d00000| PB 0x00000000c8d00000| Untracked 
| 142|0x00000000c8e00000, 0x00000000c8efff78, 0x00000000c8f00000| 99%| O|  |TAMS 0x00000000c8e00000| PB 0x00000000c8e00000| Untracked 
| 143|0x00000000c8f00000, 0x00000000c8ffffe8, 0x00000000c9000000| 99%| O|  |TAMS 0x00000000c8f00000| PB 0x00000000c8f00000| Untracked 
| 144|0x00000000c9000000, 0x00000000c9100000, 0x00000000c9100000|100%| O|  |TAMS 0x00000000c9000000| PB 0x00000000c9000000| Untracked 
| 145|0x00000000c9100000, 0x00000000c91ffff8, 0x00000000c9200000| 99%| O|  |TAMS 0x00000000c9100000| PB 0x00000000c9100000| Untracked 
| 146|0x00000000c9200000, 0x00000000c92ffff8, 0x00000000c9300000| 99%| O|  |TAMS 0x00000000c9200000| PB 0x00000000c9200000| Untracked 
| 147|0x00000000c9300000, 0x00000000c93ffff8, 0x00000000c9400000| 99%| O|  |TAMS 0x00000000c9300000| PB 0x00000000c9300000| Untracked 
| 148|0x00000000c9400000, 0x00000000c9500000, 0x00000000c9500000|100%| O|  |TAMS 0x00000000c9400000| PB 0x00000000c9400000| Untracked 
| 149|0x00000000c9500000, 0x00000000c95fb840, 0x00000000c9600000| 98%| O|  |TAMS 0x00000000c9500000| PB 0x00000000c9500000| Untracked 
| 150|0x00000000c9600000, 0x00000000c9700000, 0x00000000c9700000|100%| O|  |TAMS 0x00000000c9600000| PB 0x00000000c9600000| Untracked 
| 151|0x00000000c9700000, 0x00000000c97fffd8, 0x00000000c9800000| 99%| O|  |TAMS 0x00000000c9700000| PB 0x00000000c9700000| Untracked 
| 152|0x00000000c9800000, 0x00000000c98ffff8, 0x00000000c9900000| 99%| O|  |TAMS 0x00000000c9800000| PB 0x00000000c9800000| Untracked 
| 153|0x00000000c9900000, 0x00000000c99fffe0, 0x00000000c9a00000| 99%| O|  |TAMS 0x00000000c9900000| PB 0x00000000c9900000| Untracked 
| 154|0x00000000c9a00000, 0x00000000c9afffe0, 0x00000000c9b00000| 99%| O|  |TAMS 0x00000000c9a00000| PB 0x00000000c9a00000| Untracked 
| 155|0x00000000c9b00000, 0x00000000c9bfffe8, 0x00000000c9c00000| 99%| O|  |TAMS 0x00000000c9b00000| PB 0x00000000c9b00000| Untracked 
| 156|0x00000000c9c00000, 0x00000000c9cffff0, 0x00000000c9d00000| 99%| O|  |TAMS 0x00000000c9c00000| PB 0x00000000c9c00000| Untracked 
| 157|0x00000000c9d00000, 0x00000000c9dffff0, 0x00000000c9e00000| 99%| O|  |TAMS 0x00000000c9d00000| PB 0x00000000c9d00000| Untracked 
| 158|0x00000000c9e00000, 0x00000000c9efffd8, 0x00000000c9f00000| 99%| O|  |TAMS 0x00000000c9e00000| PB 0x00000000c9e00000| Untracked 
| 159|0x00000000c9f00000, 0x00000000c9fffff8, 0x00000000ca000000| 99%| O|  |TAMS 0x00000000c9f00000| PB 0x00000000c9f00000| Untracked 
| 160|0x00000000ca000000, 0x00000000ca0fff48, 0x00000000ca100000| 99%| O|  |TAMS 0x00000000ca000000| PB 0x00000000ca000000| Untracked 
| 161|0x00000000ca100000, 0x00000000ca200000, 0x00000000ca200000|100%| O|  |TAMS 0x00000000ca100000| PB 0x00000000ca100000| Untracked 
| 162|0x00000000ca200000, 0x00000000ca2ffff8, 0x00000000ca300000| 99%| O|  |TAMS 0x00000000ca200000| PB 0x00000000ca200000| Untracked 
| 163|0x00000000ca300000, 0x00000000ca3fffe8, 0x00000000ca400000| 99%| O|  |TAMS 0x00000000ca300000| PB 0x00000000ca300000| Untracked 
| 164|0x00000000ca400000, 0x00000000ca4ffff0, 0x00000000ca500000| 99%| O|  |TAMS 0x00000000ca400000| PB 0x00000000ca400000| Untracked 
| 165|0x00000000ca500000, 0x00000000ca600000, 0x00000000ca600000|100%| O|  |TAMS 0x00000000ca500000| PB 0x00000000ca500000| Untracked 
| 166|0x00000000ca600000, 0x00000000ca700000, 0x00000000ca700000|100%| O|  |TAMS 0x00000000ca600000| PB 0x00000000ca600000| Untracked 
| 167|0x00000000ca700000, 0x00000000ca7fffe8, 0x00000000ca800000| 99%| O|  |TAMS 0x00000000ca700000| PB 0x00000000ca700000| Untracked 
| 168|0x00000000ca800000, 0x00000000ca8ffff0, 0x00000000ca900000| 99%| O|  |TAMS 0x00000000ca800000| PB 0x00000000ca800000| Untracked 
| 169|0x00000000ca900000, 0x00000000ca9fffa8, 0x00000000caa00000| 99%| O|  |TAMS 0x00000000ca900000| PB 0x00000000ca900000| Untracked 
| 170|0x00000000caa00000, 0x00000000caafffb0, 0x00000000cab00000| 99%| O|  |TAMS 0x00000000caa00000| PB 0x00000000caa00000| Untracked 
| 171|0x00000000cab00000, 0x00000000cac00000, 0x00000000cac00000|100%| O|  |TAMS 0x00000000cab00000| PB 0x00000000cab00000| Untracked 
| 172|0x00000000cac00000, 0x00000000cacffff0, 0x00000000cad00000| 99%| O|  |TAMS 0x00000000cac00000| PB 0x00000000cac00000| Untracked 
| 173|0x00000000cad00000, 0x00000000cae00000, 0x00000000cae00000|100%| O|  |TAMS 0x00000000cad00000| PB 0x00000000cad00000| Untracked 
| 174|0x00000000cae00000, 0x00000000caefffd0, 0x00000000caf00000| 99%| O|  |TAMS 0x00000000cae00000| PB 0x00000000cae00000| Untracked 
| 175|0x00000000caf00000, 0x00000000caffffd8, 0x00000000cb000000| 99%| O|  |TAMS 0x00000000caf00000| PB 0x00000000caf00000| Untracked 
| 176|0x00000000cb000000, 0x00000000cb0fffe8, 0x00000000cb100000| 99%| O|  |TAMS 0x00000000cb000000| PB 0x00000000cb000000| Untracked 
| 177|0x00000000cb100000, 0x00000000cb1ffff8, 0x00000000cb200000| 99%| O|  |TAMS 0x00000000cb100000| PB 0x00000000cb100000| Untracked 
| 178|0x00000000cb200000, 0x00000000cb300000, 0x00000000cb300000|100%| O|  |TAMS 0x00000000cb200000| PB 0x00000000cb200000| Untracked 
| 179|0x00000000cb300000, 0x00000000cb400000, 0x00000000cb400000|100%| O|  |TAMS 0x00000000cb300000| PB 0x00000000cb300000| Untracked 
| 180|0x00000000cb400000, 0x00000000cb4fffe8, 0x00000000cb500000| 99%| O|  |TAMS 0x00000000cb400000| PB 0x00000000cb400000| Untracked 
| 181|0x00000000cb500000, 0x00000000cb5ffff0, 0x00000000cb600000| 99%| O|  |TAMS 0x00000000cb500000| PB 0x00000000cb500000| Untracked 
| 182|0x00000000cb600000, 0x00000000cb6ffff0, 0x00000000cb700000| 99%| O|  |TAMS 0x00000000cb600000| PB 0x00000000cb600000| Untracked 
| 183|0x00000000cb700000, 0x00000000cb7fffe8, 0x00000000cb800000| 99%| O|  |TAMS 0x00000000cb700000| PB 0x00000000cb700000| Untracked 
| 184|0x00000000cb800000, 0x00000000cb8ffff0, 0x00000000cb900000| 99%| O|  |TAMS 0x00000000cb800000| PB 0x00000000cb800000| Untracked 
| 185|0x00000000cb900000, 0x00000000cb9ffff8, 0x00000000cba00000| 99%| O|  |TAMS 0x00000000cb900000| PB 0x00000000cb900000| Untracked 
| 186|0x00000000cba00000, 0x00000000cbafffe8, 0x00000000cbb00000| 99%| O|  |TAMS 0x00000000cba00000| PB 0x00000000cba00000| Untracked 
| 187|0x00000000cbb00000, 0x00000000cbbfffe8, 0x00000000cbc00000| 99%| O|  |TAMS 0x00000000cbb00000| PB 0x00000000cbb00000| Untracked 
| 188|0x00000000cbc00000, 0x00000000cbcffff8, 0x00000000cbd00000| 99%| O|  |TAMS 0x00000000cbc00000| PB 0x00000000cbc00000| Untracked 
| 189|0x00000000cbd00000, 0x00000000cbdffff8, 0x00000000cbe00000| 99%| O|  |TAMS 0x00000000cbd00000| PB 0x00000000cbd00000| Untracked 
| 190|0x00000000cbe00000, 0x00000000cbeffff0, 0x00000000cbf00000| 99%| O|  |TAMS 0x00000000cbe00000| PB 0x00000000cbe00000| Untracked 
| 191|0x00000000cbf00000, 0x00000000cbff4bf8, 0x00000000cc000000| 95%| O|  |TAMS 0x00000000cbf00000| PB 0x00000000cbf00000| Untracked 
| 192|0x00000000cc000000, 0x00000000cc0fffd8, 0x00000000cc100000| 99%| O|  |TAMS 0x00000000cc000000| PB 0x00000000cc000000| Untracked 
| 193|0x00000000cc100000, 0x00000000cc200000, 0x00000000cc200000|100%| O|  |TAMS 0x00000000cc100000| PB 0x00000000cc100000| Untracked 
| 194|0x00000000cc200000, 0x00000000cc300000, 0x00000000cc300000|100%| O|  |TAMS 0x00000000cc200000| PB 0x00000000cc200000| Untracked 
| 195|0x00000000cc300000, 0x00000000cc3f8ff8, 0x00000000cc400000| 97%| O|  |TAMS 0x00000000cc300000| PB 0x00000000cc300000| Untracked 
| 196|0x00000000cc400000, 0x00000000cc4ffff8, 0x00000000cc500000| 99%| O|  |TAMS 0x00000000cc400000| PB 0x00000000cc400000| Untracked 
| 197|0x00000000cc500000, 0x00000000cc5fffd8, 0x00000000cc600000| 99%| O|  |TAMS 0x00000000cc500000| PB 0x00000000cc500000| Untracked 
| 198|0x00000000cc600000, 0x00000000cc6fffe8, 0x00000000cc700000| 99%| O|  |TAMS 0x00000000cc600000| PB 0x00000000cc600000| Untracked 
| 199|0x00000000cc700000, 0x00000000cc7fffe8, 0x00000000cc800000| 99%| O|  |TAMS 0x00000000cc700000| PB 0x00000000cc700000| Untracked 
| 200|0x00000000cc800000, 0x00000000cc8ffff0, 0x00000000cc900000| 99%| O|  |TAMS 0x00000000cc800000| PB 0x00000000cc800000| Untracked 
| 201|0x00000000cc900000, 0x00000000cc9ff890, 0x00000000cca00000| 99%| O|  |TAMS 0x00000000cc900000| PB 0x00000000cc900000| Untracked 
| 202|0x00000000cca00000, 0x00000000ccafffe8, 0x00000000ccb00000| 99%| O|  |TAMS 0x00000000cca00000| PB 0x00000000cca00000| Untracked 
| 203|0x00000000ccb00000, 0x00000000ccbffff8, 0x00000000ccc00000| 99%| O|  |TAMS 0x00000000ccb00000| PB 0x00000000ccb00000| Untracked 
| 204|0x00000000ccc00000, 0x00000000cccfffe8, 0x00000000ccd00000| 99%| O|  |TAMS 0x00000000ccc00000| PB 0x00000000ccc00000| Untracked 
| 205|0x00000000ccd00000, 0x00000000ccdfffe0, 0x00000000cce00000| 99%| O|  |TAMS 0x00000000ccd00000| PB 0x00000000ccd00000| Untracked 
| 206|0x00000000cce00000, 0x00000000ccefffa8, 0x00000000ccf00000| 99%| O|  |TAMS 0x00000000cce00000| PB 0x00000000cce00000| Untracked 
| 207|0x00000000ccf00000, 0x00000000cd000000, 0x00000000cd000000|100%| O|  |TAMS 0x00000000ccf00000| PB 0x00000000ccf00000| Untracked 
| 208|0x00000000cd000000, 0x00000000cd0ffff8, 0x00000000cd100000| 99%| O|  |TAMS 0x00000000cd000000| PB 0x00000000cd000000| Untracked 
| 209|0x00000000cd100000, 0x00000000cd1fffe0, 0x00000000cd200000| 99%| O|  |TAMS 0x00000000cd100000| PB 0x00000000cd100000| Untracked 
| 210|0x00000000cd200000, 0x00000000cd300000, 0x00000000cd300000|100%|HS|  |TAMS 0x00000000cd200000| PB 0x00000000cd200000| Complete 
| 211|0x00000000cd300000, 0x00000000cd400000, 0x00000000cd400000|100%|HC|  |TAMS 0x00000000cd300000| PB 0x00000000cd300000| Complete 
| 212|0x00000000cd400000, 0x00000000cd500000, 0x00000000cd500000|100%|HC|  |TAMS 0x00000000cd400000| PB 0x00000000cd400000| Complete 
| 213|0x00000000cd500000, 0x00000000cd600000, 0x00000000cd600000|100%|HC|  |TAMS 0x00000000cd500000| PB 0x00000000cd500000| Complete 
| 214|0x00000000cd600000, 0x00000000cd6fffe8, 0x00000000cd700000| 99%| O|  |TAMS 0x00000000cd600000| PB 0x00000000cd600000| Untracked 
| 215|0x00000000cd700000, 0x00000000cd7fffb0, 0x00000000cd800000| 99%| O|  |TAMS 0x00000000cd700000| PB 0x00000000cd700000| Untracked 
| 216|0x00000000cd800000, 0x00000000cd8ffff0, 0x00000000cd900000| 99%| O|  |TAMS 0x00000000cd800000| PB 0x00000000cd800000| Untracked 
| 217|0x00000000cd900000, 0x00000000cda00000, 0x00000000cda00000|100%| O|  |TAMS 0x00000000cd900000| PB 0x00000000cd900000| Untracked 
| 218|0x00000000cda00000, 0x00000000cdaffe10, 0x00000000cdb00000| 99%| O|  |TAMS 0x00000000cda00000| PB 0x00000000cda00000| Untracked 
| 219|0x00000000cdb00000, 0x00000000cdc00000, 0x00000000cdc00000|100%| O|  |TAMS 0x00000000cdb00000| PB 0x00000000cdb00000| Untracked 
| 220|0x00000000cdc00000, 0x00000000cdcfffe0, 0x00000000cdd00000| 99%| O|  |TAMS 0x00000000cdc00000| PB 0x00000000cdc00000| Untracked 
| 221|0x00000000cdd00000, 0x00000000cddfffd0, 0x00000000cde00000| 99%| O|  |TAMS 0x00000000cdd00000| PB 0x00000000cdd00000| Untracked 
| 222|0x00000000cde00000, 0x00000000cdf00000, 0x00000000cdf00000|100%|HS|  |TAMS 0x00000000cde00000| PB 0x00000000cde00000| Complete 
| 223|0x00000000cdf00000, 0x00000000ce000000, 0x00000000ce000000|100%|HC|  |TAMS 0x00000000cdf00000| PB 0x00000000cdf00000| Complete 
| 224|0x00000000ce000000, 0x00000000ce100000, 0x00000000ce100000|100%|HS|  |TAMS 0x00000000ce000000| PB 0x00000000ce000000| Complete 
| 225|0x00000000ce100000, 0x00000000ce200000, 0x00000000ce200000|100%|HC|  |TAMS 0x00000000ce100000| PB 0x00000000ce100000| Complete 
| 226|0x00000000ce200000, 0x00000000ce300000, 0x00000000ce300000|100%| O|  |TAMS 0x00000000ce200000| PB 0x00000000ce200000| Untracked 
| 227|0x00000000ce300000, 0x00000000ce3ffff0, 0x00000000ce400000| 99%| O|  |TAMS 0x00000000ce300000| PB 0x00000000ce300000| Untracked 
| 228|0x00000000ce400000, 0x00000000ce4ffff8, 0x00000000ce500000| 99%| O|  |TAMS 0x00000000ce400000| PB 0x00000000ce400000| Untracked 
| 229|0x00000000ce500000, 0x00000000ce600000, 0x00000000ce600000|100%| O|  |TAMS 0x00000000ce500000| PB 0x00000000ce500000| Untracked 
| 230|0x00000000ce600000, 0x00000000ce6ffff8, 0x00000000ce700000| 99%| O|  |TAMS 0x00000000ce600000| PB 0x00000000ce600000| Untracked 
| 231|0x00000000ce700000, 0x00000000ce800000, 0x00000000ce800000|100%|HS|  |TAMS 0x00000000ce700000| PB 0x00000000ce700000| Complete 
| 232|0x00000000ce800000, 0x00000000ce900000, 0x00000000ce900000|100%|HC|  |TAMS 0x00000000ce800000| PB 0x00000000ce800000| Complete 
| 233|0x00000000ce900000, 0x00000000cea00000, 0x00000000cea00000|100%|HC|  |TAMS 0x00000000ce900000| PB 0x00000000ce900000| Complete 
| 234|0x00000000cea00000, 0x00000000ceb00000, 0x00000000ceb00000|100%|HC|  |TAMS 0x00000000cea00000| PB 0x00000000cea00000| Complete 
| 235|0x00000000ceb00000, 0x00000000cec00000, 0x00000000cec00000|100%|HC|  |TAMS 0x00000000ceb00000| PB 0x00000000ceb00000| Complete 
| 236|0x00000000cec00000, 0x00000000ced00000, 0x00000000ced00000|100%|HC|  |TAMS 0x00000000cec00000| PB 0x00000000cec00000| Complete 
| 237|0x00000000ced00000, 0x00000000cee00000, 0x00000000cee00000|100%|HC|  |TAMS 0x00000000ced00000| PB 0x00000000ced00000| Complete 
| 238|0x00000000cee00000, 0x00000000cef00000, 0x00000000cef00000|100%|HC|  |TAMS 0x00000000cee00000| PB 0x00000000cee00000| Complete 
| 239|0x00000000cef00000, 0x00000000ceffffe8, 0x00000000cf000000| 99%| O|  |TAMS 0x00000000cef00000| PB 0x00000000cef00000| Untracked 
| 240|0x00000000cf000000, 0x00000000cf0fffd8, 0x00000000cf100000| 99%| O|  |TAMS 0x00000000cf000000| PB 0x00000000cf000000| Untracked 
| 241|0x00000000cf100000, 0x00000000cf200000, 0x00000000cf200000|100%| O|  |TAMS 0x00000000cf100000| PB 0x00000000cf100000| Untracked 
| 242|0x00000000cf200000, 0x00000000cf2fffe8, 0x00000000cf300000| 99%| O|  |TAMS 0x00000000cf200000| PB 0x00000000cf200000| Untracked 
| 243|0x00000000cf300000, 0x00000000cf400000, 0x00000000cf400000|100%| O|  |TAMS 0x00000000cf300000| PB 0x00000000cf300000| Untracked 
| 244|0x00000000cf400000, 0x00000000cf4fee98, 0x00000000cf500000| 99%| O|  |TAMS 0x00000000cf400000| PB 0x00000000cf400000| Untracked 
| 245|0x00000000cf500000, 0x00000000cf5ffff8, 0x00000000cf600000| 99%| O|  |TAMS 0x00000000cf500000| PB 0x00000000cf500000| Untracked 
| 246|0x00000000cf600000, 0x00000000cf700000, 0x00000000cf700000|100%|HS|  |TAMS 0x00000000cf600000| PB 0x00000000cf600000| Complete 
| 247|0x00000000cf700000, 0x00000000cf7fffd0, 0x00000000cf800000| 99%| O|  |TAMS 0x00000000cf700000| PB 0x00000000cf700000| Untracked 
| 248|0x00000000cf800000, 0x00000000cf900000, 0x00000000cf900000|100%| O|  |TAMS 0x00000000cf800000| PB 0x00000000cf800000| Untracked 
| 249|0x00000000cf900000, 0x00000000cf9ffff0, 0x00000000cfa00000| 99%| O|  |TAMS 0x00000000cf900000| PB 0x00000000cf900000| Untracked 
| 250|0x00000000cfa00000, 0x00000000cfaffff0, 0x00000000cfb00000| 99%| O|  |TAMS 0x00000000cfa00000| PB 0x00000000cfa00000| Untracked 
| 251|0x00000000cfb00000, 0x00000000cfbfff98, 0x00000000cfc00000| 99%| O|  |TAMS 0x00000000cfb00000| PB 0x00000000cfb00000| Untracked 
| 252|0x00000000cfc00000, 0x00000000cfd00000, 0x00000000cfd00000|100%| O|  |TAMS 0x00000000cfc00000| PB 0x00000000cfc00000| Untracked 
| 253|0x00000000cfd00000, 0x00000000cfe00000, 0x00000000cfe00000|100%| O|  |TAMS 0x00000000cfd00000| PB 0x00000000cfd00000| Untracked 
| 254|0x00000000cfe00000, 0x00000000cfeffff0, 0x00000000cff00000| 99%| O|  |TAMS 0x00000000cfe00000| PB 0x00000000cfe00000| Untracked 
| 255|0x00000000cff00000, 0x00000000cffffff0, 0x00000000d0000000| 99%| O|  |TAMS 0x00000000cff00000| PB 0x00000000cff00000| Untracked 
| 256|0x00000000d0000000, 0x00000000d00ffff0, 0x00000000d0100000| 99%| O|  |TAMS 0x00000000d0000000| PB 0x00000000d0000000| Untracked 
| 257|0x00000000d0100000, 0x00000000d01ffff8, 0x00000000d0200000| 99%| O|  |TAMS 0x00000000d0100000| PB 0x00000000d0100000| Untracked 
| 258|0x00000000d0200000, 0x00000000d02fffe8, 0x00000000d0300000| 99%| O|  |TAMS 0x00000000d0200000| PB 0x00000000d0200000| Untracked 
| 259|0x00000000d0300000, 0x00000000d03fffe8, 0x00000000d0400000| 99%| O|  |TAMS 0x00000000d0300000| PB 0x00000000d0300000| Untracked 
| 260|0x00000000d0400000, 0x00000000d04fffe8, 0x00000000d0500000| 99%| O|  |TAMS 0x00000000d0400000| PB 0x00000000d0400000| Untracked 
| 261|0x00000000d0500000, 0x00000000d05ffff8, 0x00000000d0600000| 99%| O|  |TAMS 0x00000000d0500000| PB 0x00000000d0500000| Untracked 
| 262|0x00000000d0600000, 0x00000000d06fffe8, 0x00000000d0700000| 99%| O|  |TAMS 0x00000000d0600000| PB 0x00000000d0600000| Untracked 
| 263|0x00000000d0700000, 0x00000000d0800000, 0x00000000d0800000|100%|HS|  |TAMS 0x00000000d0700000| PB 0x00000000d0700000| Complete 
| 264|0x00000000d0800000, 0x00000000d0900000, 0x00000000d0900000|100%|HC|  |TAMS 0x00000000d0800000| PB 0x00000000d0800000| Complete 
| 265|0x00000000d0900000, 0x00000000d0a00000, 0x00000000d0a00000|100%|HC|  |TAMS 0x00000000d0900000| PB 0x00000000d0900000| Complete 
| 266|0x00000000d0a00000, 0x00000000d0b00000, 0x00000000d0b00000|100%|HC|  |TAMS 0x00000000d0a00000| PB 0x00000000d0a00000| Complete 
| 267|0x00000000d0b00000, 0x00000000d0bffff0, 0x00000000d0c00000| 99%| O|  |TAMS 0x00000000d0b00000| PB 0x00000000d0b00000| Untracked 
| 268|0x00000000d0c00000, 0x00000000d0cfffe8, 0x00000000d0d00000| 99%| O|  |TAMS 0x00000000d0c00000| PB 0x00000000d0c00000| Untracked 
| 269|0x00000000d0d00000, 0x00000000d0dffff8, 0x00000000d0e00000| 99%| O|  |TAMS 0x00000000d0d00000| PB 0x00000000d0d00000| Untracked 
| 270|0x00000000d0e00000, 0x00000000d0f00000, 0x00000000d0f00000|100%| O|  |TAMS 0x00000000d0e00000| PB 0x00000000d0e00000| Untracked 
| 271|0x00000000d0f00000, 0x00000000d1000000, 0x00000000d1000000|100%| O|  |TAMS 0x00000000d0f00000| PB 0x00000000d0f00000| Untracked 
| 272|0x00000000d1000000, 0x00000000d10fffa0, 0x00000000d1100000| 99%| O|  |TAMS 0x00000000d1000000| PB 0x00000000d1000000| Untracked 
| 273|0x00000000d1100000, 0x00000000d11ffff0, 0x00000000d1200000| 99%| O|  |TAMS 0x00000000d1100000| PB 0x00000000d1100000| Untracked 
| 274|0x00000000d1200000, 0x00000000d12ffff8, 0x00000000d1300000| 99%| O|  |TAMS 0x00000000d1200000| PB 0x00000000d1200000| Untracked 
| 275|0x00000000d1300000, 0x00000000d1400000, 0x00000000d1400000|100%| O|  |TAMS 0x00000000d1300000| PB 0x00000000d1300000| Untracked 
| 276|0x00000000d1400000, 0x00000000d1500000, 0x00000000d1500000|100%|HS|  |TAMS 0x00000000d1400000| PB 0x00000000d1400000| Complete 
| 277|0x00000000d1500000, 0x00000000d1600000, 0x00000000d1600000|100%|HC|  |TAMS 0x00000000d1500000| PB 0x00000000d1500000| Complete 
| 278|0x00000000d1600000, 0x00000000d1700000, 0x00000000d1700000|100%|HC|  |TAMS 0x00000000d1600000| PB 0x00000000d1600000| Complete 
| 279|0x00000000d1700000, 0x00000000d17ffff8, 0x00000000d1800000| 99%| O|  |TAMS 0x00000000d1700000| PB 0x00000000d1700000| Untracked 
| 280|0x00000000d1800000, 0x00000000d1900000, 0x00000000d1900000|100%| O|  |TAMS 0x00000000d1800000| PB 0x00000000d1800000| Untracked 
| 281|0x00000000d1900000, 0x00000000d1a00000, 0x00000000d1a00000|100%| O|  |TAMS 0x00000000d1900000| PB 0x00000000d1900000| Untracked 
| 282|0x00000000d1a00000, 0x00000000d1b00000, 0x00000000d1b00000|100%| O|  |TAMS 0x00000000d1a00000| PB 0x00000000d1a00000| Untracked 
| 283|0x00000000d1b00000, 0x00000000d1c00000, 0x00000000d1c00000|100%| O|  |TAMS 0x00000000d1b00000| PB 0x00000000d1b00000| Untracked 
| 284|0x00000000d1c00000, 0x00000000d1d00000, 0x00000000d1d00000|100%| O|  |TAMS 0x00000000d1c00000| PB 0x00000000d1c00000| Untracked 
| 285|0x00000000d1d00000, 0x00000000d1e00000, 0x00000000d1e00000|100%| O|  |TAMS 0x00000000d1d00000| PB 0x00000000d1d00000| Untracked 
| 286|0x00000000d1e00000, 0x00000000d1f00000, 0x00000000d1f00000|100%| O|  |TAMS 0x00000000d1e00000| PB 0x00000000d1e00000| Untracked 
| 287|0x00000000d1f00000, 0x00000000d2000000, 0x00000000d2000000|100%| O|  |TAMS 0x00000000d1f00000| PB 0x00000000d1f00000| Untracked 
| 288|0x00000000d2000000, 0x00000000d2100000, 0x00000000d2100000|100%|HS|  |TAMS 0x00000000d2000000| PB 0x00000000d2000000| Complete 
| 289|0x00000000d2100000, 0x00000000d2200000, 0x00000000d2200000|100%|HC|  |TAMS 0x00000000d2100000| PB 0x00000000d2100000| Complete 
| 290|0x00000000d2200000, 0x00000000d2300000, 0x00000000d2300000|100%|HC|  |TAMS 0x00000000d2200000| PB 0x00000000d2200000| Complete 
| 291|0x00000000d2300000, 0x00000000d2400000, 0x00000000d2400000|100%| O|  |TAMS 0x00000000d2300000| PB 0x00000000d2300000| Untracked 
| 292|0x00000000d2400000, 0x00000000d2500000, 0x00000000d2500000|100%| O|  |TAMS 0x00000000d2400000| PB 0x00000000d2400000| Untracked 
| 293|0x00000000d2500000, 0x00000000d2600000, 0x00000000d2600000|100%| O|  |TAMS 0x00000000d2500000| PB 0x00000000d2500000| Untracked 
| 294|0x00000000d2600000, 0x00000000d2700000, 0x00000000d2700000|100%| O|  |TAMS 0x00000000d2600000| PB 0x00000000d2600000| Untracked 
| 295|0x00000000d2700000, 0x00000000d2800000, 0x00000000d2800000|100%| O|  |TAMS 0x00000000d2700000| PB 0x00000000d2700000| Untracked 
| 296|0x00000000d2800000, 0x00000000d2900000, 0x00000000d2900000|100%| O|  |TAMS 0x00000000d2800000| PB 0x00000000d2800000| Untracked 
| 297|0x00000000d2900000, 0x00000000d2a00000, 0x00000000d2a00000|100%|HS|  |TAMS 0x00000000d2900000| PB 0x00000000d2900000| Complete 
| 298|0x00000000d2a00000, 0x00000000d2b00000, 0x00000000d2b00000|100%|HC|  |TAMS 0x00000000d2a00000| PB 0x00000000d2a00000| Complete 
| 299|0x00000000d2b00000, 0x00000000d2c00000, 0x00000000d2c00000|100%|HC|  |TAMS 0x00000000d2b00000| PB 0x00000000d2b00000| Complete 
| 300|0x00000000d2c00000, 0x00000000d2d00000, 0x00000000d2d00000|100%|HS|  |TAMS 0x00000000d2c00000| PB 0x00000000d2c00000| Untracked 
| 301|0x00000000d2d00000, 0x00000000d2e00000, 0x00000000d2e00000|100%|HC|  |TAMS 0x00000000d2d00000| PB 0x00000000d2d00000| Untracked 
| 302|0x00000000d2e00000, 0x00000000d2f00000, 0x00000000d2f00000|100%|HC|  |TAMS 0x00000000d2e00000| PB 0x00000000d2e00000| Untracked 
| 303|0x00000000d2f00000, 0x00000000d3000000, 0x00000000d3000000|100%|HC|  |TAMS 0x00000000d2f00000| PB 0x00000000d2f00000| Untracked 
| 304|0x00000000d3000000, 0x00000000d3100000, 0x00000000d3100000|100%|HC|  |TAMS 0x00000000d3000000| PB 0x00000000d3000000| Untracked 
| 305|0x00000000d3100000, 0x00000000d3200000, 0x00000000d3200000|100%|HC|  |TAMS 0x00000000d3100000| PB 0x00000000d3100000| Untracked 
| 306|0x00000000d3200000, 0x00000000d3300000, 0x00000000d3300000|100%|HC|  |TAMS 0x00000000d3200000| PB 0x00000000d3200000| Untracked 
| 307|0x00000000d3300000, 0x00000000d3400000, 0x00000000d3400000|100%|HC|  |TAMS 0x00000000d3300000| PB 0x00000000d3300000| Untracked 
| 308|0x00000000d3400000, 0x00000000d3500000, 0x00000000d3500000|100%|HC|  |TAMS 0x00000000d3400000| PB 0x00000000d3400000| Untracked 
| 309|0x00000000d3500000, 0x00000000d3600000, 0x00000000d3600000|100%| O|  |TAMS 0x00000000d3500000| PB 0x00000000d3500000| Untracked 
| 310|0x00000000d3600000, 0x00000000d3700000, 0x00000000d3700000|100%| O|  |TAMS 0x00000000d3600000| PB 0x00000000d3600000| Untracked 
| 311|0x00000000d3700000, 0x00000000d3800000, 0x00000000d3800000|100%| O|  |TAMS 0x00000000d3700000| PB 0x00000000d3700000| Untracked 
| 312|0x00000000d3800000, 0x00000000d38ffff0, 0x00000000d3900000| 99%| O|  |TAMS 0x00000000d3800000| PB 0x00000000d3800000| Untracked 
| 313|0x00000000d3900000, 0x00000000d3a00000, 0x00000000d3a00000|100%| O|  |TAMS 0x00000000d3900000| PB 0x00000000d3900000| Untracked 
| 314|0x00000000d3a00000, 0x00000000d3afffe8, 0x00000000d3b00000| 99%| O|  |TAMS 0x00000000d3a00000| PB 0x00000000d3a00000| Untracked 
| 315|0x00000000d3b00000, 0x00000000d3c00000, 0x00000000d3c00000|100%| O|  |TAMS 0x00000000d3b00000| PB 0x00000000d3b00000| Untracked 
| 316|0x00000000d3c00000, 0x00000000d3d00000, 0x00000000d3d00000|100%| O|  |TAMS 0x00000000d3c00000| PB 0x00000000d3c00000| Untracked 
| 317|0x00000000d3d00000, 0x00000000d3e00000, 0x00000000d3e00000|100%| O|  |TAMS 0x00000000d3d00000| PB 0x00000000d3d00000| Untracked 
| 318|0x00000000d3e00000, 0x00000000d3f00000, 0x00000000d3f00000|100%| O|  |TAMS 0x00000000d3e00000| PB 0x00000000d3e00000| Untracked 
| 319|0x00000000d3f00000, 0x00000000d4000000, 0x00000000d4000000|100%| O|  |TAMS 0x00000000d3f00000| PB 0x00000000d3f00000| Untracked 
| 320|0x00000000d4000000, 0x00000000d4100000, 0x00000000d4100000|100%| O|  |TAMS 0x00000000d4000000| PB 0x00000000d4000000| Untracked 
| 321|0x00000000d4100000, 0x00000000d41fffc0, 0x00000000d4200000| 99%| O|  |TAMS 0x00000000d4100000| PB 0x00000000d4100000| Untracked 
| 322|0x00000000d4200000, 0x00000000d4300000, 0x00000000d4300000|100%| O|  |TAMS 0x00000000d4200000| PB 0x00000000d4200000| Untracked 
| 323|0x00000000d4300000, 0x00000000d4400000, 0x00000000d4400000|100%| O|  |TAMS 0x00000000d4300000| PB 0x00000000d4300000| Untracked 
| 324|0x00000000d4400000, 0x00000000d44fffc0, 0x00000000d4500000| 99%| O|  |TAMS 0x00000000d4400000| PB 0x00000000d4400000| Untracked 
| 325|0x00000000d4500000, 0x00000000d45ffff0, 0x00000000d4600000| 99%| O|  |TAMS 0x00000000d4500000| PB 0x00000000d4500000| Untracked 
| 326|0x00000000d4600000, 0x00000000d46ffff0, 0x00000000d4700000| 99%| O|  |TAMS 0x00000000d4600000| PB 0x00000000d4600000| Untracked 
| 327|0x00000000d4700000, 0x00000000d47ffff8, 0x00000000d4800000| 99%| O|  |TAMS 0x00000000d4700000| PB 0x00000000d4700000| Untracked 
| 328|0x00000000d4800000, 0x00000000d4900000, 0x00000000d4900000|100%| O|  |TAMS 0x00000000d4800000| PB 0x00000000d4800000| Untracked 
| 329|0x00000000d4900000, 0x00000000d49ffff8, 0x00000000d4a00000| 99%| O|  |TAMS 0x00000000d4900000| PB 0x00000000d4900000| Untracked 
| 330|0x00000000d4a00000, 0x00000000d4b00000, 0x00000000d4b00000|100%| O|  |TAMS 0x00000000d4a00000| PB 0x00000000d4a00000| Untracked 
| 331|0x00000000d4b00000, 0x00000000d4bfffe8, 0x00000000d4c00000| 99%| O|  |TAMS 0x00000000d4b00000| PB 0x00000000d4b00000| Untracked 
| 332|0x00000000d4c00000, 0x00000000d4d00000, 0x00000000d4d00000|100%|HS|  |TAMS 0x00000000d4c00000| PB 0x00000000d4c00000| Complete 
| 333|0x00000000d4d00000, 0x00000000d4e00000, 0x00000000d4e00000|100%|HC|  |TAMS 0x00000000d4d00000| PB 0x00000000d4d00000| Complete 
| 334|0x00000000d4e00000, 0x00000000d4f00000, 0x00000000d4f00000|100%|HC|  |TAMS 0x00000000d4e00000| PB 0x00000000d4e00000| Complete 
| 335|0x00000000d4f00000, 0x00000000d5000000, 0x00000000d5000000|100%|HC|  |TAMS 0x00000000d4f00000| PB 0x00000000d4f00000| Complete 
| 336|0x00000000d5000000, 0x00000000d5100000, 0x00000000d5100000|100%|HC|  |TAMS 0x00000000d5000000| PB 0x00000000d5000000| Complete 
| 337|0x00000000d5100000, 0x00000000d5200000, 0x00000000d5200000|100%|HC|  |TAMS 0x00000000d5100000| PB 0x00000000d5100000| Complete 
| 338|0x00000000d5200000, 0x00000000d52fffe0, 0x00000000d5300000| 99%| O|  |TAMS 0x00000000d5200000| PB 0x00000000d5200000| Untracked 
| 339|0x00000000d5300000, 0x00000000d53fffe0, 0x00000000d5400000| 99%| O|  |TAMS 0x00000000d5300000| PB 0x00000000d5300000| Untracked 
| 340|0x00000000d5400000, 0x00000000d54fffe8, 0x00000000d5500000| 99%| O|  |TAMS 0x00000000d5400000| PB 0x00000000d5400000| Untracked 
| 341|0x00000000d5500000, 0x00000000d55ffff8, 0x00000000d5600000| 99%| O|  |TAMS 0x00000000d5500000| PB 0x00000000d5500000| Untracked 
| 342|0x00000000d5600000, 0x00000000d56ffff8, 0x00000000d5700000| 99%| O|  |TAMS 0x00000000d5600000| PB 0x00000000d5600000| Untracked 
| 343|0x00000000d5700000, 0x00000000d57fffe0, 0x00000000d5800000| 99%| O|  |TAMS 0x00000000d5700000| PB 0x00000000d5700000| Untracked 
| 344|0x00000000d5800000, 0x00000000d5900000, 0x00000000d5900000|100%|HS|  |TAMS 0x00000000d5800000| PB 0x00000000d5800000| Complete 
| 345|0x00000000d5900000, 0x00000000d5a00000, 0x00000000d5a00000|100%|HC|  |TAMS 0x00000000d5900000| PB 0x00000000d5900000| Complete 
| 346|0x00000000d5a00000, 0x00000000d5afffe0, 0x00000000d5b00000| 99%| O|  |TAMS 0x00000000d5a00000| PB 0x00000000d5a00000| Untracked 
| 347|0x00000000d5b00000, 0x00000000d5bfffe8, 0x00000000d5c00000| 99%| O|  |TAMS 0x00000000d5b00000| PB 0x00000000d5b00000| Untracked 
| 348|0x00000000d5c00000, 0x00000000d5cffff8, 0x00000000d5d00000| 99%| O|  |TAMS 0x00000000d5c00000| PB 0x00000000d5c00000| Untracked 
| 349|0x00000000d5d00000, 0x00000000d5dffff8, 0x00000000d5e00000| 99%| O|  |TAMS 0x00000000d5d00000| PB 0x00000000d5d00000| Untracked 
| 350|0x00000000d5e00000, 0x00000000d5efffd0, 0x00000000d5f00000| 99%| O|  |TAMS 0x00000000d5e00000| PB 0x00000000d5e00000| Untracked 
| 351|0x00000000d5f00000, 0x00000000d5ffffc0, 0x00000000d6000000| 99%| O|  |TAMS 0x00000000d5f00000| PB 0x00000000d5f00000| Untracked 
| 352|0x00000000d6000000, 0x00000000d60fffe8, 0x00000000d6100000| 99%| O|  |TAMS 0x00000000d6000000| PB 0x00000000d6000000| Untracked 
| 353|0x00000000d6100000, 0x00000000d6200000, 0x00000000d6200000|100%| O|  |TAMS 0x00000000d6100000| PB 0x00000000d6100000| Untracked 
| 354|0x00000000d6200000, 0x00000000d6300000, 0x00000000d6300000|100%|HS|  |TAMS 0x00000000d6200000| PB 0x00000000d6200000| Complete 
| 355|0x00000000d6300000, 0x00000000d6400000, 0x00000000d6400000|100%|HC|  |TAMS 0x00000000d6300000| PB 0x00000000d6300000| Complete 
| 356|0x00000000d6400000, 0x00000000d64ffff8, 0x00000000d6500000| 99%| O|  |TAMS 0x00000000d6400000| PB 0x00000000d6400000| Untracked 
| 357|0x00000000d6500000, 0x00000000d65fffe8, 0x00000000d6600000| 99%| O|  |TAMS 0x00000000d6500000| PB 0x00000000d6500000| Untracked 
| 358|0x00000000d6600000, 0x00000000d6700000, 0x00000000d6700000|100%| O|  |TAMS 0x00000000d6600000| PB 0x00000000d6600000| Untracked 
| 359|0x00000000d6700000, 0x00000000d67fffa8, 0x00000000d6800000| 99%| O|  |TAMS 0x00000000d6700000| PB 0x00000000d6700000| Untracked 
| 360|0x00000000d6800000, 0x00000000d68ffff0, 0x00000000d6900000| 99%| O|  |TAMS 0x00000000d6800000| PB 0x00000000d6800000| Untracked 
| 361|0x00000000d6900000, 0x00000000d69fffe8, 0x00000000d6a00000| 99%| O|  |TAMS 0x00000000d6900000| PB 0x00000000d6900000| Untracked 
| 362|0x00000000d6a00000, 0x00000000d6aff838, 0x00000000d6b00000| 99%| O|  |TAMS 0x00000000d6a00000| PB 0x00000000d6a00000| Untracked 
| 363|0x00000000d6b00000, 0x00000000d6c00000, 0x00000000d6c00000|100%| O|  |TAMS 0x00000000d6b00000| PB 0x00000000d6b00000| Untracked 
| 364|0x00000000d6c00000, 0x00000000d6cffff0, 0x00000000d6d00000| 99%| O|  |TAMS 0x00000000d6c00000| PB 0x00000000d6c00000| Untracked 
| 365|0x00000000d6d00000, 0x00000000d6dfffe8, 0x00000000d6e00000| 99%| O|  |TAMS 0x00000000d6d00000| PB 0x00000000d6d00000| Untracked 
| 366|0x00000000d6e00000, 0x00000000d6f00000, 0x00000000d6f00000|100%| O|  |TAMS 0x00000000d6e00000| PB 0x00000000d6e00000| Untracked 
| 367|0x00000000d6f00000, 0x00000000d6ffff80, 0x00000000d7000000| 99%| O|  |TAMS 0x00000000d6f00000| PB 0x00000000d6f00000| Untracked 
| 368|0x00000000d7000000, 0x00000000d70fffe8, 0x00000000d7100000| 99%| O|  |TAMS 0x00000000d7000000| PB 0x00000000d7000000| Untracked 
| 369|0x00000000d7100000, 0x00000000d7200000, 0x00000000d7200000|100%| O|  |TAMS 0x00000000d7100000| PB 0x00000000d7100000| Untracked 
| 370|0x00000000d7200000, 0x00000000d7300000, 0x00000000d7300000|100%|HS|  |TAMS 0x00000000d7200000| PB 0x00000000d7200000| Untracked 
| 371|0x00000000d7300000, 0x00000000d7400000, 0x00000000d7400000|100%|HS|  |TAMS 0x00000000d7300000| PB 0x00000000d7300000| Untracked 
| 372|0x00000000d7400000, 0x00000000d7500000, 0x00000000d7500000|100%| O|  |TAMS 0x00000000d7400000| PB 0x00000000d7400000| Untracked 
| 373|0x00000000d7500000, 0x00000000d75ffff8, 0x00000000d7600000| 99%| O|  |TAMS 0x00000000d7500000| PB 0x00000000d7500000| Untracked 
| 374|0x00000000d7600000, 0x00000000d7700000, 0x00000000d7700000|100%| O|  |TAMS 0x00000000d7600000| PB 0x00000000d7600000| Untracked 
| 375|0x00000000d7700000, 0x00000000d77fffd0, 0x00000000d7800000| 99%| O|  |TAMS 0x00000000d7700000| PB 0x00000000d7700000| Untracked 
| 376|0x00000000d7800000, 0x00000000d78fffd8, 0x00000000d7900000| 99%| O|  |TAMS 0x00000000d7800000| PB 0x00000000d7800000| Untracked 
| 377|0x00000000d7900000, 0x00000000d79fae88, 0x00000000d7a00000| 98%| O|  |TAMS 0x00000000d7900000| PB 0x00000000d7900000| Untracked 
| 378|0x00000000d7a00000, 0x00000000d7afffe8, 0x00000000d7b00000| 99%| O|  |TAMS 0x00000000d7a00000| PB 0x00000000d7a00000| Untracked 
| 379|0x00000000d7b00000, 0x00000000d7c00000, 0x00000000d7c00000|100%| O|  |TAMS 0x00000000d7b00000| PB 0x00000000d7b00000| Untracked 
| 380|0x00000000d7c00000, 0x00000000d7d00000, 0x00000000d7d00000|100%| O|  |TAMS 0x00000000d7c00000| PB 0x00000000d7c00000| Untracked 
| 381|0x00000000d7d00000, 0x00000000d7e00000, 0x00000000d7e00000|100%| O|  |TAMS 0x00000000d7d00000| PB 0x00000000d7d00000| Untracked 
| 382|0x00000000d7e00000, 0x00000000d7f00000, 0x00000000d7f00000|100%| O|  |TAMS 0x00000000d7e00000| PB 0x00000000d7e00000| Untracked 
| 383|0x00000000d7f00000, 0x00000000d7fffff8, 0x00000000d8000000| 99%| O|  |TAMS 0x00000000d7f00000| PB 0x00000000d7f00000| Untracked 
| 384|0x00000000d8000000, 0x00000000d80ffff0, 0x00000000d8100000| 99%| O|  |TAMS 0x00000000d8000000| PB 0x00000000d8000000| Untracked 
| 385|0x00000000d8100000, 0x00000000d8200000, 0x00000000d8200000|100%| O|  |TAMS 0x00000000d8100000| PB 0x00000000d8100000| Untracked 
| 386|0x00000000d8200000, 0x00000000d8300000, 0x00000000d8300000|100%| O|  |TAMS 0x00000000d8200000| PB 0x00000000d8200000| Untracked 
| 387|0x00000000d8300000, 0x00000000d83ff870, 0x00000000d8400000| 99%| O|  |TAMS 0x00000000d8300000| PB 0x00000000d8300000| Untracked 
| 388|0x00000000d8400000, 0x00000000d8500000, 0x00000000d8500000|100%| O|  |TAMS 0x00000000d8400000| PB 0x00000000d8400000| Untracked 
| 389|0x00000000d8500000, 0x00000000d85fffe8, 0x00000000d8600000| 99%| O|  |TAMS 0x00000000d8500000| PB 0x00000000d8500000| Untracked 
| 390|0x00000000d8600000, 0x00000000d86fd2b0, 0x00000000d8700000| 98%| O|  |TAMS 0x00000000d8600000| PB 0x00000000d8600000| Untracked 
| 391|0x00000000d8700000, 0x00000000d87ffff0, 0x00000000d8800000| 99%| O|  |TAMS 0x00000000d8700000| PB 0x00000000d8700000| Untracked 
| 392|0x00000000d8800000, 0x00000000d88fffe8, 0x00000000d8900000| 99%| O|  |TAMS 0x00000000d8800000| PB 0x00000000d8800000| Untracked 
| 393|0x00000000d8900000, 0x00000000d89ffff0, 0x00000000d8a00000| 99%| O|  |TAMS 0x00000000d8900000| PB 0x00000000d8900000| Untracked 
| 394|0x00000000d8a00000, 0x00000000d8afffd8, 0x00000000d8b00000| 99%| O|  |TAMS 0x00000000d8a00000| PB 0x00000000d8a00000| Untracked 
| 395|0x00000000d8b00000, 0x00000000d8c00000, 0x00000000d8c00000|100%| O|  |TAMS 0x00000000d8b00000| PB 0x00000000d8b00000| Untracked 
| 396|0x00000000d8c00000, 0x00000000d8d00000, 0x00000000d8d00000|100%| O|  |TAMS 0x00000000d8c00000| PB 0x00000000d8c00000| Untracked 
| 397|0x00000000d8d00000, 0x00000000d8dffff0, 0x00000000d8e00000| 99%| O|  |TAMS 0x00000000d8d00000| PB 0x00000000d8d00000| Untracked 
| 398|0x00000000d8e00000, 0x00000000d8efffc8, 0x00000000d8f00000| 99%| O|  |TAMS 0x00000000d8e00000| PB 0x00000000d8e00000| Untracked 
| 399|0x00000000d8f00000, 0x00000000d8ffffd0, 0x00000000d9000000| 99%| O|  |TAMS 0x00000000d8f00000| PB 0x00000000d8f00000| Untracked 
| 400|0x00000000d9000000, 0x00000000d9100000, 0x00000000d9100000|100%| O|  |TAMS 0x00000000d9000000| PB 0x00000000d9000000| Untracked 
| 401|0x00000000d9100000, 0x00000000d91ffff0, 0x00000000d9200000| 99%| O|  |TAMS 0x00000000d9100000| PB 0x00000000d9100000| Untracked 
| 402|0x00000000d9200000, 0x00000000d9300000, 0x00000000d9300000|100%| O|  |TAMS 0x00000000d9200000| PB 0x00000000d9200000| Untracked 
| 403|0x00000000d9300000, 0x00000000d9400000, 0x00000000d9400000|100%|HS|  |TAMS 0x00000000d9300000| PB 0x00000000d9300000| Complete 
| 404|0x00000000d9400000, 0x00000000d9500000, 0x00000000d9500000|100%|HC|  |TAMS 0x00000000d9400000| PB 0x00000000d9400000| Complete 
| 405|0x00000000d9500000, 0x00000000d9600000, 0x00000000d9600000|100%| O|  |TAMS 0x00000000d9500000| PB 0x00000000d9500000| Untracked 
| 406|0x00000000d9600000, 0x00000000d9700000, 0x00000000d9700000|100%|HS|  |TAMS 0x00000000d9600000| PB 0x00000000d9600000| Complete 
| 407|0x00000000d9700000, 0x00000000d9800000, 0x00000000d9800000|100%|HC|  |TAMS 0x00000000d9700000| PB 0x00000000d9700000| Complete 
| 408|0x00000000d9800000, 0x00000000d98fffe0, 0x00000000d9900000| 99%| O|  |TAMS 0x00000000d9800000| PB 0x00000000d9800000| Untracked 
| 409|0x00000000d9900000, 0x00000000d9a00000, 0x00000000d9a00000|100%| O|  |TAMS 0x00000000d9900000| PB 0x00000000d9900000| Untracked 
| 410|0x00000000d9a00000, 0x00000000d9affff0, 0x00000000d9b00000| 99%| O|  |TAMS 0x00000000d9a00000| PB 0x00000000d9a00000| Untracked 
| 411|0x00000000d9b00000, 0x00000000d9bfffe0, 0x00000000d9c00000| 99%| O|  |TAMS 0x00000000d9b00000| PB 0x00000000d9b00000| Untracked 
| 412|0x00000000d9c00000, 0x00000000d9cffff8, 0x00000000d9d00000| 99%| O|  |TAMS 0x00000000d9c00000| PB 0x00000000d9c00000| Untracked 
| 413|0x00000000d9d00000, 0x00000000d9dffff0, 0x00000000d9e00000| 99%| O|  |TAMS 0x00000000d9d00000| PB 0x00000000d9d00000| Untracked 
| 414|0x00000000d9e00000, 0x00000000d9effff8, 0x00000000d9f00000| 99%| O|  |TAMS 0x00000000d9e00000| PB 0x00000000d9e00000| Untracked 
| 415|0x00000000d9f00000, 0x00000000da000000, 0x00000000da000000|100%| O|  |TAMS 0x00000000d9f00000| PB 0x00000000d9f00000| Untracked 
| 416|0x00000000da000000, 0x00000000da0fffc8, 0x00000000da100000| 99%| O|  |TAMS 0x00000000da000000| PB 0x00000000da000000| Untracked 
| 417|0x00000000da100000, 0x00000000da1fb998, 0x00000000da200000| 98%| O|  |TAMS 0x00000000da100000| PB 0x00000000da100000| Untracked 
| 418|0x00000000da200000, 0x00000000da2ffff8, 0x00000000da300000| 99%| O|  |TAMS 0x00000000da200000| PB 0x00000000da200000| Untracked 
| 419|0x00000000da300000, 0x00000000da3ffff0, 0x00000000da400000| 99%| O|  |TAMS 0x00000000da300000| PB 0x00000000da300000| Untracked 
| 420|0x00000000da400000, 0x00000000da4fffe0, 0x00000000da500000| 99%| O|  |TAMS 0x00000000da400000| PB 0x00000000da400000| Untracked 
| 421|0x00000000da500000, 0x00000000da5ffff8, 0x00000000da600000| 99%| O|  |TAMS 0x00000000da500000| PB 0x00000000da500000| Untracked 
| 422|0x00000000da600000, 0x00000000da6fffe8, 0x00000000da700000| 99%| O|  |TAMS 0x00000000da600000| PB 0x00000000da600000| Untracked 
| 423|0x00000000da700000, 0x00000000da800000, 0x00000000da800000|100%|HS|  |TAMS 0x00000000da700000| PB 0x00000000da700000| Complete 
| 424|0x00000000da800000, 0x00000000da8ffff8, 0x00000000da900000| 99%| O|  |TAMS 0x00000000da800000| PB 0x00000000da800000| Untracked 
| 425|0x00000000da900000, 0x00000000da9fffd8, 0x00000000daa00000| 99%| O|  |TAMS 0x00000000da900000| PB 0x00000000da900000| Untracked 
| 426|0x00000000daa00000, 0x00000000daaffff8, 0x00000000dab00000| 99%| O|  |TAMS 0x00000000daa00000| PB 0x00000000daa00000| Untracked 
| 427|0x00000000dab00000, 0x00000000dac00000, 0x00000000dac00000|100%| O|  |TAMS 0x00000000dab00000| PB 0x00000000dab00000| Untracked 
| 428|0x00000000dac00000, 0x00000000dad00000, 0x00000000dad00000|100%|HS|  |TAMS 0x00000000dac00000| PB 0x00000000dac00000| Complete 
| 429|0x00000000dad00000, 0x00000000dae00000, 0x00000000dae00000|100%|HC|  |TAMS 0x00000000dad00000| PB 0x00000000dad00000| Complete 
| 430|0x00000000dae00000, 0x00000000daf00000, 0x00000000daf00000|100%|HC|  |TAMS 0x00000000dae00000| PB 0x00000000dae00000| Complete 
| 431|0x00000000daf00000, 0x00000000db000000, 0x00000000db000000|100%|HC|  |TAMS 0x00000000daf00000| PB 0x00000000daf00000| Complete 
| 432|0x00000000db000000, 0x00000000db0fffb8, 0x00000000db100000| 99%| O|  |TAMS 0x00000000db000000| PB 0x00000000db000000| Untracked 
| 433|0x00000000db100000, 0x00000000db1ffff8, 0x00000000db200000| 99%| O|  |TAMS 0x00000000db100000| PB 0x00000000db100000| Untracked 
| 434|0x00000000db200000, 0x00000000db2ffff0, 0x00000000db300000| 99%| O|  |TAMS 0x00000000db200000| PB 0x00000000db200000| Untracked 
| 435|0x00000000db300000, 0x00000000db400000, 0x00000000db400000|100%| O|  |TAMS 0x00000000db300000| PB 0x00000000db300000| Untracked 
| 436|0x00000000db400000, 0x00000000db500000, 0x00000000db500000|100%| O|  |TAMS 0x00000000db400000| PB 0x00000000db400000| Untracked 
| 437|0x00000000db500000, 0x00000000db5ffff8, 0x00000000db600000| 99%| O|  |TAMS 0x00000000db500000| PB 0x00000000db500000| Untracked 
| 438|0x00000000db600000, 0x00000000db6fffe0, 0x00000000db700000| 99%| O|  |TAMS 0x00000000db600000| PB 0x00000000db600000| Untracked 
| 439|0x00000000db700000, 0x00000000db7fffe8, 0x00000000db800000| 99%| O|  |TAMS 0x00000000db700000| PB 0x00000000db700000| Untracked 
| 440|0x00000000db800000, 0x00000000db8ffff0, 0x00000000db900000| 99%| O|  |TAMS 0x00000000db800000| PB 0x00000000db800000| Untracked 
| 441|0x00000000db900000, 0x00000000db9ffff8, 0x00000000dba00000| 99%| O|  |TAMS 0x00000000db900000| PB 0x00000000db900000| Untracked 
| 442|0x00000000dba00000, 0x00000000dbaffff8, 0x00000000dbb00000| 99%| O|  |TAMS 0x00000000dba00000| PB 0x00000000dba00000| Untracked 
| 443|0x00000000dbb00000, 0x00000000dbc00000, 0x00000000dbc00000|100%| O|  |TAMS 0x00000000dbb00000| PB 0x00000000dbb00000| Untracked 
| 444|0x00000000dbc00000, 0x00000000dbd00000, 0x00000000dbd00000|100%| O|  |TAMS 0x00000000dbc00000| PB 0x00000000dbc00000| Untracked 
| 445|0x00000000dbd00000, 0x00000000dbdfffd8, 0x00000000dbe00000| 99%| O|  |TAMS 0x00000000dbd00000| PB 0x00000000dbd00000| Untracked 
| 446|0x00000000dbe00000, 0x00000000dbf00000, 0x00000000dbf00000|100%| O|  |TAMS 0x00000000dbe00000| PB 0x00000000dbe00000| Untracked 
| 447|0x00000000dbf00000, 0x00000000dbffd5d8, 0x00000000dc000000| 98%| O|  |TAMS 0x00000000dbf00000| PB 0x00000000dbf00000| Untracked 
| 448|0x00000000dc000000, 0x00000000dc0fffd8, 0x00000000dc100000| 99%| O|  |TAMS 0x00000000dc000000| PB 0x00000000dc000000| Untracked 
| 449|0x00000000dc100000, 0x00000000dc1fffe8, 0x00000000dc200000| 99%| O|  |TAMS 0x00000000dc100000| PB 0x00000000dc100000| Untracked 
| 450|0x00000000dc200000, 0x00000000dc2ffff0, 0x00000000dc300000| 99%| O|  |TAMS 0x00000000dc200000| PB 0x00000000dc200000| Untracked 
| 451|0x00000000dc300000, 0x00000000dc400000, 0x00000000dc400000|100%|HS|  |TAMS 0x00000000dc300000| PB 0x00000000dc300000| Complete 
| 452|0x00000000dc400000, 0x00000000dc500000, 0x00000000dc500000|100%| O|  |TAMS 0x00000000dc400000| PB 0x00000000dc400000| Untracked 
| 453|0x00000000dc500000, 0x00000000dc5fffe8, 0x00000000dc600000| 99%| O|  |TAMS 0x00000000dc500000| PB 0x00000000dc500000| Untracked 
| 454|0x00000000dc600000, 0x00000000dc6ffff8, 0x00000000dc700000| 99%| O|  |TAMS 0x00000000dc600000| PB 0x00000000dc600000| Untracked 
| 455|0x00000000dc700000, 0x00000000dc7ffff8, 0x00000000dc800000| 99%| O|  |TAMS 0x00000000dc700000| PB 0x00000000dc700000| Untracked 
| 456|0x00000000dc800000, 0x00000000dc8fffd0, 0x00000000dc900000| 99%| O|  |TAMS 0x00000000dc800000| PB 0x00000000dc800000| Untracked 
| 457|0x00000000dc900000, 0x00000000dca00000, 0x00000000dca00000|100%| O|  |TAMS 0x00000000dc900000| PB 0x00000000dc900000| Untracked 
| 458|0x00000000dca00000, 0x00000000dcafffe8, 0x00000000dcb00000| 99%| O|  |TAMS 0x00000000dca00000| PB 0x00000000dca00000| Untracked 
| 459|0x00000000dcb00000, 0x00000000dcbfffb0, 0x00000000dcc00000| 99%| O|  |TAMS 0x00000000dcb00000| PB 0x00000000dcb00000| Untracked 
| 460|0x00000000dcc00000, 0x00000000dcd00000, 0x00000000dcd00000|100%| O|  |TAMS 0x00000000dcc00000| PB 0x00000000dcc00000| Untracked 
| 461|0x00000000dcd00000, 0x00000000dcdfffe8, 0x00000000dce00000| 99%| O|  |TAMS 0x00000000dcd00000| PB 0x00000000dcd00000| Untracked 
| 462|0x00000000dce00000, 0x00000000dceffff0, 0x00000000dcf00000| 99%| O|  |TAMS 0x00000000dce00000| PB 0x00000000dce00000| Untracked 
| 463|0x00000000dcf00000, 0x00000000dcfffff8, 0x00000000dd000000| 99%| O|  |TAMS 0x00000000dcf00000| PB 0x00000000dcf00000| Untracked 
| 464|0x00000000dd000000, 0x00000000dd0ffff8, 0x00000000dd100000| 99%| O|  |TAMS 0x00000000dd000000| PB 0x00000000dd000000| Untracked 
| 465|0x00000000dd100000, 0x00000000dd200000, 0x00000000dd200000|100%| O|  |TAMS 0x00000000dd100000| PB 0x00000000dd100000| Untracked 
| 466|0x00000000dd200000, 0x00000000dd2ffff0, 0x00000000dd300000| 99%| O|  |TAMS 0x00000000dd200000| PB 0x00000000dd200000| Untracked 
| 467|0x00000000dd300000, 0x00000000dd3fffe0, 0x00000000dd400000| 99%| O|  |TAMS 0x00000000dd300000| PB 0x00000000dd300000| Untracked 
| 468|0x00000000dd400000, 0x00000000dd4ffff8, 0x00000000dd500000| 99%| O|  |TAMS 0x00000000dd400000| PB 0x00000000dd400000| Untracked 
| 469|0x00000000dd500000, 0x00000000dd600000, 0x00000000dd600000|100%| O|  |TAMS 0x00000000dd500000| PB 0x00000000dd500000| Untracked 
| 470|0x00000000dd600000, 0x00000000dd6fffe8, 0x00000000dd700000| 99%| O|  |TAMS 0x00000000dd600000| PB 0x00000000dd600000| Untracked 
| 471|0x00000000dd700000, 0x00000000dd7ffff0, 0x00000000dd800000| 99%| O|  |TAMS 0x00000000dd700000| PB 0x00000000dd700000| Untracked 
| 472|0x00000000dd800000, 0x00000000dd8ffff0, 0x00000000dd900000| 99%| O|  |TAMS 0x00000000dd800000| PB 0x00000000dd800000| Untracked 
| 473|0x00000000dd900000, 0x00000000dda00000, 0x00000000dda00000|100%| O|  |TAMS 0x00000000dd900000| PB 0x00000000dd900000| Untracked 
| 474|0x00000000dda00000, 0x00000000ddb00000, 0x00000000ddb00000|100%| O|  |TAMS 0x00000000dda00000| PB 0x00000000dda00000| Untracked 
| 475|0x00000000ddb00000, 0x00000000ddbfffd8, 0x00000000ddc00000| 99%| O|  |TAMS 0x00000000ddb00000| PB 0x00000000ddb00000| Untracked 
| 476|0x00000000ddc00000, 0x00000000ddcffff8, 0x00000000ddd00000| 99%| O|  |TAMS 0x00000000ddc00000| PB 0x00000000ddc00000| Untracked 
| 477|0x00000000ddd00000, 0x00000000dddffff8, 0x00000000dde00000| 99%| O|  |TAMS 0x00000000ddd00000| PB 0x00000000ddd00000| Untracked 
| 478|0x00000000dde00000, 0x00000000ddeffff8, 0x00000000ddf00000| 99%| O|  |TAMS 0x00000000dde00000| PB 0x00000000dde00000| Untracked 
| 479|0x00000000ddf00000, 0x00000000ddfffff8, 0x00000000de000000| 99%| O|  |TAMS 0x00000000ddf00000| PB 0x00000000ddf00000| Untracked 
| 480|0x00000000de000000, 0x00000000de0fffd0, 0x00000000de100000| 99%| O|  |TAMS 0x00000000de000000| PB 0x00000000de000000| Untracked 
| 481|0x00000000de100000, 0x00000000de200000, 0x00000000de200000|100%|HS|  |TAMS 0x00000000de100000| PB 0x00000000de100000| Complete 
| 482|0x00000000de200000, 0x00000000de300000, 0x00000000de300000|100%|HC|  |TAMS 0x00000000de200000| PB 0x00000000de200000| Complete 
| 483|0x00000000de300000, 0x00000000de400000, 0x00000000de400000|100%|HC|  |TAMS 0x00000000de300000| PB 0x00000000de300000| Complete 
| 484|0x00000000de400000, 0x00000000de500000, 0x00000000de500000|100%|HC|  |TAMS 0x00000000de400000| PB 0x00000000de400000| Complete 
| 485|0x00000000de500000, 0x00000000de600000, 0x00000000de600000|100%|HC|  |TAMS 0x00000000de500000| PB 0x00000000de500000| Complete 
| 486|0x00000000de600000, 0x00000000de700000, 0x00000000de700000|100%|HC|  |TAMS 0x00000000de600000| PB 0x00000000de600000| Complete 
| 487|0x00000000de700000, 0x00000000de800000, 0x00000000de800000|100%|HC|  |TAMS 0x00000000de700000| PB 0x00000000de700000| Complete 
| 488|0x00000000de800000, 0x00000000de900000, 0x00000000de900000|100%|HC|  |TAMS 0x00000000de800000| PB 0x00000000de800000| Complete 
| 489|0x00000000de900000, 0x00000000dea00000, 0x00000000dea00000|100%|HC|  |TAMS 0x00000000de900000| PB 0x00000000de900000| Complete 
| 490|0x00000000dea00000, 0x00000000deb00000, 0x00000000deb00000|100%|HC|  |TAMS 0x00000000dea00000| PB 0x00000000dea00000| Complete 
| 491|0x00000000deb00000, 0x00000000dec00000, 0x00000000dec00000|100%|HC|  |TAMS 0x00000000deb00000| PB 0x00000000deb00000| Complete 
| 492|0x00000000dec00000, 0x00000000ded00000, 0x00000000ded00000|100%|HC|  |TAMS 0x00000000dec00000| PB 0x00000000dec00000| Complete 
| 493|0x00000000ded00000, 0x00000000dee00000, 0x00000000dee00000|100%|HC|  |TAMS 0x00000000ded00000| PB 0x00000000ded00000| Complete 
| 494|0x00000000dee00000, 0x00000000def00000, 0x00000000def00000|100%|HC|  |TAMS 0x00000000dee00000| PB 0x00000000dee00000| Complete 
| 495|0x00000000def00000, 0x00000000df000000, 0x00000000df000000|100%|HC|  |TAMS 0x00000000def00000| PB 0x00000000def00000| Complete 
| 496|0x00000000df000000, 0x00000000df100000, 0x00000000df100000|100%|HC|  |TAMS 0x00000000df000000| PB 0x00000000df000000| Complete 
| 497|0x00000000df100000, 0x00000000df200000, 0x00000000df200000|100%|HC|  |TAMS 0x00000000df100000| PB 0x00000000df100000| Complete 
| 498|0x00000000df200000, 0x00000000df300000, 0x00000000df300000|100%|HC|  |TAMS 0x00000000df200000| PB 0x00000000df200000| Complete 
| 499|0x00000000df300000, 0x00000000df400000, 0x00000000df400000|100%|HC|  |TAMS 0x00000000df300000| PB 0x00000000df300000| Complete 
| 500|0x00000000df400000, 0x00000000df500000, 0x00000000df500000|100%|HC|  |TAMS 0x00000000df400000| PB 0x00000000df400000| Complete 
| 501|0x00000000df500000, 0x00000000df600000, 0x00000000df600000|100%|HC|  |TAMS 0x00000000df500000| PB 0x00000000df500000| Complete 
| 502|0x00000000df600000, 0x00000000df700000, 0x00000000df700000|100%|HC|  |TAMS 0x00000000df600000| PB 0x00000000df600000| Complete 
| 503|0x00000000df700000, 0x00000000df800000, 0x00000000df800000|100%|HC|  |TAMS 0x00000000df700000| PB 0x00000000df700000| Complete 
| 504|0x00000000df800000, 0x00000000df900000, 0x00000000df900000|100%|HC|  |TAMS 0x00000000df800000| PB 0x00000000df800000| Complete 
| 505|0x00000000df900000, 0x00000000dfa00000, 0x00000000dfa00000|100%|HC|  |TAMS 0x00000000df900000| PB 0x00000000df900000| Complete 
| 506|0x00000000dfa00000, 0x00000000dfb00000, 0x00000000dfb00000|100%|HC|  |TAMS 0x00000000dfa00000| PB 0x00000000dfa00000| Complete 
| 507|0x00000000dfb00000, 0x00000000dfc00000, 0x00000000dfc00000|100%|HC|  |TAMS 0x00000000dfb00000| PB 0x00000000dfb00000| Complete 
| 508|0x00000000dfc00000, 0x00000000dfd00000, 0x00000000dfd00000|100%|HC|  |TAMS 0x00000000dfc00000| PB 0x00000000dfc00000| Complete 
| 509|0x00000000dfd00000, 0x00000000dfe00000, 0x00000000dfe00000|100%|HC|  |TAMS 0x00000000dfd00000| PB 0x00000000dfd00000| Complete 
| 510|0x00000000dfe00000, 0x00000000dff00000, 0x00000000dff00000|100%|HC|  |TAMS 0x00000000dfe00000| PB 0x00000000dfe00000| Complete 
| 511|0x00000000dff00000, 0x00000000e0000000, 0x00000000e0000000|100%|HC|  |TAMS 0x00000000dff00000| PB 0x00000000dff00000| Complete 
| 512|0x00000000e0000000, 0x00000000e0100000, 0x00000000e0100000|100%|HC|  |TAMS 0x00000000e0000000| PB 0x00000000e0000000| Complete 
| 513|0x00000000e0100000, 0x00000000e0200000, 0x00000000e0200000|100%|HC|  |TAMS 0x00000000e0100000| PB 0x00000000e0100000| Complete 
| 514|0x00000000e0200000, 0x00000000e0300000, 0x00000000e0300000|100%|HC|  |TAMS 0x00000000e0200000| PB 0x00000000e0200000| Complete 
| 515|0x00000000e0300000, 0x00000000e0400000, 0x00000000e0400000|100%|HC|  |TAMS 0x00000000e0300000| PB 0x00000000e0300000| Complete 
| 516|0x00000000e0400000, 0x00000000e0500000, 0x00000000e0500000|100%|HC|  |TAMS 0x00000000e0400000| PB 0x00000000e0400000| Complete 
| 517|0x00000000e0500000, 0x00000000e0600000, 0x00000000e0600000|100%|HC|  |TAMS 0x00000000e0500000| PB 0x00000000e0500000| Complete 
| 518|0x00000000e0600000, 0x00000000e0700000, 0x00000000e0700000|100%|HC|  |TAMS 0x00000000e0600000| PB 0x00000000e0600000| Complete 
| 519|0x00000000e0700000, 0x00000000e0800000, 0x00000000e0800000|100%| O|  |TAMS 0x00000000e0700000| PB 0x00000000e0700000| Untracked 
| 520|0x00000000e0800000, 0x00000000e08fffb8, 0x00000000e0900000| 99%| O|  |TAMS 0x00000000e0800000| PB 0x00000000e0800000| Untracked 
| 521|0x00000000e0900000, 0x00000000e0a00000, 0x00000000e0a00000|100%| O|  |TAMS 0x00000000e0900000| PB 0x00000000e0900000| Untracked 
| 522|0x00000000e0a00000, 0x00000000e0affff8, 0x00000000e0b00000| 99%| O|  |TAMS 0x00000000e0a00000| PB 0x00000000e0a00000| Untracked 
| 523|0x00000000e0b00000, 0x00000000e0c00000, 0x00000000e0c00000|100%| O|  |TAMS 0x00000000e0b00000| PB 0x00000000e0b00000| Untracked 
| 524|0x00000000e0c00000, 0x00000000e0d00000, 0x00000000e0d00000|100%| O|  |TAMS 0x00000000e0c00000| PB 0x00000000e0c00000| Untracked 
| 525|0x00000000e0d00000, 0x00000000e0e00000, 0x00000000e0e00000|100%| O|  |TAMS 0x00000000e0d00000| PB 0x00000000e0d00000| Untracked 
| 526|0x00000000e0e00000, 0x00000000e0efffe0, 0x00000000e0f00000| 99%| O|  |TAMS 0x00000000e0e00000| PB 0x00000000e0e00000| Untracked 
| 527|0x00000000e0f00000, 0x00000000e0ff8860, 0x00000000e1000000| 97%| O|  |TAMS 0x00000000e0f00000| PB 0x00000000e0f00000| Untracked 
| 528|0x00000000e1000000, 0x00000000e1100000, 0x00000000e1100000|100%| O|  |TAMS 0x00000000e1000000| PB 0x00000000e1000000| Untracked 
| 529|0x00000000e1100000, 0x00000000e11fffc0, 0x00000000e1200000| 99%| O|  |TAMS 0x00000000e1100000| PB 0x00000000e1100000| Untracked 
| 530|0x00000000e1200000, 0x00000000e1300000, 0x00000000e1300000|100%| O|  |TAMS 0x00000000e1200000| PB 0x00000000e1200000| Untracked 
| 531|0x00000000e1300000, 0x00000000e13fffe0, 0x00000000e1400000| 99%| O|  |TAMS 0x00000000e1300000| PB 0x00000000e1300000| Untracked 
| 532|0x00000000e1400000, 0x00000000e14fffe0, 0x00000000e1500000| 99%| O|  |TAMS 0x00000000e1400000| PB 0x00000000e1400000| Untracked 
| 533|0x00000000e1500000, 0x00000000e15ffff8, 0x00000000e1600000| 99%| O|  |TAMS 0x00000000e1500000| PB 0x00000000e1500000| Untracked 
| 534|0x00000000e1600000, 0x00000000e16fffe8, 0x00000000e1700000| 99%| O|  |TAMS 0x00000000e1600000| PB 0x00000000e1600000| Untracked 
| 535|0x00000000e1700000, 0x00000000e17ffff0, 0x00000000e1800000| 99%| O|  |TAMS 0x00000000e1700000| PB 0x00000000e1700000| Untracked 
| 536|0x00000000e1800000, 0x00000000e1900000, 0x00000000e1900000|100%| O|  |TAMS 0x00000000e1800000| PB 0x00000000e1800000| Untracked 
| 537|0x00000000e1900000, 0x00000000e19ffff0, 0x00000000e1a00000| 99%| O|  |TAMS 0x00000000e1900000| PB 0x00000000e1900000| Untracked 
| 538|0x00000000e1a00000, 0x00000000e1b00000, 0x00000000e1b00000|100%| O|  |TAMS 0x00000000e1a00000| PB 0x00000000e1a00000| Untracked 
| 539|0x00000000e1b00000, 0x00000000e1bfdad0, 0x00000000e1c00000| 99%| O|  |TAMS 0x00000000e1b00000| PB 0x00000000e1b00000| Untracked 
| 540|0x00000000e1c00000, 0x00000000e1cfffb0, 0x00000000e1d00000| 99%| O|  |TAMS 0x00000000e1c00000| PB 0x00000000e1c00000| Untracked 
| 541|0x00000000e1d00000, 0x00000000e1d00000, 0x00000000e1e00000|  0%| F|  |TAMS 0x00000000e1d00000| PB 0x00000000e1d00000| Untracked 
| 542|0x00000000e1e00000, 0x00000000e1effff0, 0x00000000e1f00000| 99%| O|  |TAMS 0x00000000e1e00000| PB 0x00000000e1e00000| Untracked 
| 543|0x00000000e1f00000, 0x00000000e1ffffd0, 0x00000000e2000000| 99%| O|  |TAMS 0x00000000e1f00000| PB 0x00000000e1f00000| Untracked 
| 544|0x00000000e2000000, 0x00000000e20ffff8, 0x00000000e2100000| 99%| O|  |TAMS 0x00000000e2000000| PB 0x00000000e2000000| Untracked 
| 545|0x00000000e2100000, 0x00000000e21ffff8, 0x00000000e2200000| 99%| O|  |TAMS 0x00000000e2100000| PB 0x00000000e2100000| Untracked 
| 546|0x00000000e2200000, 0x00000000e2300000, 0x00000000e2300000|100%| O|  |TAMS 0x00000000e2200000| PB 0x00000000e2200000| Untracked 
| 547|0x00000000e2300000, 0x00000000e23ffff8, 0x00000000e2400000| 99%| O|  |TAMS 0x00000000e2300000| PB 0x00000000e2300000| Untracked 
| 548|0x00000000e2400000, 0x00000000e24fffc8, 0x00000000e2500000| 99%| O|  |TAMS 0x00000000e2400000| PB 0x00000000e2400000| Untracked 
| 549|0x00000000e2500000, 0x00000000e25ffff8, 0x00000000e2600000| 99%| O|  |TAMS 0x00000000e2500000| PB 0x00000000e2500000| Untracked 
| 550|0x00000000e2600000, 0x00000000e26fffe8, 0x00000000e2700000| 99%| O|  |TAMS 0x00000000e2600000| PB 0x00000000e2600000| Untracked 
| 551|0x00000000e2700000, 0x00000000e27fffc8, 0x00000000e2800000| 99%| O|  |TAMS 0x00000000e2700000| PB 0x00000000e2700000| Untracked 
| 552|0x00000000e2800000, 0x00000000e28fdbe0, 0x00000000e2900000| 99%| O|  |TAMS 0x00000000e2800000| PB 0x00000000e2800000| Untracked 
| 553|0x00000000e2900000, 0x00000000e29fff90, 0x00000000e2a00000| 99%| O|  |TAMS 0x00000000e2900000| PB 0x00000000e2900000| Untracked 
| 554|0x00000000e2a00000, 0x00000000e2affff8, 0x00000000e2b00000| 99%| O|  |TAMS 0x00000000e2a00000| PB 0x00000000e2a00000| Untracked 
| 555|0x00000000e2b00000, 0x00000000e2bfffe0, 0x00000000e2c00000| 99%| O|  |TAMS 0x00000000e2b00000| PB 0x00000000e2b00000| Untracked 
| 556|0x00000000e2c00000, 0x00000000e2cffff0, 0x00000000e2d00000| 99%| O|  |TAMS 0x00000000e2c00000| PB 0x00000000e2c00000| Untracked 
| 557|0x00000000e2d00000, 0x00000000e2dec5e0, 0x00000000e2e00000| 92%| O|  |TAMS 0x00000000e2d00000| PB 0x00000000e2d00000| Untracked 
| 558|0x00000000e2e00000, 0x00000000e2ed8a60, 0x00000000e2f00000| 84%| O|  |TAMS 0x00000000e2e00000| PB 0x00000000e2e00000| Untracked 
| 559|0x00000000e2f00000, 0x00000000e2ffffe8, 0x00000000e3000000| 99%| O|  |TAMS 0x00000000e2f00000| PB 0x00000000e2f00000| Untracked 
| 560|0x00000000e3000000, 0x00000000e30fffa8, 0x00000000e3100000| 99%| O|  |TAMS 0x00000000e3000000| PB 0x00000000e3000000| Untracked 
| 561|0x00000000e3100000, 0x00000000e3100000, 0x00000000e3200000|  0%| F|  |TAMS 0x00000000e3100000| PB 0x00000000e3100000| Untracked 
| 562|0x00000000e3200000, 0x00000000e32fffd8, 0x00000000e3300000| 99%| O|  |TAMS 0x00000000e3200000| PB 0x00000000e3200000| Untracked 
| 563|0x00000000e3300000, 0x00000000e3400000, 0x00000000e3400000|100%| O|  |TAMS 0x00000000e3300000| PB 0x00000000e3300000| Untracked 
| 564|0x00000000e3400000, 0x00000000e34ffff8, 0x00000000e3500000| 99%| O|  |TAMS 0x00000000e3400000| PB 0x00000000e3400000| Untracked 
| 565|0x00000000e3500000, 0x00000000e35fffe0, 0x00000000e3600000| 99%| O|  |TAMS 0x00000000e3500000| PB 0x00000000e3500000| Untracked 
| 566|0x00000000e3600000, 0x00000000e36ffff8, 0x00000000e3700000| 99%| O|  |TAMS 0x00000000e3600000| PB 0x00000000e3600000| Untracked 
| 567|0x00000000e3700000, 0x00000000e37cc630, 0x00000000e3800000| 79%| O|  |TAMS 0x00000000e3700000| PB 0x00000000e3700000| Untracked 
| 568|0x00000000e3800000, 0x00000000e38fff68, 0x00000000e3900000| 99%| O|  |TAMS 0x00000000e3800000| PB 0x00000000e3800000| Untracked 
| 569|0x00000000e3900000, 0x00000000e39fffd0, 0x00000000e3a00000| 99%| O|  |TAMS 0x00000000e3900000| PB 0x00000000e3900000| Untracked 
| 570|0x00000000e3a00000, 0x00000000e3afffc8, 0x00000000e3b00000| 99%| O|  |TAMS 0x00000000e3a00000| PB 0x00000000e3a00000| Untracked 
| 571|0x00000000e3b00000, 0x00000000e3bffff0, 0x00000000e3c00000| 99%| O|  |TAMS 0x00000000e3b00000| PB 0x00000000e3b00000| Untracked 
| 572|0x00000000e3c00000, 0x00000000e3cffff8, 0x00000000e3d00000| 99%| O|  |TAMS 0x00000000e3c00000| PB 0x00000000e3c00000| Untracked 
| 573|0x00000000e3d00000, 0x00000000e3e00000, 0x00000000e3e00000|100%|HS|  |TAMS 0x00000000e3d00000| PB 0x00000000e3d00000| Complete 
| 574|0x00000000e3e00000, 0x00000000e3efffa0, 0x00000000e3f00000| 99%| O|  |TAMS 0x00000000e3e00000| PB 0x00000000e3e00000| Untracked 
| 575|0x00000000e3f00000, 0x00000000e3f00000, 0x00000000e4000000|  0%| F|  |TAMS 0x00000000e3f00000| PB 0x00000000e3f00000| Untracked 
| 576|0x00000000e4000000, 0x00000000e4000000, 0x00000000e4100000|  0%| F|  |TAMS 0x00000000e4000000| PB 0x00000000e4000000| Untracked 
| 577|0x00000000e4100000, 0x00000000e41b8348, 0x00000000e4200000| 71%| O|  |TAMS 0x00000000e4100000| PB 0x00000000e4100000| Untracked 
| 578|0x00000000e4200000, 0x00000000e4286ce0, 0x00000000e4300000| 52%| O|  |TAMS 0x00000000e4200000| PB 0x00000000e4200000| Untracked 
| 579|0x00000000e4300000, 0x00000000e43fffe8, 0x00000000e4400000| 99%| O|  |TAMS 0x00000000e4300000| PB 0x00000000e4300000| Untracked 
| 580|0x00000000e4400000, 0x00000000e44ffff0, 0x00000000e4500000| 99%| O|  |TAMS 0x00000000e4400000| PB 0x00000000e4400000| Untracked 
| 581|0x00000000e4500000, 0x00000000e4500000, 0x00000000e4600000|  0%| F|  |TAMS 0x00000000e4500000| PB 0x00000000e4500000| Untracked 
| 582|0x00000000e4600000, 0x00000000e46fffe8, 0x00000000e4700000| 99%| O|  |TAMS 0x00000000e4600000| PB 0x00000000e4600000| Untracked 
| 583|0x00000000e4700000, 0x00000000e4700000, 0x00000000e4800000|  0%| F|  |TAMS 0x00000000e4700000| PB 0x00000000e4700000| Untracked 
| 584|0x00000000e4800000, 0x00000000e48fffd8, 0x00000000e4900000| 99%| O|  |TAMS 0x00000000e4800000| PB 0x00000000e4800000| Untracked 
| 585|0x00000000e4900000, 0x00000000e497c530, 0x00000000e4a00000| 48%| O|  |TAMS 0x00000000e4900000| PB 0x00000000e4900000| Untracked 
| 586|0x00000000e4a00000, 0x00000000e4a89d48, 0x00000000e4b00000| 53%| O|  |TAMS 0x00000000e4a00000| PB 0x00000000e4a00000| Untracked 
| 587|0x00000000e4b00000, 0x00000000e4b00000, 0x00000000e4c00000|  0%| F|  |TAMS 0x00000000e4b00000| PB 0x00000000e4b00000| Untracked 
| 588|0x00000000e4c00000, 0x00000000e4c00000, 0x00000000e4d00000|  0%| F|  |TAMS 0x00000000e4c00000| PB 0x00000000e4c00000| Untracked 
| 589|0x00000000e4d00000, 0x00000000e4e00000, 0x00000000e4e00000|100%| O|  |TAMS 0x00000000e4d00000| PB 0x00000000e4d00000| Untracked 
| 590|0x00000000e4e00000, 0x00000000e4f00000, 0x00000000e4f00000|100%| O|  |TAMS 0x00000000e4e00000| PB 0x00000000e4e00000| Untracked 
| 591|0x00000000e4f00000, 0x00000000e5000000, 0x00000000e5000000|100%| O|  |TAMS 0x00000000e4f00000| PB 0x00000000e4f00000| Untracked 
| 592|0x00000000e5000000, 0x00000000e5100000, 0x00000000e5100000|100%| O|  |TAMS 0x00000000e5000000| PB 0x00000000e5000000| Untracked 
| 593|0x00000000e5100000, 0x00000000e513cb00, 0x00000000e5200000| 23%| O|  |TAMS 0x00000000e5100000| PB 0x00000000e5100000| Untracked 
| 594|0x00000000e5200000, 0x00000000e5300000, 0x00000000e5300000|100%| O|  |TAMS 0x00000000e5200000| PB 0x00000000e5200000| Untracked 
| 595|0x00000000e5300000, 0x00000000e5361880, 0x00000000e5400000| 38%| O|  |TAMS 0x00000000e5300000| PB 0x00000000e5300000| Untracked 
| 596|0x00000000e5400000, 0x00000000e5400000, 0x00000000e5500000|  0%| F|  |TAMS 0x00000000e5400000| PB 0x00000000e5400000| Untracked 
| 597|0x00000000e5500000, 0x00000000e55ffff8, 0x00000000e5600000| 99%| O|  |TAMS 0x00000000e5500000| PB 0x00000000e5500000| Untracked 
| 598|0x00000000e5600000, 0x00000000e566b4b0, 0x00000000e5700000| 41%| O|  |TAMS 0x00000000e5600000| PB 0x00000000e5600000| Untracked 
| 599|0x00000000e5700000, 0x00000000e5700000, 0x00000000e5800000|  0%| F|  |TAMS 0x00000000e5700000| PB 0x00000000e5700000| Untracked 
| 600|0x00000000e5800000, 0x00000000e5800000, 0x00000000e5900000|  0%| F|  |TAMS 0x00000000e5800000| PB 0x00000000e5800000| Untracked 
| 601|0x00000000e5900000, 0x00000000e5900000, 0x00000000e5a00000|  0%| F|  |TAMS 0x00000000e5900000| PB 0x00000000e5900000| Untracked 
| 602|0x00000000e5a00000, 0x00000000e5a00000, 0x00000000e5b00000|  0%| F|  |TAMS 0x00000000e5a00000| PB 0x00000000e5a00000| Untracked 
| 603|0x00000000e5b00000, 0x00000000e5b00000, 0x00000000e5c00000|  0%| F|  |TAMS 0x00000000e5b00000| PB 0x00000000e5b00000| Untracked 
| 604|0x00000000e5c00000, 0x00000000e5c00000, 0x00000000e5d00000|  0%| F|  |TAMS 0x00000000e5c00000| PB 0x00000000e5c00000| Untracked 
| 605|0x00000000e5d00000, 0x00000000e5d7f3c0, 0x00000000e5e00000| 49%| O|  |TAMS 0x00000000e5d00000| PB 0x00000000e5d00000| Untracked 
| 606|0x00000000e5e00000, 0x00000000e5e00000, 0x00000000e5f00000|  0%| F|  |TAMS 0x00000000e5e00000| PB 0x00000000e5e00000| Untracked 
| 607|0x00000000e5f00000, 0x00000000e6000000, 0x00000000e6000000|100%| O|  |TAMS 0x00000000e5f00000| PB 0x00000000e5f00000| Untracked 
| 608|0x00000000e6000000, 0x00000000e6000000, 0x00000000e6100000|  0%| F|  |TAMS 0x00000000e6000000| PB 0x00000000e6000000| Untracked 
| 609|0x00000000e6100000, 0x00000000e6100000, 0x00000000e6200000|  0%| F|  |TAMS 0x00000000e6100000| PB 0x00000000e6100000| Untracked 
| 610|0x00000000e6200000, 0x00000000e6200000, 0x00000000e6300000|  0%| F|  |TAMS 0x00000000e6200000| PB 0x00000000e6200000| Untracked 
| 611|0x00000000e6300000, 0x00000000e6300000, 0x00000000e6400000|  0%| F|  |TAMS 0x00000000e6300000| PB 0x00000000e6300000| Untracked 
| 612|0x00000000e6400000, 0x00000000e6500000, 0x00000000e6500000|100%| O|  |TAMS 0x00000000e6400000| PB 0x00000000e6400000| Untracked 
| 613|0x00000000e6500000, 0x00000000e6600000, 0x00000000e6600000|100%| O|  |TAMS 0x00000000e6500000| PB 0x00000000e6500000| Untracked 
| 614|0x00000000e6600000, 0x00000000e6700000, 0x00000000e6700000|100%| O|  |TAMS 0x00000000e6600000| PB 0x00000000e6600000| Untracked 
| 615|0x00000000e6700000, 0x00000000e6800000, 0x00000000e6800000|100%| O|  |TAMS 0x00000000e6700000| PB 0x00000000e6700000| Untracked 
| 616|0x00000000e6800000, 0x00000000e6900000, 0x00000000e6900000|100%| O|  |TAMS 0x00000000e6800000| PB 0x00000000e6800000| Untracked 
| 617|0x00000000e6900000, 0x00000000e6a00000, 0x00000000e6a00000|100%| O|  |TAMS 0x00000000e6900000| PB 0x00000000e6900000| Untracked 
| 618|0x00000000e6a00000, 0x00000000e6b00000, 0x00000000e6b00000|100%| O|  |TAMS 0x00000000e6a00000| PB 0x00000000e6a00000| Untracked 
| 619|0x00000000e6b00000, 0x00000000e6c00000, 0x00000000e6c00000|100%| O|  |TAMS 0x00000000e6b00000| PB 0x00000000e6b00000| Untracked 
| 620|0x00000000e6c00000, 0x00000000e6d00000, 0x00000000e6d00000|100%| O|  |TAMS 0x00000000e6c00000| PB 0x00000000e6c00000| Untracked 
| 621|0x00000000e6d00000, 0x00000000e6d00000, 0x00000000e6e00000|  0%| F|  |TAMS 0x00000000e6d00000| PB 0x00000000e6d00000| Untracked 
| 622|0x00000000e6e00000, 0x00000000e6e00000, 0x00000000e6f00000|  0%| F|  |TAMS 0x00000000e6e00000| PB 0x00000000e6e00000| Untracked 
| 623|0x00000000e6f00000, 0x00000000e6f00000, 0x00000000e7000000|  0%| F|  |TAMS 0x00000000e6f00000| PB 0x00000000e6f00000| Untracked 
| 624|0x00000000e7000000, 0x00000000e7000000, 0x00000000e7100000|  0%| F|  |TAMS 0x00000000e7000000| PB 0x00000000e7000000| Untracked 
| 625|0x00000000e7100000, 0x00000000e7100000, 0x00000000e7200000|  0%| F|  |TAMS 0x00000000e7100000| PB 0x00000000e7100000| Untracked 
| 626|0x00000000e7200000, 0x00000000e7200000, 0x00000000e7300000|  0%| F|  |TAMS 0x00000000e7200000| PB 0x00000000e7200000| Untracked 
| 627|0x00000000e7300000, 0x00000000e7300000, 0x00000000e7400000|  0%| F|  |TAMS 0x00000000e7300000| PB 0x00000000e7300000| Untracked 
| 628|0x00000000e7400000, 0x00000000e7400000, 0x00000000e7500000|  0%| F|  |TAMS 0x00000000e7400000| PB 0x00000000e7400000| Untracked 
| 629|0x00000000e7500000, 0x00000000e7500000, 0x00000000e7600000|  0%| F|  |TAMS 0x00000000e7500000| PB 0x00000000e7500000| Untracked 
| 630|0x00000000e7600000, 0x00000000e7600000, 0x00000000e7700000|  0%| F|  |TAMS 0x00000000e7600000| PB 0x00000000e7600000| Untracked 
| 631|0x00000000e7700000, 0x00000000e7700000, 0x00000000e7800000|  0%| F|  |TAMS 0x00000000e7700000| PB 0x00000000e7700000| Untracked 
| 632|0x00000000e7800000, 0x00000000e7900000, 0x00000000e7900000|100%| O|  |TAMS 0x00000000e7800000| PB 0x00000000e7800000| Untracked 
| 633|0x00000000e7900000, 0x00000000e7900000, 0x00000000e7a00000|  0%| F|  |TAMS 0x00000000e7900000| PB 0x00000000e7900000| Untracked 
| 634|0x00000000e7a00000, 0x00000000e7b00000, 0x00000000e7b00000|100%| O|  |TAMS 0x00000000e7a00000| PB 0x00000000e7a00000| Untracked 
| 635|0x00000000e7b00000, 0x00000000e7b5ff18, 0x00000000e7c00000| 37%| O|  |TAMS 0x00000000e7b00000| PB 0x00000000e7b00000| Untracked 
| 636|0x00000000e7c00000, 0x00000000e7c00000, 0x00000000e7d00000|  0%| F|  |TAMS 0x00000000e7c00000| PB 0x00000000e7c00000| Untracked 
| 637|0x00000000e7d00000, 0x00000000e7d00000, 0x00000000e7e00000|  0%| F|  |TAMS 0x00000000e7d00000| PB 0x00000000e7d00000| Untracked 
| 638|0x00000000e7e00000, 0x00000000e7e00000, 0x00000000e7f00000|  0%| F|  |TAMS 0x00000000e7e00000| PB 0x00000000e7e00000| Untracked 
| 639|0x00000000e7f00000, 0x00000000e7f00000, 0x00000000e8000000|  0%| F|  |TAMS 0x00000000e7f00000| PB 0x00000000e7f00000| Untracked 
| 640|0x00000000e8000000, 0x00000000e8000000, 0x00000000e8100000|  0%| F|  |TAMS 0x00000000e8000000| PB 0x00000000e8000000| Untracked 
| 641|0x00000000e8100000, 0x00000000e8100000, 0x00000000e8200000|  0%| F|  |TAMS 0x00000000e8100000| PB 0x00000000e8100000| Untracked 
| 642|0x00000000e8200000, 0x00000000e8200000, 0x00000000e8300000|  0%| F|  |TAMS 0x00000000e8200000| PB 0x00000000e8200000| Untracked 
| 643|0x00000000e8300000, 0x00000000e8300000, 0x00000000e8400000|  0%| F|  |TAMS 0x00000000e8300000| PB 0x00000000e8300000| Untracked 
| 644|0x00000000e8400000, 0x00000000e8400000, 0x00000000e8500000|  0%| F|  |TAMS 0x00000000e8400000| PB 0x00000000e8400000| Untracked 
| 645|0x00000000e8500000, 0x00000000e8500000, 0x00000000e8600000|  0%| F|  |TAMS 0x00000000e8500000| PB 0x00000000e8500000| Untracked 
| 646|0x00000000e8600000, 0x00000000e8600000, 0x00000000e8700000|  0%| F|  |TAMS 0x00000000e8600000| PB 0x00000000e8600000| Untracked 
| 647|0x00000000e8700000, 0x00000000e8700000, 0x00000000e8800000|  0%| F|  |TAMS 0x00000000e8700000| PB 0x00000000e8700000| Untracked 
| 648|0x00000000e8800000, 0x00000000e8800000, 0x00000000e8900000|  0%| F|  |TAMS 0x00000000e8800000| PB 0x00000000e8800000| Untracked 
| 649|0x00000000e8900000, 0x00000000e8900000, 0x00000000e8a00000|  0%| F|  |TAMS 0x00000000e8900000| PB 0x00000000e8900000| Untracked 
| 650|0x00000000e8a00000, 0x00000000e8a00000, 0x00000000e8b00000|  0%| F|  |TAMS 0x00000000e8a00000| PB 0x00000000e8a00000| Untracked 
| 651|0x00000000e8b00000, 0x00000000e8bf1790, 0x00000000e8c00000| 94%| S|CS|TAMS 0x00000000e8b00000| PB 0x00000000e8b00000| Complete 
| 652|0x00000000e8c00000, 0x00000000e8d00000, 0x00000000e8d00000|100%| S|CS|TAMS 0x00000000e8c00000| PB 0x00000000e8c00000| Complete 
| 653|0x00000000e8d00000, 0x00000000e8e00000, 0x00000000e8e00000|100%| S|CS|TAMS 0x00000000e8d00000| PB 0x00000000e8d00000| Complete 
| 654|0x00000000e8e00000, 0x00000000e8f00000, 0x00000000e8f00000|100%| S|CS|TAMS 0x00000000e8e00000| PB 0x00000000e8e00000| Complete 
| 655|0x00000000e8f00000, 0x00000000e9000000, 0x00000000e9000000|100%| S|CS|TAMS 0x00000000e8f00000| PB 0x00000000e8f00000| Complete 
| 656|0x00000000e9000000, 0x00000000e9100000, 0x00000000e9100000|100%| S|CS|TAMS 0x00000000e9000000| PB 0x00000000e9000000| Complete 
| 657|0x00000000e9100000, 0x00000000e9200000, 0x00000000e9200000|100%| S|CS|TAMS 0x00000000e9100000| PB 0x00000000e9100000| Complete 
| 658|0x00000000e9200000, 0x00000000e9200000, 0x00000000e9300000|  0%| F|  |TAMS 0x00000000e9200000| PB 0x00000000e9200000| Untracked 
| 659|0x00000000e9300000, 0x00000000e9400000, 0x00000000e9400000|100%| O|  |TAMS 0x00000000e9300000| PB 0x00000000e9300000| Untracked 
| 660|0x00000000e9400000, 0x00000000e9400000, 0x00000000e9500000|  0%| F|  |TAMS 0x00000000e9400000| PB 0x00000000e9400000| Untracked 
| 661|0x00000000e9500000, 0x00000000e9500000, 0x00000000e9600000|  0%| F|  |TAMS 0x00000000e9500000| PB 0x00000000e9500000| Untracked 
| 662|0x00000000e9600000, 0x00000000e9600000, 0x00000000e9700000|  0%| F|  |TAMS 0x00000000e9600000| PB 0x00000000e9600000| Untracked 
| 663|0x00000000e9700000, 0x00000000e9700000, 0x00000000e9800000|  0%| F|  |TAMS 0x00000000e9700000| PB 0x00000000e9700000| Untracked 
| 664|0x00000000e9800000, 0x00000000e9800000, 0x00000000e9900000|  0%| F|  |TAMS 0x00000000e9800000| PB 0x00000000e9800000| Untracked 
| 665|0x00000000e9900000, 0x00000000e9900000, 0x00000000e9a00000|  0%| F|  |TAMS 0x00000000e9900000| PB 0x00000000e9900000| Untracked 
| 666|0x00000000e9a00000, 0x00000000e9b00000, 0x00000000e9b00000|100%| S|CS|TAMS 0x00000000e9a00000| PB 0x00000000e9a00000| Complete 
| 667|0x00000000e9b00000, 0x00000000e9c00000, 0x00000000e9c00000|100%| S|CS|TAMS 0x00000000e9b00000| PB 0x00000000e9b00000| Complete 
| 668|0x00000000e9c00000, 0x00000000e9d00000, 0x00000000e9d00000|100%| S|CS|TAMS 0x00000000e9c00000| PB 0x00000000e9c00000| Complete 
| 669|0x00000000e9d00000, 0x00000000e9e00000, 0x00000000e9e00000|100%| S|CS|TAMS 0x00000000e9d00000| PB 0x00000000e9d00000| Complete 
| 670|0x00000000e9e00000, 0x00000000e9f00000, 0x00000000e9f00000|100%| S|CS|TAMS 0x00000000e9e00000| PB 0x00000000e9e00000| Complete 
| 671|0x00000000e9f00000, 0x00000000ea000000, 0x00000000ea000000|100%| S|CS|TAMS 0x00000000e9f00000| PB 0x00000000e9f00000| Complete 
| 672|0x00000000ea000000, 0x00000000ea100000, 0x00000000ea100000|100%| S|CS|TAMS 0x00000000ea000000| PB 0x00000000ea000000| Complete 
| 673|0x00000000ea100000, 0x00000000ea200000, 0x00000000ea200000|100%| S|CS|TAMS 0x00000000ea100000| PB 0x00000000ea100000| Complete 
| 674|0x00000000ea200000, 0x00000000ea300000, 0x00000000ea300000|100%| S|CS|TAMS 0x00000000ea200000| PB 0x00000000ea200000| Complete 
| 675|0x00000000ea300000, 0x00000000ea400000, 0x00000000ea400000|100%| S|CS|TAMS 0x00000000ea300000| PB 0x00000000ea300000| Complete 
| 676|0x00000000ea400000, 0x00000000ea500000, 0x00000000ea500000|100%| O|  |TAMS 0x00000000ea400000| PB 0x00000000ea400000| Untracked 
| 677|0x00000000ea500000, 0x00000000ea600000, 0x00000000ea600000|100%| S|CS|TAMS 0x00000000ea500000| PB 0x00000000ea500000| Complete 
| 678|0x00000000ea600000, 0x00000000ea700000, 0x00000000ea700000|100%| S|CS|TAMS 0x00000000ea600000| PB 0x00000000ea600000| Complete 
| 679|0x00000000ea700000, 0x00000000ea800000, 0x00000000ea800000|100%| S|CS|TAMS 0x00000000ea700000| PB 0x00000000ea700000| Complete 
| 680|0x00000000ea800000, 0x00000000ea900000, 0x00000000ea900000|100%| S|CS|TAMS 0x00000000ea800000| PB 0x00000000ea800000| Complete 
| 681|0x00000000ea900000, 0x00000000eaa00000, 0x00000000eaa00000|100%| S|CS|TAMS 0x00000000ea900000| PB 0x00000000ea900000| Complete 
| 682|0x00000000eaa00000, 0x00000000eab00000, 0x00000000eab00000|100%| S|CS|TAMS 0x00000000eaa00000| PB 0x00000000eaa00000| Complete 
| 683|0x00000000eab00000, 0x00000000eac00000, 0x00000000eac00000|100%| S|CS|TAMS 0x00000000eab00000| PB 0x00000000eab00000| Complete 
| 684|0x00000000eac00000, 0x00000000eac00000, 0x00000000ead00000|  0%| F|  |TAMS 0x00000000eac00000| PB 0x00000000eac00000| Untracked 
| 685|0x00000000ead00000, 0x00000000ead00000, 0x00000000eae00000|  0%| F|  |TAMS 0x00000000ead00000| PB 0x00000000ead00000| Untracked 
| 686|0x00000000eae00000, 0x00000000eae00000, 0x00000000eaf00000|  0%| F|  |TAMS 0x00000000eae00000| PB 0x00000000eae00000| Untracked 
| 687|0x00000000eaf00000, 0x00000000eaf00000, 0x00000000eb000000|  0%| F|  |TAMS 0x00000000eaf00000| PB 0x00000000eaf00000| Untracked 
| 688|0x00000000eb000000, 0x00000000eb000000, 0x00000000eb100000|  0%| F|  |TAMS 0x00000000eb000000| PB 0x00000000eb000000| Untracked 
| 689|0x00000000eb100000, 0x00000000eb100000, 0x00000000eb200000|  0%| F|  |TAMS 0x00000000eb100000| PB 0x00000000eb100000| Untracked 
| 690|0x00000000eb200000, 0x00000000eb200000, 0x00000000eb300000|  0%| F|  |TAMS 0x00000000eb200000| PB 0x00000000eb200000| Untracked 
| 691|0x00000000eb300000, 0x00000000eb300000, 0x00000000eb400000|  0%| F|  |TAMS 0x00000000eb300000| PB 0x00000000eb300000| Untracked 
| 692|0x00000000eb400000, 0x00000000eb400000, 0x00000000eb500000|  0%| F|  |TAMS 0x00000000eb400000| PB 0x00000000eb400000| Untracked 
| 693|0x00000000eb500000, 0x00000000eb500000, 0x00000000eb600000|  0%| F|  |TAMS 0x00000000eb500000| PB 0x00000000eb500000| Untracked 
| 694|0x00000000eb600000, 0x00000000eb600000, 0x00000000eb700000|  0%| F|  |TAMS 0x00000000eb600000| PB 0x00000000eb600000| Untracked 
| 695|0x00000000eb700000, 0x00000000eb700000, 0x00000000eb800000|  0%| F|  |TAMS 0x00000000eb700000| PB 0x00000000eb700000| Untracked 
| 696|0x00000000eb800000, 0x00000000eb800000, 0x00000000eb900000|  0%| F|  |TAMS 0x00000000eb800000| PB 0x00000000eb800000| Untracked 
| 697|0x00000000eb900000, 0x00000000eb900000, 0x00000000eba00000|  0%| F|  |TAMS 0x00000000eb900000| PB 0x00000000eb900000| Untracked 
| 698|0x00000000eba00000, 0x00000000eba00000, 0x00000000ebb00000|  0%| F|  |TAMS 0x00000000eba00000| PB 0x00000000eba00000| Untracked 
| 699|0x00000000ebb00000, 0x00000000ebb00000, 0x00000000ebc00000|  0%| F|  |TAMS 0x00000000ebb00000| PB 0x00000000ebb00000| Untracked 
| 700|0x00000000ebc00000, 0x00000000ebc00000, 0x00000000ebd00000|  0%| F|  |TAMS 0x00000000ebc00000| PB 0x00000000ebc00000| Untracked 
| 701|0x00000000ebd00000, 0x00000000ebd00000, 0x00000000ebe00000|  0%| F|  |TAMS 0x00000000ebd00000| PB 0x00000000ebd00000| Untracked 
| 702|0x00000000ebe00000, 0x00000000ebe00000, 0x00000000ebf00000|  0%| F|  |TAMS 0x00000000ebe00000| PB 0x00000000ebe00000| Untracked 
| 703|0x00000000ebf00000, 0x00000000ebf00000, 0x00000000ec000000|  0%| F|  |TAMS 0x00000000ebf00000| PB 0x00000000ebf00000| Untracked 
| 704|0x00000000ec000000, 0x00000000ec000000, 0x00000000ec100000|  0%| F|  |TAMS 0x00000000ec000000| PB 0x00000000ec000000| Untracked 
| 705|0x00000000ec100000, 0x00000000ec100000, 0x00000000ec200000|  0%| F|  |TAMS 0x00000000ec100000| PB 0x00000000ec100000| Untracked 
| 706|0x00000000ec200000, 0x00000000ec200000, 0x00000000ec300000|  0%| F|  |TAMS 0x00000000ec200000| PB 0x00000000ec200000| Untracked 
| 707|0x00000000ec300000, 0x00000000ec300000, 0x00000000ec400000|  0%| F|  |TAMS 0x00000000ec300000| PB 0x00000000ec300000| Untracked 
| 708|0x00000000ec400000, 0x00000000ec400000, 0x00000000ec500000|  0%| F|  |TAMS 0x00000000ec400000| PB 0x00000000ec400000| Untracked 
| 709|0x00000000ec500000, 0x00000000ec500000, 0x00000000ec600000|  0%| F|  |TAMS 0x00000000ec500000| PB 0x00000000ec500000| Untracked 
| 710|0x00000000ec600000, 0x00000000ec600000, 0x00000000ec700000|  0%| F|  |TAMS 0x00000000ec600000| PB 0x00000000ec600000| Untracked 
| 711|0x00000000ec700000, 0x00000000ec700000, 0x00000000ec800000|  0%| F|  |TAMS 0x00000000ec700000| PB 0x00000000ec700000| Untracked 
| 712|0x00000000ec800000, 0x00000000ec800000, 0x00000000ec900000|  0%| F|  |TAMS 0x00000000ec800000| PB 0x00000000ec800000| Untracked 
| 713|0x00000000ec900000, 0x00000000ec900000, 0x00000000eca00000|  0%| F|  |TAMS 0x00000000ec900000| PB 0x00000000ec900000| Untracked 
| 714|0x00000000eca00000, 0x00000000eca00000, 0x00000000ecb00000|  0%| F|  |TAMS 0x00000000eca00000| PB 0x00000000eca00000| Untracked 
| 715|0x00000000ecb00000, 0x00000000ecb00000, 0x00000000ecc00000|  0%| F|  |TAMS 0x00000000ecb00000| PB 0x00000000ecb00000| Untracked 
| 716|0x00000000ecc00000, 0x00000000ecc00000, 0x00000000ecd00000|  0%| F|  |TAMS 0x00000000ecc00000| PB 0x00000000ecc00000| Untracked 
| 717|0x00000000ecd00000, 0x00000000ecd00000, 0x00000000ece00000|  0%| F|  |TAMS 0x00000000ecd00000| PB 0x00000000ecd00000| Untracked 
| 718|0x00000000ece00000, 0x00000000ece00000, 0x00000000ecf00000|  0%| F|  |TAMS 0x00000000ece00000| PB 0x00000000ece00000| Untracked 
| 719|0x00000000ecf00000, 0x00000000ecf00000, 0x00000000ed000000|  0%| F|  |TAMS 0x00000000ecf00000| PB 0x00000000ecf00000| Untracked 
| 720|0x00000000ed000000, 0x00000000ed000000, 0x00000000ed100000|  0%| F|  |TAMS 0x00000000ed000000| PB 0x00000000ed000000| Untracked 
| 721|0x00000000ed100000, 0x00000000ed100000, 0x00000000ed200000|  0%| F|  |TAMS 0x00000000ed100000| PB 0x00000000ed100000| Untracked 
| 722|0x00000000ed200000, 0x00000000ed200000, 0x00000000ed300000|  0%| F|  |TAMS 0x00000000ed200000| PB 0x00000000ed200000| Untracked 
| 723|0x00000000ed300000, 0x00000000ed300000, 0x00000000ed400000|  0%| F|  |TAMS 0x00000000ed300000| PB 0x00000000ed300000| Untracked 
| 724|0x00000000ed400000, 0x00000000ed400000, 0x00000000ed500000|  0%| F|  |TAMS 0x00000000ed400000| PB 0x00000000ed400000| Untracked 
| 725|0x00000000ed500000, 0x00000000ed500000, 0x00000000ed600000|  0%| F|  |TAMS 0x00000000ed500000| PB 0x00000000ed500000| Untracked 
| 726|0x00000000ed600000, 0x00000000ed600000, 0x00000000ed700000|  0%| F|  |TAMS 0x00000000ed600000| PB 0x00000000ed600000| Untracked 
| 727|0x00000000ed700000, 0x00000000ed700000, 0x00000000ed800000|  0%| F|  |TAMS 0x00000000ed700000| PB 0x00000000ed700000| Untracked 
| 728|0x00000000ed800000, 0x00000000ed800000, 0x00000000ed900000|  0%| F|  |TAMS 0x00000000ed800000| PB 0x00000000ed800000| Untracked 
| 729|0x00000000ed900000, 0x00000000ed900000, 0x00000000eda00000|  0%| F|  |TAMS 0x00000000ed900000| PB 0x00000000ed900000| Untracked 
| 730|0x00000000eda00000, 0x00000000eda00000, 0x00000000edb00000|  0%| F|  |TAMS 0x00000000eda00000| PB 0x00000000eda00000| Untracked 
| 731|0x00000000edb00000, 0x00000000edb00000, 0x00000000edc00000|  0%| F|  |TAMS 0x00000000edb00000| PB 0x00000000edb00000| Untracked 
| 732|0x00000000edc00000, 0x00000000edc00000, 0x00000000edd00000|  0%| F|  |TAMS 0x00000000edc00000| PB 0x00000000edc00000| Untracked 
| 733|0x00000000edd00000, 0x00000000edd00000, 0x00000000ede00000|  0%| F|  |TAMS 0x00000000edd00000| PB 0x00000000edd00000| Untracked 
| 734|0x00000000ede00000, 0x00000000ede00000, 0x00000000edf00000|  0%| F|  |TAMS 0x00000000ede00000| PB 0x00000000ede00000| Untracked 
| 735|0x00000000edf00000, 0x00000000edf00000, 0x00000000ee000000|  0%| F|  |TAMS 0x00000000edf00000| PB 0x00000000edf00000| Untracked 
| 736|0x00000000ee000000, 0x00000000ee100000, 0x00000000ee100000|100%| O|  |TAMS 0x00000000ee000000| PB 0x00000000ee000000| Untracked 
| 737|0x00000000ee100000, 0x00000000ee100000, 0x00000000ee200000|  0%| F|  |TAMS 0x00000000ee100000| PB 0x00000000ee100000| Untracked 
| 738|0x00000000ee200000, 0x00000000ee200000, 0x00000000ee300000|  0%| F|  |TAMS 0x00000000ee200000| PB 0x00000000ee200000| Untracked 
| 739|0x00000000ee300000, 0x00000000ee300000, 0x00000000ee400000|  0%| F|  |TAMS 0x00000000ee300000| PB 0x00000000ee300000| Untracked 
| 740|0x00000000ee400000, 0x00000000ee400000, 0x00000000ee500000|  0%| F|  |TAMS 0x00000000ee400000| PB 0x00000000ee400000| Untracked 
| 741|0x00000000ee500000, 0x00000000ee500000, 0x00000000ee600000|  0%| F|  |TAMS 0x00000000ee500000| PB 0x00000000ee500000| Untracked 
| 742|0x00000000ee600000, 0x00000000ee600000, 0x00000000ee700000|  0%| F|  |TAMS 0x00000000ee600000| PB 0x00000000ee600000| Untracked 
| 743|0x00000000ee700000, 0x00000000ee700000, 0x00000000ee800000|  0%| F|  |TAMS 0x00000000ee700000| PB 0x00000000ee700000| Untracked 
| 744|0x00000000ee800000, 0x00000000ee800000, 0x00000000ee900000|  0%| F|  |TAMS 0x00000000ee800000| PB 0x00000000ee800000| Untracked 
| 745|0x00000000ee900000, 0x00000000ee900000, 0x00000000eea00000|  0%| F|  |TAMS 0x00000000ee900000| PB 0x00000000ee900000| Untracked 
| 746|0x00000000eea00000, 0x00000000eea00000, 0x00000000eeb00000|  0%| F|  |TAMS 0x00000000eea00000| PB 0x00000000eea00000| Untracked 
| 747|0x00000000eeb00000, 0x00000000eeb00000, 0x00000000eec00000|  0%| F|  |TAMS 0x00000000eeb00000| PB 0x00000000eeb00000| Untracked 
| 748|0x00000000eec00000, 0x00000000eec00000, 0x00000000eed00000|  0%| F|  |TAMS 0x00000000eec00000| PB 0x00000000eec00000| Untracked 
| 749|0x00000000eed00000, 0x00000000eed00000, 0x00000000eee00000|  0%| F|  |TAMS 0x00000000eed00000| PB 0x00000000eed00000| Untracked 
| 750|0x00000000eee00000, 0x00000000eee00000, 0x00000000eef00000|  0%| F|  |TAMS 0x00000000eee00000| PB 0x00000000eee00000| Untracked 
| 751|0x00000000eef00000, 0x00000000eef00000, 0x00000000ef000000|  0%| F|  |TAMS 0x00000000eef00000| PB 0x00000000eef00000| Untracked 
| 752|0x00000000ef000000, 0x00000000ef000000, 0x00000000ef100000|  0%| F|  |TAMS 0x00000000ef000000| PB 0x00000000ef000000| Untracked 
| 753|0x00000000ef100000, 0x00000000ef100000, 0x00000000ef200000|  0%| F|  |TAMS 0x00000000ef100000| PB 0x00000000ef100000| Untracked 
| 754|0x00000000ef200000, 0x00000000ef200000, 0x00000000ef300000|  0%| F|  |TAMS 0x00000000ef200000| PB 0x00000000ef200000| Untracked 
| 755|0x00000000ef300000, 0x00000000ef400000, 0x00000000ef400000|100%| O|  |TAMS 0x00000000ef300000| PB 0x00000000ef300000| Untracked 
| 756|0x00000000ef400000, 0x00000000ef400000, 0x00000000ef500000|  0%| F|  |TAMS 0x00000000ef400000| PB 0x00000000ef400000| Untracked 
| 757|0x00000000ef500000, 0x00000000ef500000, 0x00000000ef600000|  0%| F|  |TAMS 0x00000000ef500000| PB 0x00000000ef500000| Untracked 
| 758|0x00000000ef600000, 0x00000000ef600000, 0x00000000ef700000|  0%| F|  |TAMS 0x00000000ef600000| PB 0x00000000ef600000| Untracked 
| 759|0x00000000ef700000, 0x00000000ef700000, 0x00000000ef800000|  0%| F|  |TAMS 0x00000000ef700000| PB 0x00000000ef700000| Untracked 
| 760|0x00000000ef800000, 0x00000000ef800000, 0x00000000ef900000|  0%| F|  |TAMS 0x00000000ef800000| PB 0x00000000ef800000| Untracked 
| 761|0x00000000ef900000, 0x00000000ef900000, 0x00000000efa00000|  0%| F|  |TAMS 0x00000000ef900000| PB 0x00000000ef900000| Untracked 
| 762|0x00000000efa00000, 0x00000000efa00000, 0x00000000efb00000|  0%| F|  |TAMS 0x00000000efa00000| PB 0x00000000efa00000| Untracked 
| 763|0x00000000efb00000, 0x00000000efb00000, 0x00000000efc00000|  0%| F|  |TAMS 0x00000000efb00000| PB 0x00000000efb00000| Untracked 
| 764|0x00000000efc00000, 0x00000000efc00000, 0x00000000efd00000|  0%| F|  |TAMS 0x00000000efc00000| PB 0x00000000efc00000| Untracked 
| 765|0x00000000efd00000, 0x00000000efd00000, 0x00000000efe00000|  0%| F|  |TAMS 0x00000000efd00000| PB 0x00000000efd00000| Untracked 
| 766|0x00000000efe00000, 0x00000000efe00000, 0x00000000eff00000|  0%| F|  |TAMS 0x00000000efe00000| PB 0x00000000efe00000| Untracked 
| 767|0x00000000eff00000, 0x00000000eff00000, 0x00000000f0000000|  0%| F|  |TAMS 0x00000000eff00000| PB 0x00000000eff00000| Untracked 
| 768|0x00000000f0000000, 0x00000000f0000000, 0x00000000f0100000|  0%| F|  |TAMS 0x00000000f0000000| PB 0x00000000f0000000| Untracked 
| 769|0x00000000f0100000, 0x00000000f0100000, 0x00000000f0200000|  0%| F|  |TAMS 0x00000000f0100000| PB 0x00000000f0100000| Untracked 
| 770|0x00000000f0200000, 0x00000000f0200000, 0x00000000f0300000|  0%| F|  |TAMS 0x00000000f0200000| PB 0x00000000f0200000| Untracked 
| 771|0x00000000f0300000, 0x00000000f0300000, 0x00000000f0400000|  0%| F|  |TAMS 0x00000000f0300000| PB 0x00000000f0300000| Untracked 
| 772|0x00000000f0400000, 0x00000000f0400000, 0x00000000f0500000|  0%| F|  |TAMS 0x00000000f0400000| PB 0x00000000f0400000| Untracked 
| 773|0x00000000f0500000, 0x00000000f0500000, 0x00000000f0600000|  0%| F|  |TAMS 0x00000000f0500000| PB 0x00000000f0500000| Untracked 
| 774|0x00000000f0600000, 0x00000000f0600000, 0x00000000f0700000|  0%| F|  |TAMS 0x00000000f0600000| PB 0x00000000f0600000| Untracked 
| 775|0x00000000f0700000, 0x00000000f0700000, 0x00000000f0800000|  0%| F|  |TAMS 0x00000000f0700000| PB 0x00000000f0700000| Untracked 
| 776|0x00000000f0800000, 0x00000000f0800000, 0x00000000f0900000|  0%| F|  |TAMS 0x00000000f0800000| PB 0x00000000f0800000| Untracked 
| 777|0x00000000f0900000, 0x00000000f0900000, 0x00000000f0a00000|  0%| F|  |TAMS 0x00000000f0900000| PB 0x00000000f0900000| Untracked 
| 778|0x00000000f0a00000, 0x00000000f0a00000, 0x00000000f0b00000|  0%| F|  |TAMS 0x00000000f0a00000| PB 0x00000000f0a00000| Untracked 
| 779|0x00000000f0b00000, 0x00000000f0bed450, 0x00000000f0c00000| 92%| E|  |TAMS 0x00000000f0b00000| PB 0x00000000f0b00000| Complete 
| 780|0x00000000f0c00000, 0x00000000f0d00000, 0x00000000f0d00000|100%| O|  |TAMS 0x00000000f0c00000| PB 0x00000000f0c00000| Untracked 
| 781|0x00000000f0d00000, 0x00000000f0e00000, 0x00000000f0e00000|100%| O|  |TAMS 0x00000000f0d00000| PB 0x00000000f0d00000| Untracked 
| 782|0x00000000f0e00000, 0x00000000f0f00000, 0x00000000f0f00000|100%| E|CS|TAMS 0x00000000f0e00000| PB 0x00000000f0e00000| Complete 
| 783|0x00000000f0f00000, 0x00000000f1000000, 0x00000000f1000000|100%| E|CS|TAMS 0x00000000f0f00000| PB 0x00000000f0f00000| Complete 
| 784|0x00000000f1000000, 0x00000000f1100000, 0x00000000f1100000|100%| E|CS|TAMS 0x00000000f1000000| PB 0x00000000f1000000| Complete 
| 785|0x00000000f1100000, 0x00000000f1200000, 0x00000000f1200000|100%| E|CS|TAMS 0x00000000f1100000| PB 0x00000000f1100000| Complete 
| 786|0x00000000f1200000, 0x00000000f1300000, 0x00000000f1300000|100%| E|CS|TAMS 0x00000000f1200000| PB 0x00000000f1200000| Complete 
| 787|0x00000000f1300000, 0x00000000f1400000, 0x00000000f1400000|100%| E|CS|TAMS 0x00000000f1300000| PB 0x00000000f1300000| Complete 
| 788|0x00000000f1400000, 0x00000000f1500000, 0x00000000f1500000|100%| E|CS|TAMS 0x00000000f1400000| PB 0x00000000f1400000| Complete 
| 789|0x00000000f1500000, 0x00000000f1600000, 0x00000000f1600000|100%| E|CS|TAMS 0x00000000f1500000| PB 0x00000000f1500000| Complete 
| 790|0x00000000f1600000, 0x00000000f1700000, 0x00000000f1700000|100%| E|CS|TAMS 0x00000000f1600000| PB 0x00000000f1600000| Complete 
| 791|0x00000000f1700000, 0x00000000f1800000, 0x00000000f1800000|100%| E|CS|TAMS 0x00000000f1700000| PB 0x00000000f1700000| Complete 
| 792|0x00000000f1800000, 0x00000000f1900000, 0x00000000f1900000|100%| E|CS|TAMS 0x00000000f1800000| PB 0x00000000f1800000| Complete 
| 793|0x00000000f1900000, 0x00000000f1a00000, 0x00000000f1a00000|100%| E|CS|TAMS 0x00000000f1900000| PB 0x00000000f1900000| Complete 
| 794|0x00000000f1a00000, 0x00000000f1b00000, 0x00000000f1b00000|100%| E|CS|TAMS 0x00000000f1a00000| PB 0x00000000f1a00000| Complete 
| 795|0x00000000f1b00000, 0x00000000f1c00000, 0x00000000f1c00000|100%| E|CS|TAMS 0x00000000f1b00000| PB 0x00000000f1b00000| Complete 
| 796|0x00000000f1c00000, 0x00000000f1d00000, 0x00000000f1d00000|100%| E|CS|TAMS 0x00000000f1c00000| PB 0x00000000f1c00000| Complete 
| 797|0x00000000f1d00000, 0x00000000f1e00000, 0x00000000f1e00000|100%| E|CS|TAMS 0x00000000f1d00000| PB 0x00000000f1d00000| Complete 
| 798|0x00000000f1e00000, 0x00000000f1f00000, 0x00000000f1f00000|100%| E|CS|TAMS 0x00000000f1e00000| PB 0x00000000f1e00000| Complete 
| 799|0x00000000f1f00000, 0x00000000f2000000, 0x00000000f2000000|100%| E|CS|TAMS 0x00000000f1f00000| PB 0x00000000f1f00000| Complete 
| 800|0x00000000f2000000, 0x00000000f2100000, 0x00000000f2100000|100%| E|CS|TAMS 0x00000000f2000000| PB 0x00000000f2000000| Complete 
| 801|0x00000000f2100000, 0x00000000f2200000, 0x00000000f2200000|100%| E|CS|TAMS 0x00000000f2100000| PB 0x00000000f2100000| Complete 
| 802|0x00000000f2200000, 0x00000000f2300000, 0x00000000f2300000|100%| E|CS|TAMS 0x00000000f2200000| PB 0x00000000f2200000| Complete 
| 803|0x00000000f2300000, 0x00000000f2400000, 0x00000000f2400000|100%| E|CS|TAMS 0x00000000f2300000| PB 0x00000000f2300000| Complete 
| 804|0x00000000f2400000, 0x00000000f2500000, 0x00000000f2500000|100%| E|CS|TAMS 0x00000000f2400000| PB 0x00000000f2400000| Complete 
| 805|0x00000000f2500000, 0x00000000f2600000, 0x00000000f2600000|100%| E|CS|TAMS 0x00000000f2500000| PB 0x00000000f2500000| Complete 
| 806|0x00000000f2600000, 0x00000000f2700000, 0x00000000f2700000|100%| E|CS|TAMS 0x00000000f2600000| PB 0x00000000f2600000| Complete 
| 807|0x00000000f2700000, 0x00000000f2800000, 0x00000000f2800000|100%| E|CS|TAMS 0x00000000f2700000| PB 0x00000000f2700000| Complete 
| 808|0x00000000f2800000, 0x00000000f2900000, 0x00000000f2900000|100%| E|CS|TAMS 0x00000000f2800000| PB 0x00000000f2800000| Complete 
| 809|0x00000000f2900000, 0x00000000f2a00000, 0x00000000f2a00000|100%| E|CS|TAMS 0x00000000f2900000| PB 0x00000000f2900000| Complete 
| 810|0x00000000f2a00000, 0x00000000f2b00000, 0x00000000f2b00000|100%| E|CS|TAMS 0x00000000f2a00000| PB 0x00000000f2a00000| Complete 
| 811|0x00000000f2b00000, 0x00000000f2c00000, 0x00000000f2c00000|100%| E|CS|TAMS 0x00000000f2b00000| PB 0x00000000f2b00000| Complete 
| 812|0x00000000f2c00000, 0x00000000f2d00000, 0x00000000f2d00000|100%| E|CS|TAMS 0x00000000f2c00000| PB 0x00000000f2c00000| Complete 
| 813|0x00000000f2d00000, 0x00000000f2e00000, 0x00000000f2e00000|100%| E|CS|TAMS 0x00000000f2d00000| PB 0x00000000f2d00000| Complete 
| 814|0x00000000f2e00000, 0x00000000f2f00000, 0x00000000f2f00000|100%| E|CS|TAMS 0x00000000f2e00000| PB 0x00000000f2e00000| Complete 
| 815|0x00000000f2f00000, 0x00000000f3000000, 0x00000000f3000000|100%| E|CS|TAMS 0x00000000f2f00000| PB 0x00000000f2f00000| Complete 
| 816|0x00000000f3000000, 0x00000000f3100000, 0x00000000f3100000|100%| E|CS|TAMS 0x00000000f3000000| PB 0x00000000f3000000| Complete 
| 817|0x00000000f3100000, 0x00000000f3200000, 0x00000000f3200000|100%| E|CS|TAMS 0x00000000f3100000| PB 0x00000000f3100000| Complete 
| 818|0x00000000f3200000, 0x00000000f3300000, 0x00000000f3300000|100%| E|CS|TAMS 0x00000000f3200000| PB 0x00000000f3200000| Complete 
| 819|0x00000000f3300000, 0x00000000f3400000, 0x00000000f3400000|100%| E|CS|TAMS 0x00000000f3300000| PB 0x00000000f3300000| Complete 
| 820|0x00000000f3400000, 0x00000000f3500000, 0x00000000f3500000|100%| E|CS|TAMS 0x00000000f3400000| PB 0x00000000f3400000| Complete 
| 821|0x00000000f3500000, 0x00000000f3600000, 0x00000000f3600000|100%| E|CS|TAMS 0x00000000f3500000| PB 0x00000000f3500000| Complete 
| 822|0x00000000f3600000, 0x00000000f3700000, 0x00000000f3700000|100%| E|CS|TAMS 0x00000000f3600000| PB 0x00000000f3600000| Complete 
| 823|0x00000000f3700000, 0x00000000f3800000, 0x00000000f3800000|100%| E|CS|TAMS 0x00000000f3700000| PB 0x00000000f3700000| Complete 
| 824|0x00000000f3800000, 0x00000000f3900000, 0x00000000f3900000|100%| E|  |TAMS 0x00000000f3800000| PB 0x00000000f3800000| Complete 
| 825|0x00000000f3900000, 0x00000000f3a00000, 0x00000000f3a00000|100%| E|CS|TAMS 0x00000000f3900000| PB 0x00000000f3900000| Complete 
| 826|0x00000000f3a00000, 0x00000000f3b00000, 0x00000000f3b00000|100%| E|CS|TAMS 0x00000000f3a00000| PB 0x00000000f3a00000| Complete 
| 827|0x00000000f3b00000, 0x00000000f3c00000, 0x00000000f3c00000|100%| E|CS|TAMS 0x00000000f3b00000| PB 0x00000000f3b00000| Complete 
| 828|0x00000000f3c00000, 0x00000000f3d00000, 0x00000000f3d00000|100%| E|CS|TAMS 0x00000000f3c00000| PB 0x00000000f3c00000| Complete 
| 829|0x00000000f3d00000, 0x00000000f3e00000, 0x00000000f3e00000|100%| E|CS|TAMS 0x00000000f3d00000| PB 0x00000000f3d00000| Complete 
| 830|0x00000000f3e00000, 0x00000000f3f00000, 0x00000000f3f00000|100%| E|CS|TAMS 0x00000000f3e00000| PB 0x00000000f3e00000| Complete 
| 831|0x00000000f3f00000, 0x00000000f4000000, 0x00000000f4000000|100%| E|CS|TAMS 0x00000000f3f00000| PB 0x00000000f3f00000| Complete 
| 832|0x00000000f4000000, 0x00000000f4100000, 0x00000000f4100000|100%| E|CS|TAMS 0x00000000f4000000| PB 0x00000000f4000000| Complete 
| 833|0x00000000f4100000, 0x00000000f4200000, 0x00000000f4200000|100%| E|CS|TAMS 0x00000000f4100000| PB 0x00000000f4100000| Complete 
| 834|0x00000000f4200000, 0x00000000f4300000, 0x00000000f4300000|100%| E|CS|TAMS 0x00000000f4200000| PB 0x00000000f4200000| Complete 
| 835|0x00000000f4300000, 0x00000000f4400000, 0x00000000f4400000|100%| E|CS|TAMS 0x00000000f4300000| PB 0x00000000f4300000| Complete 
| 836|0x00000000f4400000, 0x00000000f4500000, 0x00000000f4500000|100%| E|CS|TAMS 0x00000000f4400000| PB 0x00000000f4400000| Complete 
| 837|0x00000000f4500000, 0x00000000f4600000, 0x00000000f4600000|100%| E|CS|TAMS 0x00000000f4500000| PB 0x00000000f4500000| Complete 
| 838|0x00000000f4600000, 0x00000000f4700000, 0x00000000f4700000|100%| E|CS|TAMS 0x00000000f4600000| PB 0x00000000f4600000| Complete 
| 839|0x00000000f4700000, 0x00000000f4800000, 0x00000000f4800000|100%| E|CS|TAMS 0x00000000f4700000| PB 0x00000000f4700000| Complete 
| 840|0x00000000f4800000, 0x00000000f4900000, 0x00000000f4900000|100%| E|CS|TAMS 0x00000000f4800000| PB 0x00000000f4800000| Complete 
| 841|0x00000000f4900000, 0x00000000f4a00000, 0x00000000f4a00000|100%| E|CS|TAMS 0x00000000f4900000| PB 0x00000000f4900000| Complete 
| 842|0x00000000f4a00000, 0x00000000f4b00000, 0x00000000f4b00000|100%| E|CS|TAMS 0x00000000f4a00000| PB 0x00000000f4a00000| Complete 
| 843|0x00000000f4b00000, 0x00000000f4c00000, 0x00000000f4c00000|100%| E|CS|TAMS 0x00000000f4b00000| PB 0x00000000f4b00000| Complete 
| 844|0x00000000f4c00000, 0x00000000f4d00000, 0x00000000f4d00000|100%| E|CS|TAMS 0x00000000f4c00000| PB 0x00000000f4c00000| Complete 
| 845|0x00000000f4d00000, 0x00000000f4e00000, 0x00000000f4e00000|100%| E|CS|TAMS 0x00000000f4d00000| PB 0x00000000f4d00000| Complete 
| 846|0x00000000f4e00000, 0x00000000f4f00000, 0x00000000f4f00000|100%| E|CS|TAMS 0x00000000f4e00000| PB 0x00000000f4e00000| Complete 
| 847|0x00000000f4f00000, 0x00000000f5000000, 0x00000000f5000000|100%| O|  |TAMS 0x00000000f4f00000| PB 0x00000000f4f00000| Untracked 
| 848|0x00000000f5000000, 0x00000000f5100000, 0x00000000f5100000|100%| E|CS|TAMS 0x00000000f5000000| PB 0x00000000f5000000| Complete 
| 849|0x00000000f5100000, 0x00000000f5200000, 0x00000000f5200000|100%| O|  |TAMS 0x00000000f5100000| PB 0x00000000f5100000| Untracked 
| 850|0x00000000f5200000, 0x00000000f5300000, 0x00000000f5300000|100%| E|CS|TAMS 0x00000000f5200000| PB 0x00000000f5200000| Complete 
| 851|0x00000000f5300000, 0x00000000f5400000, 0x00000000f5400000|100%| E|CS|TAMS 0x00000000f5300000| PB 0x00000000f5300000| Complete 
| 852|0x00000000f5400000, 0x00000000f5500000, 0x00000000f5500000|100%| E|CS|TAMS 0x00000000f5400000| PB 0x00000000f5400000| Complete 
| 853|0x00000000f5500000, 0x00000000f5600000, 0x00000000f5600000|100%| E|CS|TAMS 0x00000000f5500000| PB 0x00000000f5500000| Complete 
| 854|0x00000000f5600000, 0x00000000f5700000, 0x00000000f5700000|100%| E|CS|TAMS 0x00000000f5600000| PB 0x00000000f5600000| Complete 
| 855|0x00000000f5700000, 0x00000000f5800000, 0x00000000f5800000|100%| E|CS|TAMS 0x00000000f5700000| PB 0x00000000f5700000| Complete 
| 856|0x00000000f5800000, 0x00000000f5900000, 0x00000000f5900000|100%| E|CS|TAMS 0x00000000f5800000| PB 0x00000000f5800000| Complete 
| 857|0x00000000f5900000, 0x00000000f5a00000, 0x00000000f5a00000|100%| E|CS|TAMS 0x00000000f5900000| PB 0x00000000f5900000| Complete 
| 858|0x00000000f5a00000, 0x00000000f5b00000, 0x00000000f5b00000|100%| E|CS|TAMS 0x00000000f5a00000| PB 0x00000000f5a00000| Complete 
| 859|0x00000000f5b00000, 0x00000000f5c00000, 0x00000000f5c00000|100%| E|CS|TAMS 0x00000000f5b00000| PB 0x00000000f5b00000| Complete 
| 860|0x00000000f5c00000, 0x00000000f5d00000, 0x00000000f5d00000|100%| E|CS|TAMS 0x00000000f5c00000| PB 0x00000000f5c00000| Complete 
| 861|0x00000000f5d00000, 0x00000000f5e00000, 0x00000000f5e00000|100%| E|CS|TAMS 0x00000000f5d00000| PB 0x00000000f5d00000| Complete 
| 862|0x00000000f5e00000, 0x00000000f5f00000, 0x00000000f5f00000|100%| E|CS|TAMS 0x00000000f5e00000| PB 0x00000000f5e00000| Complete 
| 863|0x00000000f5f00000, 0x00000000f6000000, 0x00000000f6000000|100%| E|CS|TAMS 0x00000000f5f00000| PB 0x00000000f5f00000| Complete 
| 864|0x00000000f6000000, 0x00000000f6100000, 0x00000000f6100000|100%| E|CS|TAMS 0x00000000f6000000| PB 0x00000000f6000000| Complete 
| 865|0x00000000f6100000, 0x00000000f6200000, 0x00000000f6200000|100%| E|CS|TAMS 0x00000000f6100000| PB 0x00000000f6100000| Complete 
| 866|0x00000000f6200000, 0x00000000f6300000, 0x00000000f6300000|100%| E|CS|TAMS 0x00000000f6200000| PB 0x00000000f6200000| Complete 
| 867|0x00000000f6300000, 0x00000000f6400000, 0x00000000f6400000|100%| E|CS|TAMS 0x00000000f6300000| PB 0x00000000f6300000| Complete 
| 868|0x00000000f6400000, 0x00000000f6500000, 0x00000000f6500000|100%| E|CS|TAMS 0x00000000f6400000| PB 0x00000000f6400000| Complete 
| 869|0x00000000f6500000, 0x00000000f6600000, 0x00000000f6600000|100%| E|CS|TAMS 0x00000000f6500000| PB 0x00000000f6500000| Complete 
| 870|0x00000000f6600000, 0x00000000f6700000, 0x00000000f6700000|100%| E|CS|TAMS 0x00000000f6600000| PB 0x00000000f6600000| Complete 
| 871|0x00000000f6700000, 0x00000000f6800000, 0x00000000f6800000|100%| E|CS|TAMS 0x00000000f6700000| PB 0x00000000f6700000| Complete 
| 872|0x00000000f6800000, 0x00000000f6900000, 0x00000000f6900000|100%| E|CS|TAMS 0x00000000f6800000| PB 0x00000000f6800000| Complete 
| 873|0x00000000f6900000, 0x00000000f6a00000, 0x00000000f6a00000|100%| E|CS|TAMS 0x00000000f6900000| PB 0x00000000f6900000| Complete 
| 874|0x00000000f6a00000, 0x00000000f6b00000, 0x00000000f6b00000|100%| E|CS|TAMS 0x00000000f6a00000| PB 0x00000000f6a00000| Complete 
| 875|0x00000000f6b00000, 0x00000000f6c00000, 0x00000000f6c00000|100%| E|CS|TAMS 0x00000000f6b00000| PB 0x00000000f6b00000| Complete 
| 876|0x00000000f6c00000, 0x00000000f6d00000, 0x00000000f6d00000|100%| E|CS|TAMS 0x00000000f6c00000| PB 0x00000000f6c00000| Complete 
| 877|0x00000000f6d00000, 0x00000000f6e00000, 0x00000000f6e00000|100%| E|CS|TAMS 0x00000000f6d00000| PB 0x00000000f6d00000| Complete 
| 878|0x00000000f6e00000, 0x00000000f6f00000, 0x00000000f6f00000|100%| E|CS|TAMS 0x00000000f6e00000| PB 0x00000000f6e00000| Complete 
| 879|0x00000000f6f00000, 0x00000000f7000000, 0x00000000f7000000|100%| E|CS|TAMS 0x00000000f6f00000| PB 0x00000000f6f00000| Complete 
| 880|0x00000000f7000000, 0x00000000f7100000, 0x00000000f7100000|100%| E|CS|TAMS 0x00000000f7000000| PB 0x00000000f7000000| Complete 
| 881|0x00000000f7100000, 0x00000000f7200000, 0x00000000f7200000|100%| E|CS|TAMS 0x00000000f7100000| PB 0x00000000f7100000| Complete 
| 882|0x00000000f7200000, 0x00000000f7300000, 0x00000000f7300000|100%| E|CS|TAMS 0x00000000f7200000| PB 0x00000000f7200000| Complete 
| 883|0x00000000f7300000, 0x00000000f7400000, 0x00000000f7400000|100%| E|CS|TAMS 0x00000000f7300000| PB 0x00000000f7300000| Complete 
| 884|0x00000000f7400000, 0x00000000f7500000, 0x00000000f7500000|100%| E|CS|TAMS 0x00000000f7400000| PB 0x00000000f7400000| Complete 
| 885|0x00000000f7500000, 0x00000000f7600000, 0x00000000f7600000|100%| E|CS|TAMS 0x00000000f7500000| PB 0x00000000f7500000| Complete 
| 886|0x00000000f7600000, 0x00000000f7700000, 0x00000000f7700000|100%| E|CS|TAMS 0x00000000f7600000| PB 0x00000000f7600000| Complete 
| 887|0x00000000f7700000, 0x00000000f7800000, 0x00000000f7800000|100%| E|CS|TAMS 0x00000000f7700000| PB 0x00000000f7700000| Complete 
| 888|0x00000000f7800000, 0x00000000f7900000, 0x00000000f7900000|100%| E|CS|TAMS 0x00000000f7800000| PB 0x00000000f7800000| Complete 
| 889|0x00000000f7900000, 0x00000000f7a00000, 0x00000000f7a00000|100%| E|CS|TAMS 0x00000000f7900000| PB 0x00000000f7900000| Complete 
| 890|0x00000000f7a00000, 0x00000000f7b00000, 0x00000000f7b00000|100%| E|CS|TAMS 0x00000000f7a00000| PB 0x00000000f7a00000| Complete 
| 891|0x00000000f7b00000, 0x00000000f7c00000, 0x00000000f7c00000|100%| E|CS|TAMS 0x00000000f7b00000| PB 0x00000000f7b00000| Complete 
| 892|0x00000000f7c00000, 0x00000000f7d00000, 0x00000000f7d00000|100%| E|CS|TAMS 0x00000000f7c00000| PB 0x00000000f7c00000| Complete 
| 893|0x00000000f7d00000, 0x00000000f7e00000, 0x00000000f7e00000|100%| E|CS|TAMS 0x00000000f7d00000| PB 0x00000000f7d00000| Complete 
| 894|0x00000000f7e00000, 0x00000000f7f00000, 0x00000000f7f00000|100%| E|CS|TAMS 0x00000000f7e00000| PB 0x00000000f7e00000| Complete 
| 895|0x00000000f7f00000, 0x00000000f8000000, 0x00000000f8000000|100%| E|CS|TAMS 0x00000000f7f00000| PB 0x00000000f7f00000| Complete 
| 896|0x00000000f8000000, 0x00000000f8100000, 0x00000000f8100000|100%| E|CS|TAMS 0x00000000f8000000| PB 0x00000000f8000000| Complete 
| 897|0x00000000f8100000, 0x00000000f8200000, 0x00000000f8200000|100%| E|CS|TAMS 0x00000000f8100000| PB 0x00000000f8100000| Complete 
| 898|0x00000000f8200000, 0x00000000f8300000, 0x00000000f8300000|100%| E|CS|TAMS 0x00000000f8200000| PB 0x00000000f8200000| Complete 
| 899|0x00000000f8300000, 0x00000000f8400000, 0x00000000f8400000|100%| E|CS|TAMS 0x00000000f8300000| PB 0x00000000f8300000| Complete 
| 900|0x00000000f8400000, 0x00000000f8500000, 0x00000000f8500000|100%| E|CS|TAMS 0x00000000f8400000| PB 0x00000000f8400000| Complete 
| 901|0x00000000f8500000, 0x00000000f8600000, 0x00000000f8600000|100%| E|CS|TAMS 0x00000000f8500000| PB 0x00000000f8500000| Complete 
| 902|0x00000000f8600000, 0x00000000f8700000, 0x00000000f8700000|100%| E|CS|TAMS 0x00000000f8600000| PB 0x00000000f8600000| Complete 
| 903|0x00000000f8700000, 0x00000000f8800000, 0x00000000f8800000|100%| E|CS|TAMS 0x00000000f8700000| PB 0x00000000f8700000| Complete 
| 904|0x00000000f8800000, 0x00000000f8900000, 0x00000000f8900000|100%| O|  |TAMS 0x00000000f8800000| PB 0x00000000f8800000| Untracked 
| 905|0x00000000f8900000, 0x00000000f8a00000, 0x00000000f8a00000|100%| O|  |TAMS 0x00000000f8900000| PB 0x00000000f8900000| Untracked 
| 906|0x00000000f8a00000, 0x00000000f8b00000, 0x00000000f8b00000|100%| O|  |TAMS 0x00000000f8a00000| PB 0x00000000f8a00000| Untracked 
| 907|0x00000000f8b00000, 0x00000000f8c00000, 0x00000000f8c00000|100%| O|  |TAMS 0x00000000f8b00000| PB 0x00000000f8b00000| Untracked 
| 908|0x00000000f8c00000, 0x00000000f8d00000, 0x00000000f8d00000|100%| O|  |TAMS 0x00000000f8c00000| PB 0x00000000f8c00000| Untracked 
| 909|0x00000000f8d00000, 0x00000000f8e00000, 0x00000000f8e00000|100%| E|CS|TAMS 0x00000000f8d00000| PB 0x00000000f8d00000| Complete 
| 910|0x00000000f8e00000, 0x00000000f8f00000, 0x00000000f8f00000|100%| O|  |TAMS 0x00000000f8e00000| PB 0x00000000f8e00000| Untracked 
| 911|0x00000000f8f00000, 0x00000000f9000000, 0x00000000f9000000|100%| E|CS|TAMS 0x00000000f8f00000| PB 0x00000000f8f00000| Complete 
| 912|0x00000000f9000000, 0x00000000f9100000, 0x00000000f9100000|100%| E|CS|TAMS 0x00000000f9000000| PB 0x00000000f9000000| Complete 
| 913|0x00000000f9100000, 0x00000000f9200000, 0x00000000f9200000|100%| E|CS|TAMS 0x00000000f9100000| PB 0x00000000f9100000| Complete 
| 914|0x00000000f9200000, 0x00000000f9300000, 0x00000000f9300000|100%| E|CS|TAMS 0x00000000f9200000| PB 0x00000000f9200000| Complete 
| 915|0x00000000f9300000, 0x00000000f9400000, 0x00000000f9400000|100%| E|CS|TAMS 0x00000000f9300000| PB 0x00000000f9300000| Complete 
| 916|0x00000000f9400000, 0x00000000f9500000, 0x00000000f9500000|100%| E|CS|TAMS 0x00000000f9400000| PB 0x00000000f9400000| Complete 
| 917|0x00000000f9500000, 0x00000000f9600000, 0x00000000f9600000|100%| E|CS|TAMS 0x00000000f9500000| PB 0x00000000f9500000| Complete 
| 918|0x00000000f9600000, 0x00000000f9700000, 0x00000000f9700000|100%| E|CS|TAMS 0x00000000f9600000| PB 0x00000000f9600000| Complete 
| 919|0x00000000f9700000, 0x00000000f9800000, 0x00000000f9800000|100%| E|CS|TAMS 0x00000000f9700000| PB 0x00000000f9700000| Complete 
| 920|0x00000000f9800000, 0x00000000f9900000, 0x00000000f9900000|100%| O|  |TAMS 0x00000000f9800000| PB 0x00000000f9800000| Untracked 
| 921|0x00000000f9900000, 0x00000000f9a00000, 0x00000000f9a00000|100%| O|  |TAMS 0x00000000f9900000| PB 0x00000000f9900000| Untracked 
| 922|0x00000000f9a00000, 0x00000000f9b00000, 0x00000000f9b00000|100%| O|  |TAMS 0x00000000f9a00000| PB 0x00000000f9a00000| Untracked 
| 923|0x00000000f9b00000, 0x00000000f9c00000, 0x00000000f9c00000|100%| O|  |TAMS 0x00000000f9b00000| PB 0x00000000f9b00000| Untracked 
| 924|0x00000000f9c00000, 0x00000000f9d00000, 0x00000000f9d00000|100%| O|  |TAMS 0x00000000f9c00000| PB 0x00000000f9c00000| Untracked 
| 925|0x00000000f9d00000, 0x00000000f9e00000, 0x00000000f9e00000|100%| O|  |TAMS 0x00000000f9d00000| PB 0x00000000f9d00000| Untracked 
| 926|0x00000000f9e00000, 0x00000000f9f00000, 0x00000000f9f00000|100%| O|  |TAMS 0x00000000f9e00000| PB 0x00000000f9e00000| Untracked 
| 927|0x00000000f9f00000, 0x00000000fa000000, 0x00000000fa000000|100%| O|  |TAMS 0x00000000f9f00000| PB 0x00000000f9f00000| Untracked 
| 928|0x00000000fa000000, 0x00000000fa100000, 0x00000000fa100000|100%| E|CS|TAMS 0x00000000fa000000| PB 0x00000000fa000000| Complete 
| 929|0x00000000fa100000, 0x00000000fa200000, 0x00000000fa200000|100%| E|CS|TAMS 0x00000000fa100000| PB 0x00000000fa100000| Complete 
| 930|0x00000000fa200000, 0x00000000fa300000, 0x00000000fa300000|100%| E|CS|TAMS 0x00000000fa200000| PB 0x00000000fa200000| Complete 
| 931|0x00000000fa300000, 0x00000000fa400000, 0x00000000fa400000|100%| E|CS|TAMS 0x00000000fa300000| PB 0x00000000fa300000| Complete 
| 932|0x00000000fa400000, 0x00000000fa500000, 0x00000000fa500000|100%| E|CS|TAMS 0x00000000fa400000| PB 0x00000000fa400000| Complete 
| 933|0x00000000fa500000, 0x00000000fa600000, 0x00000000fa600000|100%| E|CS|TAMS 0x00000000fa500000| PB 0x00000000fa500000| Complete 
| 934|0x00000000fa600000, 0x00000000fa700000, 0x00000000fa700000|100%| E|CS|TAMS 0x00000000fa600000| PB 0x00000000fa600000| Complete 
| 935|0x00000000fa700000, 0x00000000fa800000, 0x00000000fa800000|100%| E|CS|TAMS 0x00000000fa700000| PB 0x00000000fa700000| Complete 
| 936|0x00000000fa800000, 0x00000000fa900000, 0x00000000fa900000|100%| O|  |TAMS 0x00000000fa800000| PB 0x00000000fa800000| Untracked 
| 937|0x00000000fa900000, 0x00000000faa00000, 0x00000000faa00000|100%| O|  |TAMS 0x00000000fa900000| PB 0x00000000fa900000| Untracked 
| 938|0x00000000faa00000, 0x00000000fab00000, 0x00000000fab00000|100%| E|CS|TAMS 0x00000000faa00000| PB 0x00000000faa00000| Complete 
| 939|0x00000000fab00000, 0x00000000fac00000, 0x00000000fac00000|100%| E|CS|TAMS 0x00000000fab00000| PB 0x00000000fab00000| Complete 
| 940|0x00000000fac00000, 0x00000000fad00000, 0x00000000fad00000|100%| E|CS|TAMS 0x00000000fac00000| PB 0x00000000fac00000| Complete 
| 941|0x00000000fad00000, 0x00000000fae00000, 0x00000000fae00000|100%| E|CS|TAMS 0x00000000fad00000| PB 0x00000000fad00000| Complete 
| 942|0x00000000fae00000, 0x00000000faf00000, 0x00000000faf00000|100%| E|CS|TAMS 0x00000000fae00000| PB 0x00000000fae00000| Complete 
| 943|0x00000000faf00000, 0x00000000fb000000, 0x00000000fb000000|100%| E|CS|TAMS 0x00000000faf00000| PB 0x00000000faf00000| Complete 
| 944|0x00000000fb000000, 0x00000000fb100000, 0x00000000fb100000|100%| E|CS|TAMS 0x00000000fb000000| PB 0x00000000fb000000| Complete 
| 945|0x00000000fb100000, 0x00000000fb200000, 0x00000000fb200000|100%| E|CS|TAMS 0x00000000fb100000| PB 0x00000000fb100000| Complete 
| 946|0x00000000fb200000, 0x00000000fb300000, 0x00000000fb300000|100%| O|  |TAMS 0x00000000fb200000| PB 0x00000000fb200000| Untracked 
| 947|0x00000000fb300000, 0x00000000fb400000, 0x00000000fb400000|100%| E|CS|TAMS 0x00000000fb300000| PB 0x00000000fb300000| Complete 
| 948|0x00000000fb400000, 0x00000000fb500000, 0x00000000fb500000|100%| E|CS|TAMS 0x00000000fb400000| PB 0x00000000fb400000| Complete 
| 949|0x00000000fb500000, 0x00000000fb600000, 0x00000000fb600000|100%| E|CS|TAMS 0x00000000fb500000| PB 0x00000000fb500000| Complete 
| 950|0x00000000fb600000, 0x00000000fb700000, 0x00000000fb700000|100%| E|CS|TAMS 0x00000000fb600000| PB 0x00000000fb600000| Complete 
| 951|0x00000000fb700000, 0x00000000fb800000, 0x00000000fb800000|100%| E|CS|TAMS 0x00000000fb700000| PB 0x00000000fb700000| Complete 
| 952|0x00000000fb800000, 0x00000000fb900000, 0x00000000fb900000|100%| E|CS|TAMS 0x00000000fb800000| PB 0x00000000fb800000| Complete 
| 953|0x00000000fb900000, 0x00000000fba00000, 0x00000000fba00000|100%| E|CS|TAMS 0x00000000fb900000| PB 0x00000000fb900000| Complete 
| 954|0x00000000fba00000, 0x00000000fbb00000, 0x00000000fbb00000|100%| E|CS|TAMS 0x00000000fba00000| PB 0x00000000fba00000| Complete 
| 955|0x00000000fbb00000, 0x00000000fbc00000, 0x00000000fbc00000|100%| E|CS|TAMS 0x00000000fbb00000| PB 0x00000000fbb00000| Complete 
| 956|0x00000000fbc00000, 0x00000000fbd00000, 0x00000000fbd00000|100%| E|CS|TAMS 0x00000000fbc00000| PB 0x00000000fbc00000| Complete 
| 957|0x00000000fbd00000, 0x00000000fbe00000, 0x00000000fbe00000|100%| E|CS|TAMS 0x00000000fbd00000| PB 0x00000000fbd00000| Complete 
| 958|0x00000000fbe00000, 0x00000000fbf00000, 0x00000000fbf00000|100%| E|CS|TAMS 0x00000000fbe00000| PB 0x00000000fbe00000| Complete 
| 959|0x00000000fbf00000, 0x00000000fc000000, 0x00000000fc000000|100%| E|CS|TAMS 0x00000000fbf00000| PB 0x00000000fbf00000| Complete 
| 960|0x00000000fc000000, 0x00000000fc100000, 0x00000000fc100000|100%| E|CS|TAMS 0x00000000fc000000| PB 0x00000000fc000000| Complete 
| 961|0x00000000fc100000, 0x00000000fc200000, 0x00000000fc200000|100%| E|CS|TAMS 0x00000000fc100000| PB 0x00000000fc100000| Complete 
| 962|0x00000000fc200000, 0x00000000fc300000, 0x00000000fc300000|100%| E|CS|TAMS 0x00000000fc200000| PB 0x00000000fc200000| Complete 
| 963|0x00000000fc300000, 0x00000000fc400000, 0x00000000fc400000|100%| E|CS|TAMS 0x00000000fc300000| PB 0x00000000fc300000| Complete 
| 964|0x00000000fc400000, 0x00000000fc500000, 0x00000000fc500000|100%| E|CS|TAMS 0x00000000fc400000| PB 0x00000000fc400000| Complete 
| 965|0x00000000fc500000, 0x00000000fc600000, 0x00000000fc600000|100%| E|CS|TAMS 0x00000000fc500000| PB 0x00000000fc500000| Complete 
| 966|0x00000000fc600000, 0x00000000fc700000, 0x00000000fc700000|100%| E|CS|TAMS 0x00000000fc600000| PB 0x00000000fc600000| Complete 
| 967|0x00000000fc700000, 0x00000000fc800000, 0x00000000fc800000|100%| E|CS|TAMS 0x00000000fc700000| PB 0x00000000fc700000| Complete 
| 968|0x00000000fc800000, 0x00000000fc900000, 0x00000000fc900000|100%| E|CS|TAMS 0x00000000fc800000| PB 0x00000000fc800000| Complete 
| 969|0x00000000fc900000, 0x00000000fca00000, 0x00000000fca00000|100%| E|CS|TAMS 0x00000000fc900000| PB 0x00000000fc900000| Complete 
| 970|0x00000000fca00000, 0x00000000fcb00000, 0x00000000fcb00000|100%| E|CS|TAMS 0x00000000fca00000| PB 0x00000000fca00000| Complete 
| 971|0x00000000fcb00000, 0x00000000fcc00000, 0x00000000fcc00000|100%| E|CS|TAMS 0x00000000fcb00000| PB 0x00000000fcb00000| Complete 
| 972|0x00000000fcc00000, 0x00000000fcd00000, 0x00000000fcd00000|100%| E|CS|TAMS 0x00000000fcc00000| PB 0x00000000fcc00000| Complete 
| 973|0x00000000fcd00000, 0x00000000fce00000, 0x00000000fce00000|100%| E|CS|TAMS 0x00000000fcd00000| PB 0x00000000fcd00000| Complete 
| 974|0x00000000fce00000, 0x00000000fcf00000, 0x00000000fcf00000|100%| E|CS|TAMS 0x00000000fce00000| PB 0x00000000fce00000| Complete 
| 975|0x00000000fcf00000, 0x00000000fd000000, 0x00000000fd000000|100%| E|CS|TAMS 0x00000000fcf00000| PB 0x00000000fcf00000| Complete 
| 976|0x00000000fd000000, 0x00000000fd100000, 0x00000000fd100000|100%| E|CS|TAMS 0x00000000fd000000| PB 0x00000000fd000000| Complete 
| 977|0x00000000fd100000, 0x00000000fd200000, 0x00000000fd200000|100%| E|CS|TAMS 0x00000000fd100000| PB 0x00000000fd100000| Complete 
| 978|0x00000000fd200000, 0x00000000fd300000, 0x00000000fd300000|100%| E|CS|TAMS 0x00000000fd200000| PB 0x00000000fd200000| Complete 
| 979|0x00000000fd300000, 0x00000000fd400000, 0x00000000fd400000|100%| E|CS|TAMS 0x00000000fd300000| PB 0x00000000fd300000| Complete 
| 980|0x00000000fd400000, 0x00000000fd500000, 0x00000000fd500000|100%| E|CS|TAMS 0x00000000fd400000| PB 0x00000000fd400000| Complete 
| 981|0x00000000fd500000, 0x00000000fd600000, 0x00000000fd600000|100%| E|CS|TAMS 0x00000000fd500000| PB 0x00000000fd500000| Complete 
| 982|0x00000000fd600000, 0x00000000fd700000, 0x00000000fd700000|100%| E|CS|TAMS 0x00000000fd600000| PB 0x00000000fd600000| Complete 
| 983|0x00000000fd700000, 0x00000000fd800000, 0x00000000fd800000|100%| E|CS|TAMS 0x00000000fd700000| PB 0x00000000fd700000| Complete 
| 984|0x00000000fd800000, 0x00000000fd900000, 0x00000000fd900000|100%| E|CS|TAMS 0x00000000fd800000| PB 0x00000000fd800000| Complete 
| 985|0x00000000fd900000, 0x00000000fda00000, 0x00000000fda00000|100%| E|CS|TAMS 0x00000000fd900000| PB 0x00000000fd900000| Complete 
| 986|0x00000000fda00000, 0x00000000fdb00000, 0x00000000fdb00000|100%| E|CS|TAMS 0x00000000fda00000| PB 0x00000000fda00000| Complete 
| 987|0x00000000fdb00000, 0x00000000fdc00000, 0x00000000fdc00000|100%| E|CS|TAMS 0x00000000fdb00000| PB 0x00000000fdb00000| Complete 
| 988|0x00000000fdc00000, 0x00000000fdd00000, 0x00000000fdd00000|100%| E|CS|TAMS 0x00000000fdc00000| PB 0x00000000fdc00000| Complete 
| 989|0x00000000fdd00000, 0x00000000fde00000, 0x00000000fde00000|100%| E|CS|TAMS 0x00000000fdd00000| PB 0x00000000fdd00000| Complete 
| 990|0x00000000fde00000, 0x00000000fdf00000, 0x00000000fdf00000|100%| E|CS|TAMS 0x00000000fde00000| PB 0x00000000fde00000| Complete 
| 991|0x00000000fdf00000, 0x00000000fe000000, 0x00000000fe000000|100%| E|CS|TAMS 0x00000000fdf00000| PB 0x00000000fdf00000| Complete 
| 992|0x00000000fe000000, 0x00000000fe100000, 0x00000000fe100000|100%| E|CS|TAMS 0x00000000fe000000| PB 0x00000000fe000000| Complete 
| 993|0x00000000fe100000, 0x00000000fe200000, 0x00000000fe200000|100%| O|  |TAMS 0x00000000fe100000| PB 0x00000000fe100000| Untracked 
| 994|0x00000000fe200000, 0x00000000fe300000, 0x00000000fe300000|100%| E|CS|TAMS 0x00000000fe200000| PB 0x00000000fe200000| Complete 
| 995|0x00000000fe300000, 0x00000000fe400000, 0x00000000fe400000|100%| E|CS|TAMS 0x00000000fe300000| PB 0x00000000fe300000| Complete 
| 996|0x00000000fe400000, 0x00000000fe500000, 0x00000000fe500000|100%| E|CS|TAMS 0x00000000fe400000| PB 0x00000000fe400000| Complete 
| 997|0x00000000fe500000, 0x00000000fe600000, 0x00000000fe600000|100%| O|  |TAMS 0x00000000fe500000| PB 0x00000000fe500000| Untracked 
| 998|0x00000000fe600000, 0x00000000fe700000, 0x00000000fe700000|100%| E|CS|TAMS 0x00000000fe600000| PB 0x00000000fe600000| Complete 
| 999|0x00000000fe700000, 0x00000000fe800000, 0x00000000fe800000|100%| E|CS|TAMS 0x00000000fe700000| PB 0x00000000fe700000| Complete 
|1000|0x00000000fe800000, 0x00000000fe900000, 0x00000000fe900000|100%| E|CS|TAMS 0x00000000fe800000| PB 0x00000000fe800000| Complete 
|1001|0x00000000fe900000, 0x00000000fea00000, 0x00000000fea00000|100%| E|CS|TAMS 0x00000000fe900000| PB 0x00000000fe900000| Complete 
|1002|0x00000000fea00000, 0x00000000feb00000, 0x00000000feb00000|100%| E|CS|TAMS 0x00000000fea00000| PB 0x00000000fea00000| Complete 
|1003|0x00000000feb00000, 0x00000000fec00000, 0x00000000fec00000|100%| E|CS|TAMS 0x00000000feb00000| PB 0x00000000feb00000| Complete 
|1004|0x00000000fec00000, 0x00000000fed00000, 0x00000000fed00000|100%| E|CS|TAMS 0x00000000fec00000| PB 0x00000000fec00000| Complete 
|1005|0x00000000fed00000, 0x00000000fee00000, 0x00000000fee00000|100%| E|CS|TAMS 0x00000000fed00000| PB 0x00000000fed00000| Complete 
|1006|0x00000000fee00000, 0x00000000fef00000, 0x00000000fef00000|100%| E|CS|TAMS 0x00000000fee00000| PB 0x00000000fee00000| Complete 
|1007|0x00000000fef00000, 0x00000000ff000000, 0x00000000ff000000|100%| E|CS|TAMS 0x00000000fef00000| PB 0x00000000fef00000| Complete 
|1008|0x00000000ff000000, 0x00000000ff100000, 0x00000000ff100000|100%| E|CS|TAMS 0x00000000ff000000| PB 0x00000000ff000000| Complete 
|1009|0x00000000ff100000, 0x00000000ff200000, 0x00000000ff200000|100%| E|CS|TAMS 0x00000000ff100000| PB 0x00000000ff100000| Complete 
|1010|0x00000000ff200000, 0x00000000ff300000, 0x00000000ff300000|100%| E|CS|TAMS 0x00000000ff200000| PB 0x00000000ff200000| Complete 
|1011|0x00000000ff300000, 0x00000000ff400000, 0x00000000ff400000|100%| E|CS|TAMS 0x00000000ff300000| PB 0x00000000ff300000| Complete 
|1012|0x00000000ff400000, 0x00000000ff500000, 0x00000000ff500000|100%| E|CS|TAMS 0x00000000ff400000| PB 0x00000000ff400000| Complete 
|1013|0x00000000ff500000, 0x00000000ff600000, 0x00000000ff600000|100%| E|CS|TAMS 0x00000000ff500000| PB 0x00000000ff500000| Complete 
|1014|0x00000000ff600000, 0x00000000ff700000, 0x00000000ff700000|100%| E|CS|TAMS 0x00000000ff600000| PB 0x00000000ff600000| Complete 
|1015|0x00000000ff700000, 0x00000000ff800000, 0x00000000ff800000|100%| E|CS|TAMS 0x00000000ff700000| PB 0x00000000ff700000| Complete 
|1016|0x00000000ff800000, 0x00000000ff900000, 0x00000000ff900000|100%| E|CS|TAMS 0x00000000ff800000| PB 0x00000000ff800000| Complete 
|1017|0x00000000ff900000, 0x00000000ffa00000, 0x00000000ffa00000|100%| E|CS|TAMS 0x00000000ff900000| PB 0x00000000ff900000| Complete 
|1018|0x00000000ffa00000, 0x00000000ffb00000, 0x00000000ffb00000|100%| E|CS|TAMS 0x00000000ffa00000| PB 0x00000000ffa00000| Complete 
|1019|0x00000000ffb00000, 0x00000000ffc00000, 0x00000000ffc00000|100%| E|CS|TAMS 0x00000000ffb00000| PB 0x00000000ffb00000| Complete 
|1020|0x00000000ffc00000, 0x00000000ffd00000, 0x00000000ffd00000|100%| E|CS|TAMS 0x00000000ffc00000| PB 0x00000000ffc00000| Complete 
|1021|0x00000000ffd00000, 0x00000000ffe00000, 0x00000000ffe00000|100%| E|CS|TAMS 0x00000000ffd00000| PB 0x00000000ffd00000| Complete 
|1022|0x00000000ffe00000, 0x00000000fff00000, 0x00000000fff00000|100%| E|CS|TAMS 0x00000000ffe00000| PB 0x00000000ffe00000| Complete 
|1023|0x00000000fff00000, 0x0000000100000000, 0x0000000100000000|100%| E|CS|TAMS 0x00000000fff00000| PB 0x00000000fff00000| Complete 

Card table byte_map: [0x0000021ab47d0000,0x0000021ab49d0000] _byte_map_base: 0x0000021ab41d0000

Marking Bits: (CMBitMap*) 0x0000021a8fb497b0
 Bits: [0x0000021ab49d0000, 0x0000021ab59d0000)

Polling page: 0x0000021a8d980000

Metaspace:

Usage:
  Non-class:    349.63 MB used.
      Class:     49.44 MB used.
       Both:    399.08 MB used.

Virtual space:
  Non-class space:      384.00 MB reserved,     353.50 MB ( 92%) committed,  6 nodes.
      Class space:        1.00 GB reserved,      52.31 MB (  5%) committed,  1 nodes.
             Both:        1.38 GB reserved,     405.81 MB ( 29%) committed. 

Chunk freelists:
   Non-Class:  13.45 MB
       Class:  11.68 MB
        Both:  25.13 MB

MaxMetaspaceSize: unlimited
CompressedClassSpaceSize: 1.00 GB
Initial GC threshold: 21.00 MB
Current GC threshold: 673.75 MB
CDS: on
 - commit_granule_bytes: 65536.
 - commit_granule_words: 8192.
 - virtual_space_node_default_size: 8388608.
 - enlarge_chunks_in_place: 1.
 - use_allocation_guard: 0.


Internal statistics:

num_allocs_failed_limit: 147.
num_arena_births: 10944.
num_arena_deaths: 5172.
num_vsnodes_births: 7.
num_vsnodes_deaths: 0.
num_space_committed: 6501.
num_space_uncommitted: 7.
num_chunks_returned_to_freelist: 6906.
num_chunks_taken_from_freelist: 37007.
num_chunk_merges: 2170.
num_chunk_splits: 19101.
num_chunks_enlarged: 8860.
num_inconsistent_stats: 0.

CodeHeap 'non-profiled nmethods': size=259328Kb used=27038Kb max_used=27038Kb free=232289Kb
 bounds [0x0000021aa3dd0000, 0x0000021aa5850000, 0x0000021ab3b10000]
CodeHeap 'profiled nmethods': size=259264Kb used=102064Kb max_used=109073Kb free=157199Kb
 bounds [0x0000021a93b10000, 0x0000021a9a5a0000, 0x0000021aa3840000]
CodeHeap 'non-nmethods': size=5696Kb used=3152Kb max_used=3202Kb free=2543Kb
 bounds [0x0000021aa3840000, 0x0000021aa3b80000, 0x0000021aa3dd0000]
CodeCache: size=524288Kb, used=132254Kb, max_used=139313Kb, free=392031Kb
 total_blobs=49192, nmethods=47010, adapters=2081, full_count=0
Compilation: enabled, stopped_count=0, restarted_count=0

Compilation events (20 events):
Event: 206.352 Thread 0x0000021ab8b570a0 nmethod 73424 0x0000021aa43cd390 code [0x0000021aa43cd560, 0x0000021aa43cd858]
Event: 206.818 Thread 0x0000021ab8b5a2d0 73427       3       io.netty.util.internal.PlatformDependent::javaVersion (4 bytes)
Event: 206.818 Thread 0x0000021ab8b5a2d0 nmethod 73427 0x0000021a94940390 code [0x0000021a94940540, 0x0000021a94940688]
Event: 206.818 Thread 0x0000021ab8b5a2d0 73428   !   3       java.nio.channels.spi.AbstractSelectableChannel::register (152 bytes)
Event: 206.820 Thread 0x0000021ab8b5a2d0 nmethod 73428 0x0000021a94f24a10 code [0x0000021a94f24e00, 0x0000021a94f26760]
Event: 206.820 Thread 0x0000021ab8b5a2d0 73429       3       io.netty.util.concurrent.DefaultPromise::addListener (6 bytes)
Event: 206.820 Thread 0x0000021ab8b5a2d0 nmethod 73429 0x0000021a95be1390 code [0x0000021a95be1540, 0x0000021a95be1708]
Event: 207.250 Thread 0x0000021ab8b5a2d0 73430       3       com.intellij.openapi.editor.impl.FontFallbackIterator::advance (122 bytes)
Event: 207.250 Thread 0x0000021ab8b5a2d0 nmethod 73430 0x0000021a95788b10 code [0x0000021a95788d40, 0x0000021a957893f0]
Event: 207.250 Thread 0x0000021ab8b5a2d0 73431       3       sun.font.FontUtilities::isComplexScript (38 bytes)
Event: 207.251 Thread 0x0000021ab8b5a2d0 nmethod 73431 0x0000021a96bc5e10 code [0x0000021a96bc5fe0, 0x0000021a96bc6288]
Event: 207.253 Thread 0x0000021ab8b570a0 73432       4       sun.java2d.pipe.ValidatePipe::fillRect (25 bytes)
Event: 207.253 Thread 0x0000021ab8b5a2d0 73434       3       com.intellij.openapi.editor.impl.view.EditorPainter$Session::paintLineFragments (1155 bytes)
Event: 207.258 Thread 0x0000021ab8b5a2d0 nmethod 73434 0x0000021a99a1c490 code [0x0000021a99a1d020, 0x0000021a99a24d78]
Event: 207.258 Thread 0x0000021ab8b5a2d0 73436       3       com.intellij.openapi.editor.impl.view.TextFragmentFactory::createTextFragments (245 bytes)
Event: 207.259 Thread 0x0000021ab8b5a2d0 nmethod 73436 0x0000021a943b6590 code [0x0000021a943b6880, 0x0000021a943b78f8]
Event: 207.261 Thread 0x0000021ab8b570a0 nmethod 73432 0x0000021aa5840390 code [0x0000021aa5840600, 0x0000021aa58415e8]
Event: 207.261 Thread 0x0000021ab8b570a0 73433       4       com.intellij.openapi.editor.impl.view.IterationState::<init> (496 bytes)
Event: 207.298 Thread 0x0000021ab8b5a2d0 73437       3       com.intellij.openapi.editor.impl.view.XCorrector$LeftAligned::startX (6 bytes)
Event: 207.298 Thread 0x0000021ab8b5a2d0 nmethod 73437 0x0000021a94986490 code [0x0000021a94986620, 0x0000021a94986730]

GC Heap History (20 events):
Event: 74.185 GC heap before
{Heap before GC invocations=434 (full 15):
 garbage-first heap   total 1048576K, used 1033989K [0x00000000c0000000, 0x0000000100000000)
  region size 1024K, 169 young (173056K), 5 survivors (5120K)
 Metaspace       used 393771K, committed 400832K, reserved 1441792K
  class space    used 49113K, committed 52032K, reserved 1048576K
}
Event: 74.189 GC heap after
{Heap after GC invocations=435 (full 15):
 garbage-first heap   total 1048576K, used 678668K [0x00000000c0000000, 0x0000000100000000)
  region size 1024K, 6 young (6144K), 6 survivors (6144K)
 Metaspace       used 393771K, committed 400832K, reserved 1441792K
  class space    used 49113K, committed 52032K, reserved 1048576K
}
Event: 74.190 GC heap before
{Heap before GC invocations=435 (full 15):
 garbage-first heap   total 1048576K, used 683788K [0x00000000c0000000, 0x0000000100000000)
  region size 1024K, 7 young (7168K), 6 survivors (6144K)
 Metaspace       used 393771K, committed 400832K, reserved 1441792K
  class space    used 49113K, committed 52032K, reserved 1048576K
}
Event: 74.194 GC heap after
{Heap after GC invocations=436 (full 15):
 garbage-first heap   total 1048576K, used 678596K [0x00000000c0000000, 0x0000000100000000)
  region size 1024K, 4 young (4096K), 4 survivors (4096K)
 Metaspace       used 393771K, committed 400832K, reserved 1441792K
  class space    used 49113K, committed 52032K, reserved 1048576K
}
Event: 74.995 GC heap before
{Heap before GC invocations=437 (full 15):
 garbage-first heap   total 1048576K, used 1035972K [0x00000000c0000000, 0x0000000100000000)
  region size 1024K, 175 young (179200K), 4 survivors (4096K)
 Metaspace       used 393780K, committed 400832K, reserved 1441792K
  class space    used 49113K, committed 52032K, reserved 1048576K
}
Event: 74.999 GC heap after
{Heap after GC invocations=438 (full 15):
 garbage-first heap   total 1048576K, used 680163K [0x00000000c0000000, 0x0000000100000000)
  region size 1024K, 5 young (5120K), 5 survivors (5120K)
 Metaspace       used 393780K, committed 400832K, reserved 1441792K
  class space    used 49113K, committed 52032K, reserved 1048576K
}
Event: 75.744 GC heap before
{Heap before GC invocations=438 (full 15):
 garbage-first heap   total 1048576K, used 1036515K [0x00000000c0000000, 0x0000000100000000)
  region size 1024K, 181 young (185344K), 5 survivors (5120K)
 Metaspace       used 393932K, committed 400960K, reserved 1441792K
  class space    used 49139K, committed 52032K, reserved 1048576K
}
Event: 75.748 GC heap after
{Heap after GC invocations=439 (full 15):
 garbage-first heap   total 1048576K, used 682296K [0x00000000c0000000, 0x0000000100000000)
  region size 1024K, 4 young (4096K), 4 survivors (4096K)
 Metaspace       used 393932K, committed 400960K, reserved 1441792K
  class space    used 49139K, committed 52032K, reserved 1048576K
}
Event: 75.749 GC heap before
{Heap before GC invocations=439 (full 15):
 garbage-first heap   total 1048576K, used 686392K [0x00000000c0000000, 0x0000000100000000)
  region size 1024K, 5 young (5120K), 4 survivors (4096K)
 Metaspace       used 393932K, committed 400960K, reserved 1441792K
  class space    used 49139K, committed 52032K, reserved 1048576K
}
Event: 75.753 GC heap after
{Heap after GC invocations=440 (full 15):
 garbage-first heap   total 1048576K, used 680744K [0x00000000c0000000, 0x0000000100000000)
  region size 1024K, 5 young (5120K), 5 survivors (5120K)
 Metaspace       used 393932K, committed 400960K, reserved 1441792K
  class space    used 49139K, committed 52032K, reserved 1048576K
}
Event: 76.521 GC heap before
{Heap before GC invocations=441 (full 15):
 garbage-first heap   total 1048576K, used 1037096K [0x00000000c0000000, 0x0000000100000000)
  region size 1024K, 186 young (190464K), 5 survivors (5120K)
 Metaspace       used 394100K, committed 401152K, reserved 1441792K
  class space    used 49160K, committed 52096K, reserved 1048576K
}
Event: 76.525 GC heap after
{Heap after GC invocations=442 (full 15):
 garbage-first heap   total 1048576K, used 682608K [0x00000000c0000000, 0x0000000100000000)
  region size 1024K, 6 young (6144K), 6 survivors (6144K)
 Metaspace       used 394100K, committed 401152K, reserved 1441792K
  class space    used 49160K, committed 52096K, reserved 1048576K
}
Event: 89.443 GC heap before
{Heap before GC invocations=442 (full 15):
 garbage-first heap   total 1048576K, used 994928K [0x00000000c0000000, 0x0000000100000000)
  region size 1024K, 272 young (278528K), 6 survivors (6144K)
 Metaspace       used 404858K, committed 411968K, reserved 1441792K
  class space    used 50472K, committed 53440K, reserved 1048576K
}
Event: 89.785 GC heap after
{Heap after GC invocations=443 (full 16):
 garbage-first heap   total 1048576K, used 639844K [0x00000000c0000000, 0x0000000100000000)
  region size 1024K, 0 young (0K), 0 survivors (0K)
 Metaspace       used 404851K, committed 411968K, reserved 1441792K
  class space    used 50470K, committed 53440K, reserved 1048576K
}
Event: 121.995 GC heap before
{Heap before GC invocations=443 (full 16):
 garbage-first heap   total 1048576K, used 985956K [0x00000000c0000000, 0x0000000100000000)
  region size 1024K, 339 young (347136K), 0 survivors (0K)
 Metaspace       used 407555K, committed 414784K, reserved 1441792K
  class space    used 50801K, committed 53824K, reserved 1048576K
}
Event: 122.000 GC heap after
{Heap after GC invocations=444 (full 16):
 garbage-first heap   total 1048576K, used 646640K [0x00000000c0000000, 0x0000000100000000)
  region size 1024K, 7 young (7168K), 7 survivors (7168K)
 Metaspace       used 407555K, committed 414784K, reserved 1441792K
  class space    used 50801K, committed 53824K, reserved 1048576K
}
Event: 183.311 GC heap before
{Heap before GC invocations=445 (full 16):
 garbage-first heap   total 1048576K, used 985584K [0x00000000c0000000, 0x0000000100000000)
  region size 1024K, 339 young (347136K), 7 survivors (7168K)
 Metaspace       used 407571K, committed 414592K, reserved 1441792K
  class space    used 50555K, committed 53568K, reserved 1048576K
}
Event: 183.322 GC heap after
{Heap after GC invocations=446 (full 16):
 garbage-first heap   total 1048576K, used 663749K [0x00000000c0000000, 0x0000000100000000)
  region size 1024K, 24 young (24576K), 24 survivors (24576K)
 Metaspace       used 407571K, committed 414592K, reserved 1441792K
  class space    used 50555K, committed 53568K, reserved 1048576K
}
Event: 190.396 GC heap before
{Heap before GC invocations=446 (full 16):
 garbage-first heap   total 1048576K, used 988357K [0x00000000c0000000, 0x0000000100000000)
  region size 1024K, 339 young (347136K), 24 survivors (24576K)
 Metaspace       used 408088K, committed 415104K, reserved 1441792K
  class space    used 50574K, committed 53568K, reserved 1048576K
}
Event: 190.407 GC heap after
{Heap after GC invocations=447 (full 16):
 garbage-first heap   total 1048576K, used 664943K [0x00000000c0000000, 0x0000000100000000)
  region size 1024K, 24 young (24576K), 24 survivors (24576K)
 Metaspace       used 408088K, committed 415104K, reserved 1441792K
  class space    used 50574K, committed 53568K, reserved 1048576K
}

Dll operation events (3 events):
Event: 0.011 Loaded shared library D:\pycharm\PyCharm Community Edition 2024.3.5\jbr\bin\java.dll
Event: 0.013 Loaded shared library D:\pycharm\PyCharm Community Edition 2024.3.5\jbr\bin\zip.dll
Event: 0.403 Loaded shared library D:\pycharm\PyCharm Community Edition 2024.3.5\jbr\bin\verify.dll

Deoptimization events (20 events):
Event: 207.250 Thread 0x0000021b220f42a0 Uncommon trap: trap_request=0xffffffde fr.pc=0x0000021aa51267c4 relative=0x0000000000001344
Event: 207.250 Thread 0x0000021b220f42a0 Uncommon trap: reason=class_check action=maybe_recompile pc=0x0000021aa51267c4 method=com.intellij.openapi.editor.impl.view.LineLayout.getFragmentsInVisualOrder(Lcom/intellij/openapi/editor/impl/view/EditorView;IFIIILjava/lang/Runnable;)Ljava/util/Iterato
Event: 207.250 Thread 0x0000021b220f42a0 DEOPT PACKING pc=0x0000021aa51267c4 sp=0x000000f01cdfcb00
Event: 207.250 Thread 0x0000021b220f42a0 DEOPT UNPACKING pc=0x0000021aa3894422 sp=0x000000f01cdfcaa0 mode 2
Event: 207.250 Thread 0x0000021b220f42a0 Uncommon trap: trap_request=0xffffffde fr.pc=0x0000021aa51267c4 relative=0x0000000000001344
Event: 207.250 Thread 0x0000021b220f42a0 Uncommon trap: reason=class_check action=maybe_recompile pc=0x0000021aa51267c4 method=com.intellij.openapi.editor.impl.view.LineLayout.getFragmentsInVisualOrder(Lcom/intellij/openapi/editor/impl/view/EditorView;IFIIILjava/lang/Runnable;)Ljava/util/Iterato
Event: 207.250 Thread 0x0000021b220f42a0 DEOPT PACKING pc=0x0000021aa51267c4 sp=0x000000f01cdfcc20
Event: 207.250 Thread 0x0000021b220f42a0 DEOPT UNPACKING pc=0x0000021aa3894422 sp=0x000000f01cdfcbc0 mode 2
Event: 207.253 Thread 0x0000021b220f42a0 Uncommon trap: trap_request=0xffffffde fr.pc=0x0000021aa537c328 relative=0x00000000000000e8
Event: 207.253 Thread 0x0000021b220f42a0 Uncommon trap: reason=class_check action=maybe_recompile pc=0x0000021aa537c328 method=com.intellij.openapi.editor.impl.view.LineLayout$VisualFragment.offsetToX(FII)F @ 15 c2
Event: 207.253 Thread 0x0000021b220f42a0 DEOPT PACKING pc=0x0000021aa537c328 sp=0x000000f01cdfd330
Event: 207.253 Thread 0x0000021b220f42a0 DEOPT UNPACKING pc=0x0000021aa3894422 sp=0x000000f01cdfd2a8 mode 2
Event: 207.253 Thread 0x0000021b220f42a0 Uncommon trap: trap_request=0xffffffde fr.pc=0x0000021aa537c328 relative=0x00000000000000e8
Event: 207.253 Thread 0x0000021b220f42a0 Uncommon trap: reason=class_check action=maybe_recompile pc=0x0000021aa537c328 method=com.intellij.openapi.editor.impl.view.LineLayout$VisualFragment.offsetToX(FII)F @ 15 c2
Event: 207.253 Thread 0x0000021b220f42a0 DEOPT PACKING pc=0x0000021aa537c328 sp=0x000000f01cdfd330
Event: 207.253 Thread 0x0000021b220f42a0 DEOPT UNPACKING pc=0x0000021aa3894422 sp=0x000000f01cdfd2a8 mode 2
Event: 207.253 Thread 0x0000021b220f42a0 Uncommon trap: trap_request=0xffffffde fr.pc=0x0000021aa51267c4 relative=0x0000000000001344
Event: 207.253 Thread 0x0000021b220f42a0 Uncommon trap: reason=class_check action=maybe_recompile pc=0x0000021aa51267c4 method=com.intellij.openapi.editor.impl.view.LineLayout.getFragmentsInVisualOrder(Lcom/intellij/openapi/editor/impl/view/EditorView;IFIIILjava/lang/Runnable;)Ljava/util/Iterato
Event: 207.253 Thread 0x0000021b220f42a0 DEOPT PACKING pc=0x0000021aa51267c4 sp=0x000000f01cdfcfc0
Event: 207.253 Thread 0x0000021b220f42a0 DEOPT UNPACKING pc=0x0000021aa3894422 sp=0x000000f01cdfcf60 mode 2

Classes loaded (20 events):
Event: 206.344 Loading class com/intellij/execution/filters/Filter$ResultItem
Event: 206.344 Loading class com/intellij/execution/filters/Filter$ResultItem done
Event: 206.344 Loading class com/intellij/execution/filters/Filter$ResultItem
Event: 206.344 Loading class com/intellij/execution/filters/Filter$ResultItem done
Event: 206.344 Loading class com/intellij/execution/impl/InlayProvider
Event: 206.344 Loading class com/intellij/execution/impl/InlayProvider done
Event: 206.344 Loading class com/intellij/openapi/editor/markup/TextAttributes
Event: 206.344 Loading class com/intellij/openapi/editor/markup/TextAttributes done
Event: 206.344 Loading class com/intellij/openapi/editor/markup/TextAttributes
Event: 206.344 Loading class com/intellij/openapi/editor/markup/TextAttributes done
Event: 206.344 Loading class com/intellij/openapi/editor/ex/RangeHighlighterEx
Event: 206.344 Loading class com/intellij/openapi/editor/ex/RangeHighlighterEx done
Event: 206.345 Loading class com/intellij/execution/impl/EditorHyperlinkSupport$HyperlinkInfoTextAttributes
Event: 206.345 Loading class com/intellij/execution/impl/EditorHyperlinkSupport$HyperlinkInfoTextAttributes done
Event: 206.347 Loading class com/intellij/openapi/editor/impl/view/ComplexTextFragment
Event: 206.347 Loading class com/intellij/openapi/editor/impl/view/ComplexTextFragment done
Event: 207.251 Loading class com/intellij/openapi/editor/impl/view/LineLayout$BidiRun
Event: 207.251 Loading class com/intellij/openapi/editor/impl/view/LineLayout$BidiRun done
Event: 207.251 Loading class com/intellij/openapi/editor/impl/view/LineLayout$BidiRun
Event: 207.251 Loading class com/intellij/openapi/editor/impl/view/LineLayout$BidiRun done

Classes unloaded (20 events):
Event: 122.237 Thread 0x0000021ab849d370 Unloading class 0x0000021abe04b400 'java/lang/invoke/LambdaForm$MH+0x0000021abe04b400'
Event: 122.237 Thread 0x0000021ab849d370 Unloading class 0x0000021abe04ac00 'java/lang/invoke/LambdaForm$MH+0x0000021abe04ac00'
Event: 122.237 Thread 0x0000021ab849d370 Unloading class 0x0000021abe04a800 'java/lang/invoke/LambdaForm$MH+0x0000021abe04a800'
Event: 122.237 Thread 0x0000021ab849d370 Unloading class 0x0000021abe04a400 'java/lang/invoke/LambdaForm$MH+0x0000021abe04a400'
Event: 122.237 Thread 0x0000021ab849d370 Unloading class 0x0000021abe049000 'java/lang/invoke/LambdaForm$MH+0x0000021abe049000'
Event: 122.237 Thread 0x0000021ab849d370 Unloading class 0x0000021abe031800 'java/lang/invoke/LambdaForm$MH+0x0000021abe031800'
Event: 122.237 Thread 0x0000021ab849d370 Unloading class 0x0000021abe030c00 'java/lang/invoke/LambdaForm$MH+0x0000021abe030c00'
Event: 122.237 Thread 0x0000021ab849d370 Unloading class 0x0000021abe030800 'java/lang/invoke/LambdaForm$MH+0x0000021abe030800'
Event: 122.237 Thread 0x0000021ab849d370 Unloading class 0x0000021abe030400 'java/lang/invoke/LambdaForm$MH+0x0000021abe030400'
Event: 122.237 Thread 0x0000021ab849d370 Unloading class 0x0000021abe030000 'java/lang/invoke/LambdaForm$MH+0x0000021abe030000'
Event: 122.237 Thread 0x0000021ab849d370 Unloading class 0x0000021abde89000 'java/lang/invoke/LambdaForm$MH+0x0000021abde89000'
Event: 122.237 Thread 0x0000021ab849d370 Unloading class 0x0000021abde89800 'java/lang/invoke/LambdaForm$MH+0x0000021abde89800'
Event: 122.237 Thread 0x0000021ab849d370 Unloading class 0x0000021abde8c000 'java/lang/invoke/LambdaForm$MH+0x0000021abde8c000'
Event: 122.237 Thread 0x0000021ab849d370 Unloading class 0x0000021abde8d000 'java/lang/invoke/LambdaForm$MH+0x0000021abde8d000'
Event: 122.237 Thread 0x0000021ab849d370 Unloading class 0x0000021abdef8c00 'java/lang/invoke/LambdaForm$MH+0x0000021abdef8c00'
Event: 122.237 Thread 0x0000021ab849d370 Unloading class 0x0000021abdf40000 'java/lang/invoke/LambdaForm$MH+0x0000021abdf40000'
Event: 122.237 Thread 0x0000021ab849d370 Unloading class 0x0000021abdf41400 'java/lang/invoke/LambdaForm$MH+0x0000021abdf41400'
Event: 122.237 Thread 0x0000021ab849d370 Unloading class 0x0000021abdf4c000 'java/lang/invoke/LambdaForm$MH+0x0000021abdf4c000'
Event: 122.237 Thread 0x0000021ab849d370 Unloading class 0x0000021abdf4cc00 'java/lang/invoke/LambdaForm$MH+0x0000021abdf4cc00'
Event: 122.237 Thread 0x0000021ab849d370 Unloading class 0x0000021abdf52800 'java/lang/invoke/LambdaForm$MH+0x0000021abdf52800'

Classes redefined (4 events):
Event: 0.308 Thread 0x0000021ab849d370 redefined class name=java.math.BigInteger, count=1
Event: 0.317 Thread 0x0000021ab849d370 redefined class name=java.net.InetAddress, count=1
Event: 0.322 Thread 0x0000021ab849d370 redefined class name=sun.management.VMManagementImpl, count=1
Event: 0.339 Thread 0x0000021ab849d370 redefined class name=java.lang.Class, count=1

Internal exceptions (20 events):
Event: 201.817 Thread 0x0000021b8dd3e0a0 Exception <a 'java/net/ConnectException'{0x00000000f26dfc50}: Connection refused: connect> (0x00000000f26dfc50) 
thrown [s\src\hotspot\share\prims\jni.cpp, line 572]
Event: 204.637 Thread 0x0000021bb69d6930 Exception <a 'java/io/IOException'{0x00000000f85e0668}> (0x00000000f85e0668) 
thrown [s\src\hotspot\share\prims\jni.cpp, line 537]
Event: 204.637 Thread 0x0000021bb69d6930 Exception <a 'java/io/IOException'{0x00000000f85e0b48}> (0x00000000f85e0b48) 
thrown [s\src\hotspot\share\prims\jni.cpp, line 537]
Event: 204.637 Thread 0x0000021bb69d6930 Exception <a 'java/io/IOException'{0x00000000f85e0e90}> (0x00000000f85e0e90) 
thrown [s\src\hotspot\share\prims\jni.cpp, line 537]
Event: 204.646 Thread 0x0000021bb69d6930 Exception <a 'java/io/IOException'{0x00000000f161b4e8}> (0x00000000f161b4e8) 
thrown [s\src\hotspot\share\prims\jni.cpp, line 537]
Event: 204.646 Thread 0x0000021bb69d6930 Exception <a 'java/io/IOException'{0x00000000f161b830}> (0x00000000f161b830) 
thrown [s\src\hotspot\share\prims\jni.cpp, line 537]
Event: 204.657 Thread 0x0000021bf3419170 Exception <a 'java/io/IOException'{0x00000000f16773a8}> (0x00000000f16773a8) 
thrown [s\src\hotspot\share\prims\jni.cpp, line 537]
Event: 204.657 Thread 0x0000021bf3419170 Exception <a 'java/io/IOException'{0x00000000f16776f0}> (0x00000000f16776f0) 
thrown [s\src\hotspot\share\prims\jni.cpp, line 537]
Event: 204.657 Thread 0x0000021bf3419170 Exception <a 'java/io/IOException'{0x00000000f1677ae0}> (0x00000000f1677ae0) 
thrown [s\src\hotspot\share\prims\jni.cpp, line 537]
Event: 204.657 Thread 0x0000021bf3419170 Exception <a 'java/io/IOException'{0x00000000f1688140}> (0x00000000f1688140) 
thrown [s\src\hotspot\share\prims\jni.cpp, line 537]
Event: 206.327 Thread 0x0000021bc8ace690 Exception <a 'sun/nio/fs/WindowsException'{0x00000000f0fb1a50}> (0x00000000f0fb1a50) 
thrown [s\src\hotspot\share\prims\jni.cpp, line 537]
Event: 206.328 Thread 0x0000021b8dd3e0a0 Exception <a 'java/net/ConnectException'{0x00000000f0fee170}: Connection refused: connect> (0x00000000f0fee170) 
thrown [s\src\hotspot\share\prims\jni.cpp, line 572]
Event: 206.336 Thread 0x0000021b220f42a0 Implicit null exception at 0x0000021aa5399033 to 0x0000021aa5399e5c
Event: 206.340 Thread 0x0000021b220f42a0 Implicit null exception at 0x0000021aa5256a37 to 0x0000021aa5256b24
Event: 206.347 Thread 0x0000021b220f42a0 Exception <a 'java/lang/NoSuchMethodError'{0x00000000f0f7a560}: 'void java.lang.invoke.DirectMethodHandle$Holder.invokeSpecial(java.lang.Object, java.lang.Object, float, int, int, float, java.lang.Object)'> (0x00000000f0f7a560) 
thrown [s\src\hotspot\share\interpreter\linkResolver.cpp, line 784]
Event: 206.818 Thread 0x0000021b2190e240 Exception <a 'sun/nio/fs/WindowsException'{0x00000000f1007f50}> (0x00000000f1007f50) 
thrown [s\src\hotspot\share\prims\jni.cpp, line 537]
Event: 206.818 Thread 0x0000021bce697170 Exception <a 'sun/nio/fs/WindowsException'{0x00000000f0e95770}> (0x00000000f0e95770) 
thrown [s\src\hotspot\share\prims\jni.cpp, line 537]
Event: 206.819 Thread 0x0000021b8dd3e0a0 Exception <a 'java/net/ConnectException'{0x00000000f0e98838}: Connection refused: connect> (0x00000000f0e98838) 
thrown [s\src\hotspot\share\prims\jni.cpp, line 572]
Event: 206.819 Thread 0x0000021b6b7d9f10 Exception <a 'java/net/ConnectException'{0x00000000f0e992a8}: Connection refused: connect> (0x00000000f0e992a8) 
thrown [s\src\hotspot\share\prims\jni.cpp, line 572]
Event: 207.250 Thread 0x0000021b220f42a0 Implicit null exception at 0x0000021aa5080c44 to 0x0000021aa5081ca4

ZGC Phase Switch (0 events):
No events

VM Operations (20 events):
Event: 199.412 Executing VM operation: Cleanup
Event: 199.412 Executing VM operation: Cleanup done
Event: 200.412 Executing VM operation: Cleanup
Event: 200.413 Executing VM operation: Cleanup done
Event: 200.561 Executing VM operation: HandshakeAllThreads (Deoptimize)
Event: 200.561 Executing VM operation: HandshakeAllThreads (Deoptimize) done
Event: 200.569 Executing VM operation: HandshakeAllThreads (Deoptimize)
Event: 200.569 Executing VM operation: HandshakeAllThreads (Deoptimize) done
Event: 201.569 Executing VM operation: Cleanup
Event: 201.569 Executing VM operation: Cleanup done
Event: 202.569 Executing VM operation: Cleanup
Event: 202.569 Executing VM operation: Cleanup done
Event: 204.570 Executing VM operation: Cleanup
Event: 204.570 Executing VM operation: Cleanup done
Event: 205.571 Executing VM operation: Cleanup
Event: 205.571 Executing VM operation: Cleanup done
Event: 206.571 Executing VM operation: Cleanup
Event: 206.571 Executing VM operation: Cleanup done
Event: 207.571 Executing VM operation: Cleanup
Event: 207.571 Executing VM operation: Cleanup done

Memory protections (0 events):
No events

Nmethod flushes (20 events):
Event: 122.270 Thread 0x0000021ab849d370 flushing  nmethod 0x0000021a97b19d10
Event: 122.270 Thread 0x0000021ab849d370 flushing  nmethod 0x0000021a97f4a490
Event: 122.270 Thread 0x0000021ab849d370 flushing  nmethod 0x0000021a987ff990
Event: 122.270 Thread 0x0000021ab849d370 flushing  nmethod 0x0000021a98802910
Event: 122.270 Thread 0x0000021ab849d370 flushing  nmethod 0x0000021a98a28b90
Event: 122.270 Thread 0x0000021ab849d370 flushing  nmethod 0x0000021a98da5e10
Event: 122.270 Thread 0x0000021ab849d370 flushing  nmethod 0x0000021a98f14f10
Event: 122.270 Thread 0x0000021ab849d370 flushing  nmethod 0x0000021a9900e990
Event: 122.270 Thread 0x0000021ab849d370 flushing  nmethod 0x0000021a99762090
Event: 122.270 Thread 0x0000021ab849d370 flushing  nmethod 0x0000021a9983df10
Event: 122.270 Thread 0x0000021ab849d370 flushing  nmethod 0x0000021a9983e310
Event: 122.270 Thread 0x0000021ab849d370 flushing  nmethod 0x0000021a9983ee10
Event: 122.270 Thread 0x0000021ab849d370 flushing  nmethod 0x0000021a9983f290
Event: 122.270 Thread 0x0000021ab849d370 flushing  nmethod 0x0000021a99d4bd90
Event: 122.270 Thread 0x0000021ab849d370 flushing  nmethod 0x0000021a99d51990
Event: 122.270 Thread 0x0000021ab849d370 flushing  nmethod 0x0000021a99d52810
Event: 122.270 Thread 0x0000021ab849d370 flushing  nmethod 0x0000021a99d54310
Event: 122.270 Thread 0x0000021ab849d370 flushing  nmethod 0x0000021a99d56390
Event: 122.270 Thread 0x0000021ab849d370 flushing  nmethod 0x0000021a99d56790
Event: 122.270 Thread 0x0000021ab849d370 flushing  nmethod 0x0000021a99ed1e10

Events (20 events):
Event: 190.409 Thread 0x0000021bf4b78b00 Thread exited: 0x0000021bf4b78b00
Event: 190.409 Thread 0x0000021bf4b79820 Thread exited: 0x0000021bf4b79820
Event: 190.409 Thread 0x0000021b34145320 Thread exited: 0x0000021b34145320
Event: 190.409 Thread 0x0000021b2a530fb0 Thread exited: 0x0000021b2a530fb0
Event: 190.409 Thread 0x0000021b2a52fc00 Thread exited: 0x0000021b2a52fc00
Event: 190.409 Thread 0x0000021bfa5b5230 Thread exited: 0x0000021bfa5b5230
Event: 190.409 Thread 0x0000021bf4b770c0 Thread exited: 0x0000021bf4b770c0
Event: 190.409 Thread 0x0000021b34449d70 Thread exited: 0x0000021b34449d70
Event: 190.409 Thread 0x0000021b3444a400 Thread exited: 0x0000021b3444a400
Event: 190.409 Thread 0x0000021bfa5b4ba0 Thread exited: 0x0000021bfa5b4ba0
Event: 190.409 Thread 0x0000021bf4b79190 Thread exited: 0x0000021bf4b79190
Event: 190.409 Thread 0x0000021b31ef44b0 Thread exited: 0x0000021b31ef44b0
Event: 190.409 Thread 0x0000021bf3570ed0 Thread exited: 0x0000021bf3570ed0
Event: 190.409 Thread 0x0000021bf356fb20 Thread exited: 0x0000021bf356fb20
Event: 190.746 Thread 0x0000021b22db8aa0 Thread added: 0x0000021b2a531640
Event: 190.746 Thread 0x0000021b22db8aa0 Thread added: 0x0000021b2a52fc00
Event: 190.746 Thread 0x0000021b22db8aa0 Thread added: 0x0000021b2a530290
Event: 200.941 Thread 0x0000021bbebb8e50 Thread added: 0x0000021beb951e60
Event: 200.941 Thread 0x0000021beb951e60 Thread exited: 0x0000021beb951e60
Event: 201.673 Thread 0x0000021bbebb8e50 Thread added: 0x0000021beb951e60


Dynamic libraries:
0x00007ff60fb50000 - 0x00007ff60fcc3000 	D:\pycharm\PyCharm Community Edition 2024.3.5\bin\pycharm64.exe
0x00007ff93e9e0000 - 0x00007ff93ec47000 	C:\WINDOWS\SYSTEM32\ntdll.dll
0x00007ff93d030000 - 0x00007ff93d0f9000 	C:\WINDOWS\System32\KERNEL32.DLL
0x00007ff93b360000 - 0x00007ff93b754000 	C:\WINDOWS\System32\KERNELBASE.dll
0x00007ff93db60000 - 0x00007ff93dc38000 	C:\WINDOWS\System32\oleaut32.dll
0x00007ff93b2b0000 - 0x00007ff93b353000 	C:\WINDOWS\System32\msvcp_win.dll
0x00007ff93c0b0000 - 0x00007ff93c1fb000 	C:\WINDOWS\System32\ucrtbase.dll
0x00007ff93d330000 - 0x00007ff93d6b2000 	C:\WINDOWS\System32\combase.dll
0x00007ff93df00000 - 0x00007ff93e018000 	C:\WINDOWS\System32\RPCRT4.dll
0x00007ff93d6f0000 - 0x00007ff93d8b5000 	C:\WINDOWS\System32\user32.dll
0x00007ff93b760000 - 0x00007ff93b787000 	C:\WINDOWS\System32\win32u.dll
0x00007ff93d6c0000 - 0x00007ff93d6eb000 	C:\WINDOWS\System32\GDI32.dll
0x00007ff93c350000 - 0x00007ff93c47b000 	C:\WINDOWS\System32\gdi32full.dll
0x00007ff93c8c0000 - 0x00007ff93d027000 	C:\WINDOWS\System32\shell32.dll
0x00007ff93c480000 - 0x00007ff93c5ea000 	C:\WINDOWS\System32\wintypes.dll
0x00007ff93e870000 - 0x00007ff93e926000 	C:\WINDOWS\System32\advapi32.dll
0x00007ff93c7f0000 - 0x00007ff93c899000 	C:\WINDOWS\System32\msvcrt.dll
0x00007ff93a5c0000 - 0x00007ff93a5f3000 	C:\WINDOWS\SYSTEM32\userenv.dll
0x00007ff93e210000 - 0x00007ff93e2b7000 	C:\WINDOWS\System32\sechost.dll
0x00007ff93c000000 - 0x00007ff93c0a5000 	C:\WINDOWS\System32\bcryptprimitives.dll
0x00007ff930a10000 - 0x00007ff930c52000 	C:\WINDOWS\SYSTEM32\dbghelp.dll
0x00007ff92efd0000 - 0x00007ff92f006000 	C:\WINDOWS\SYSTEM32\WINMM.dll
0x00007ff93d2f0000 - 0x00007ff93d322000 	C:\WINDOWS\System32\IMM32.DLL
0x00007ff93b790000 - 0x00007ff93bff8000 	C:\WINDOWS\System32\windows.storage.dll
0x00007ff93e770000 - 0x00007ff93e868000 	C:\WINDOWS\System32\SHCORE.dll
0x00007ff93e930000 - 0x00007ff93e996000 	C:\WINDOWS\System32\shlwapi.dll
0x00007ff93b190000 - 0x00007ff93b1b9000 	C:\WINDOWS\SYSTEM32\profapi.dll
0x00007ff93a0e0000 - 0x00007ff93a116000 	C:\WINDOWS\SYSTEM32\ntmarta.dll
0x00007ff873930000 - 0x00007ff8746fd000 	D:\pycharm\PyCharm Community Edition 2024.3.5\jbr\bin\server\jvm.dll
0x00007ff93dd30000 - 0x00007ff93ddb0000 	C:\WINDOWS\System32\WS2_32.dll
0x00007ff93b0d0000 - 0x00007ff93b12e000 	C:\WINDOWS\SYSTEM32\POWRPROF.dll
0x00007ff933c30000 - 0x00007ff933c3b000 	C:\WINDOWS\SYSTEM32\VERSION.dll
0x00007ff936a40000 - 0x00007ff936a4c000 	D:\pycharm\PyCharm Community Edition 2024.3.5\jbr\bin\VCRUNTIME140_1.dll
0x00007ff92c320000 - 0x00007ff92c33b000 	D:\pycharm\PyCharm Community Edition 2024.3.5\jbr\bin\VCRUNTIME140.dll
0x00007ff93b0b0000 - 0x00007ff93b0c4000 	C:\WINDOWS\SYSTEM32\UMPDC.dll
0x00007ff931980000 - 0x00007ff93198a000 	D:\pycharm\PyCharm Community Edition 2024.3.5\jbr\bin\jimage.dll
0x00007ff92e050000 - 0x00007ff92e08b000 	C:\WINDOWS\SYSTEM32\dbgcore.DLL
0x00007ff92cde0000 - 0x00007ff92cdee000 	D:\pycharm\PyCharm Community Edition 2024.3.5\jbr\bin\instrument.dll
0x00007ff9230f0000 - 0x00007ff923108000 	D:\pycharm\PyCharm Community Edition 2024.3.5\jbr\bin\jli.dll
0x00007ff9230d0000 - 0x00007ff9230f0000 	D:\pycharm\PyCharm Community Edition 2024.3.5\jbr\bin\java.dll
0x00007ff931d40000 - 0x00007ff931df5000 	C:\WINDOWS\WinSxS\amd64_microsoft.windows.common-controls_6595b64144ccf1df_5.82.26100.8115_none_87ecef177a2e8a19\COMCTL32.dll
0x00007ff922880000 - 0x00007ff922898000 	D:\pycharm\PyCharm Community Edition 2024.3.5\jbr\bin\zip.dll
0x00007ff939fc0000 - 0x00007ff939fdb000 	C:\WINDOWS\SYSTEM32\kernel.appcore.dll
0x00007ff92c440000 - 0x00007ff92c450000 	D:\pycharm\PyCharm Community Edition 2024.3.5\jbr\bin\net.dll
0x00007ff933d50000 - 0x00007ff933e7d000 	C:\WINDOWS\SYSTEM32\WINHTTP.dll
0x00007ff93a510000 - 0x00007ff93a57c000 	C:\WINDOWS\system32\mswsock.dll
0x00007ff922860000 - 0x00007ff922876000 	D:\pycharm\PyCharm Community Edition 2024.3.5\jbr\bin\nio.dll
0x00007ff92c110000 - 0x00007ff92c119000 	D:\pycharm\PyCharm Community Edition 2024.3.5\jbr\bin\management.dll
0x00007ff928cc0000 - 0x00007ff928ccb000 	D:\pycharm\PyCharm Community Edition 2024.3.5\jbr\bin\management_ext.dll
0x00007ff93e200000 - 0x00007ff93e208000 	C:\WINDOWS\System32\PSAPI.DLL
0x00007ff92e2d0000 - 0x00007ff92e2e8000 	C:\WINDOWS\system32\napinsp.dll
0x00007ff939b30000 - 0x00007ff939c62000 	C:\WINDOWS\SYSTEM32\DNSAPI.dll
0x00007ff939af0000 - 0x00007ff939b22000 	C:\WINDOWS\SYSTEM32\IPHLPAPI.DLL
0x00007ff93c8a0000 - 0x00007ff93c8aa000 	C:\WINDOWS\System32\NSI.dll
0x00007ff92e1b0000 - 0x00007ff92e1c3000 	C:\WINDOWS\System32\winrnr.dll
0x00007ff923b90000 - 0x00007ff923bb2000 	C:\WINDOWS\system32\nlansp_c.dll
0x00007ff933c10000 - 0x00007ff933c26000 	C:\WINDOWS\system32\wshbth.dll
0x00007ff935280000 - 0x00007ff93528b000 	C:\Windows\System32\rasadhlp.dll
0x00007ff935850000 - 0x00007ff9358d6000 	C:\WINDOWS\System32\fwpuclnt.dll
0x00007ff922af0000 - 0x00007ff922b00000 	D:\pycharm\PyCharm Community Edition 2024.3.5\jbr\bin\verify.dll
0x00007ff9224b0000 - 0x00007ff922648000 	D:\pycharm\PyCharm Community Edition 2024.3.5\jbr\bin\awt.dll
0x00007ff938fa0000 - 0x00007ff938fcf000 	C:\WINDOWS\SYSTEM32\dwmapi.dll
0x00007ff92c630000 - 0x00007ff92c6a6000 	C:\WINDOWS\SYSTEM32\OLEACC.dll
0x00007ff922460000 - 0x00007ff9224a4000 	D:\pycharm\PyCharm Community Edition 2024.3.5\jbr\bin\nvdaControllerClient64.dll
0x00007ff922340000 - 0x00007ff9223cd000 	D:\pycharm\PyCharm Community Edition 2024.3.5\bin\MSVCP140.dll
0x00007ff938c20000 - 0x00007ff938cbf000 	C:\WINDOWS\SYSTEM32\apphelp.dll
0x00007ff922850000 - 0x00007ff922859000 	D:\pycharm\PyCharm Community Edition 2024.3.5\jbr\bin\prefs.dll
0x00007ff922840000 - 0x00007ff92284e000 	D:\pycharm\PyCharm Community Edition 2024.3.5\jbr\bin\sunmscapi.dll
0x00007ff93c5f0000 - 0x00007ff93c767000 	C:\WINDOWS\System32\CRYPT32.dll
0x00007ff93aa70000 - 0x00007ff93aaa0000 	C:\WINDOWS\SYSTEM32\ncrypt.dll
0x00007ff93aa20000 - 0x00007ff93aa5f000 	C:\WINDOWS\SYSTEM32\NTASN1.dll
0x00007ff938d00000 - 0x00007ff938da9000 	C:\WINDOWS\system32\uxtheme.dll
0x00007ff93d180000 - 0x00007ff93d2dc000 	C:\WINDOWS\System32\MSCTF.dll
0x00007ff92ce10000 - 0x00007ff92ce18000 	C:\WINDOWS\system32\wshunix.dll
0x00007ff93d9c0000 - 0x00007ff93db57000 	C:\WINDOWS\System32\ole32.dll
0x00007ff9222b0000 - 0x00007ff922337000 	D:\pycharm\PyCharm Community Edition 2024.3.5\jbr\bin\freetype.dll
0x00007ff9221b0000 - 0x00007ff9222a4000 	D:\pycharm\PyCharm Community Edition 2024.3.5\jbr\bin\fontmanager.dll
0x00007ff922830000 - 0x00007ff922839000 	D:\pycharm\PyCharm Community Edition 2024.3.5\jbr\bin\extnet.dll
0x00007ff922160000 - 0x00007ff9221a9000 	D:\pycharm\PyCharm Community Edition 2024.3.5\lib\jna\amd64\jnidispatch.dll
0x00007ff938bf0000 - 0x00007ff938c19000 	C:\WINDOWS\system32\Wtsapi32.dll
0x00007ff93a260000 - 0x00007ff93a2a9000 	C:\WINDOWS\SYSTEM32\SspiCli.dll
0x00007ff93ae70000 - 0x00007ff93aed2000 	C:\WINDOWS\SYSTEM32\WINSTA.dll
0x00007ff8a3c80000 - 0x00007ff8a3d8f000 	C:\WINDOWS\system32\opengl32.dll
0x00007ff92b2a0000 - 0x00007ff92b2cd000 	C:\WINDOWS\SYSTEM32\GLU32.dll
0x00007ff938de0000 - 0x00007ff938e23000 	C:\WINDOWS\SYSTEM32\dxcore.dll
0x00007ff92ca10000 - 0x00007ff92cbe8000 	C:\WINDOWS\WinSxS\amd64_microsoft.windows.gdiplus_6595b64144ccf1df_1.1.26100.8246_none_6ef5395a3dc52f61\gdiplus.dll
0x00007ff93a910000 - 0x00007ff93a92b000 	C:\WINDOWS\SYSTEM32\CRYPTSP.dll
0x00007ff939f20000 - 0x00007ff939f59000 	C:\WINDOWS\system32\rsaenh.dll
0x00007ff93b160000 - 0x00007ff93b18a000 	C:\WINDOWS\SYSTEM32\bcrypt.dll
0x00007ff93a770000 - 0x00007ff93a77c000 	C:\WINDOWS\SYSTEM32\CRYPTBASE.dll
0x00007ff922420000 - 0x00007ff922458000 	D:\pycharm\PyCharm Community Edition 2024.3.5\bin\WinShellIntegrationBridge.dll
0x00007ff93a970000 - 0x00007ff93a983000 	C:\WINDOWS\SYSTEM32\MSASN1.dll
0x00007ff93dc70000 - 0x00007ff93dd1e000 	C:\WINDOWS\System32\clbcatq.dll
0x00007ff93a580000 - 0x00007ff93a5b0000 	C:\WINDOWS\SYSTEM32\gpapi.dll
0x00007ff91e950000 - 0x00007ff91e9fb000 	C:\Windows\System32\appresolver.dll
0x00007ff936c00000 - 0x00007ff936d03000 	C:\WINDOWS\system32\propsys.dll
0x00007ff9292c0000 - 0x00007ff92931e000 	C:\Windows\System32\Bcp47Langs.dll
0x00007ff93d100000 - 0x00007ff93d17c000 	C:\WINDOWS\System32\coml2.dll
0x00007ff93ade0000 - 0x00007ff93ae31000 	C:\WINDOWS\SYSTEM32\CFGMGR32.dll
0x00007ff92e120000 - 0x00007ff92e12f000 	C:\WINDOWS\SYSTEM32\LINKINFO.dll
0x00007ff8e8830000 - 0x00007ff8e88d6000 	C:\WINDOWS\SYSTEM32\ntshrui.dll
0x00007ff931990000 - 0x00007ff9319b9000 	C:\WINDOWS\SYSTEM32\srvcli.dll
0x00007ff9248c0000 - 0x00007ff9248d3000 	C:\WINDOWS\SYSTEM32\cscapi.dll
0x00007ff936ec0000 - 0x00007ff936f74000 	C:\WINDOWS\SYSTEM32\policymanager.dll
0x00007ff9316f0000 - 0x00007ff93172b000 	C:\WINDOWS\SYSTEM32\cryptnet.dll
0x00007ff936b90000 - 0x00007ff936b9e000 	C:\WINDOWS\SYSTEM32\WINNSI.DLL
0x00007ff931d20000 - 0x00007ff931d32000 	C:\WINDOWS\system32\wbem\wbemprox.dll
0x00007ff931730000 - 0x00007ff9317aa000 	C:\WINDOWS\SYSTEM32\wbemcomn.dll
0x00007ff9321e0000 - 0x00007ff9321f5000 	C:\WINDOWS\system32\wbem\wbemsvc.dll
0x00007ff932200000 - 0x00007ff9322f0000 	C:\WINDOWS\system32\wbem\fastprox.dll
0x00007ff932090000 - 0x00007ff9320ad000 	C:\WINDOWS\SYSTEM32\amsi.dll
0x00007ff931880000 - 0x00007ff93194c000 	C:\Program Files\McAfee\MfeAV\AMSIExt.dll
0x00007ff935580000 - 0x00007ff93559d000 	C:\WINDOWS\SYSTEM32\dhcpcsvc6.DLL
0x00007ff935550000 - 0x00007ff935575000 	C:\WINDOWS\SYSTEM32\dhcpcsvc.DLL
0x00007ff92c770000 - 0x00007ff92ca03000 	C:\WINDOWS\WinSxS\amd64_microsoft.windows.common-controls_6595b64144ccf1df_6.0.26100.8115_none_3e075c82e3354f9c\comctl32.dll
0x00007ff936fa0000 - 0x00007ff9371ce000 	C:\WINDOWS\SYSTEM32\WindowsCodecs.dll
0x00007ff8e91d0000 - 0x00007ff8e922a000 	C:\WINDOWS\system32\dataexchange.dll
0x00007ff926170000 - 0x00007ff9263bd000 	C:\WINDOWS\system32\twinapi.appcore.dll
0x00007ff931e30000 - 0x00007ff931f78000 	C:\WINDOWS\SYSTEM32\textinputframework.dll
0x00007ff938920000 - 0x00007ff938a47000 	C:\WINDOWS\SYSTEM32\CoreMessaging.dll
0x00007ff92bba0000 - 0x00007ff92be82000 	C:\WINDOWS\SYSTEM32\CoreUIComponents.dll
0x00007ff920bf0000 - 0x00007ff920c46000 	C:\WINDOWS\SYSTEM32\pdh.dll
0x00007ff803660000 - 0x00007ff8045f7000 	C:\Users\16644\AppData\Local\Temp\catboost4j-prediction17718671299557455089.dll
0x00007ff90c270000 - 0x00007ff90c281000 	C:\WINDOWS\System32\perfos.dll
0x00007ff939690000 - 0x00007ff9396a2000 	C:\WINDOWS\SYSTEM32\pfclient.dll
0x00007ff8e92c0000 - 0x00007ff8e95a2000 	C:\WINDOWS\system32\explorerframe.dll
0x00007ff93ae60000 - 0x00007ff93ae6a000 	C:\WINDOWS\SYSTEM32\DPAPI.dll

JVMTI agents:
F:\win2021-2025\win2021-2025\ja-netfilter.jar path:D:\pycharm\PyCharm Community Edition 2024.3.5\jbr\bin\instrument.dll, loaded, initialized, instrumentlib options:jetbrains

dbghelp: loaded successfully - version: 4.0.5 - missing functions: none
symbol engine: initialized successfully - sym options: 0x614 - pdb path: .;D:\pycharm\PyCharm Community Edition 2024.3.5\bin;C:\WINDOWS\SYSTEM32;D:\pycharm\PyCharm Community Edition 2024.3.5\jbr\bin\server;D:\pycharm\PyCharm Community Edition 2024.3.5\jbr\bin;C:\WINDOWS\WinSxS\amd64_microsoft.windows.common-controls_6595b64144ccf1df_5.82.26100.8115_none_87ecef177a2e8a19;D:\pycharm\PyCharm Community Edition 2024.3.5\lib\jna\amd64;C:\WINDOWS\WinSxS\amd64_microsoft.windows.gdiplus_6595b64144ccf1df_1.1.26100.8246_none_6ef5395a3dc52f61;C:\WINDOWS\system32\wbem;C:\Program Files\McAfee\MfeAV;C:\WINDOWS\WinSxS\amd64_microsoft.windows.common-controls_6595b64144ccf1df_6.0.26100.8115_none_3e075c82e3354f9c;C:\Users\16644\AppData\Local\Temp

VM Arguments:
jvm_args: abort vfprintf -XX:ErrorFile=C:\Users\16644\java_error_in_pycharm_%p.log -XX:HeapDumpPath=C:\Users\16644\java_error_in_pycharm.hprof -Xms256m -Xmx2048m -XX:JbrShrinkingGcMaxHeapFreeRatio=40 -XX:ReservedCodeCacheSize=512m -XX:+HeapDumpOnOutOfMemoryError -XX:-OmitStackTraceInFastThrow -XX:CICompilerCount=2 -XX:+IgnoreUnrecognizedVMOptions -XX:+UnlockDiagnosticVMOptions -XX:TieredOldPercentage=100000 -ea -Dsun.io.useCanonCaches=false -Dsun.java2d.metal=true -Djbr.catch.SIGABRT=true -Djdk.http.auth.tunneling.disabledSchemes="" -Djdk.attach.allowAttachSelf=true -Djdk.module.illegalAccess.silent=true -Djdk.nio.maxCachedBufferSize=2097152 -Djava.util.zip.use.nio.for.zip.file.access=true -Dkotlinx.coroutines.debug=off -Djava.nio.file.spi.DefaultFileSystemProvider=com.intellij.platform.core.nio.fs.MultiRoutingFileSystemProvider -Dwelcome.screen.defaultWidth=1000 -Dwelcome.screen.defaultHeight=720 -Dintellij.startup.wizard.initial.timeout=1 -Xms128m -Xmx1024m -XX:ReservedCodeCacheSize=512m -XX:+IgnoreUnrecognizedVMOptions -XX:+UseG1GC -XX:SoftRefLRUPolicyMSPerMB=50 -XX:CICompilerCount=2 -XX:+HeapDumpOnOutOfMemoryError -XX:-OmitStackTraceInFastThrow -ea -Dsun.io.useCanonCaches=false -Djdk.http.auth.tunneling.disabledSchemes="" -Djdk.attach.allowAttachSelf=true -Djdk.module.illegalAccess.silent=true -Dkotlinx.coroutines.debug=off -XX:ErrorFile=$USER_HOME/java_error_in_idea_%p.log -XX:HeapDumpPath=$USER_HOME/java_error_in_idea.hprof --add-opens=java.base/jdk.internal.org.objectweb.asm=ALL-UNNAMED --add-opens=java.base/jdk.internal.org.objectweb.asm.tree=ALL-UNNAMED -javaagent:F:\win2021-2025\win2021-2025\ja-netfilter.jar=jetbrains -Djb.vmOptionsFile=F:\win2021-2025\win2021-2025\vmoptions\pycharm.vmoptions -Xbootclasspath/a:D:\pycharm\PyCharm Community Edition 2024.3.5\lib\nio-fs.jar -Djava.system.class.loader=com.intellij.util.lang.PathClassLoader -Didea.vendor.name=JetBrains -Didea.paths.selector=PyCharm2025.3 -Djna.boot.library.path=D:\pycharm\PyCharm Community Edition 2024.3.5/lib/jna/amd64 -Djna.nosys=true -Djna.noclasspath=true -Dpty4j.preferred.native.folder=D:\pycharm\PyCharm Community Edition 2024.3.5/lib/pty4j -Dio.netty.allocator.type=pooled -Dskiko.library.path=D:\pycharm\PyCharm Community Edition 2024.3.5/lib/skiko-awt-runtime-all -Dintellij.platform.runtime.repository.path=D:\pycharm\PyCharm Community Edition 2024.3.5/modules/module-descriptors.dat -Didea.platform.prefix=Python -Dwsl.use.remote.agent.for.nio.filesystem=true -Djava.nio.file.spi.DefaultFileSystemProvider=com.intellij.platform.core.nio.fs.MultiRoutingFileSystemProvider -Dsplash=true -Daether.connector.resumeDownloads=false -Dcompose.swing.render.on.graphics=true --add-opens=java.base/java.io=ALL-UNNAMED --add-opens=java.base/java.lang=ALL-UNNAMED --add-opens=java.base/java.lang.ref=ALL-UNNAMED --add-opens=java.base/java.lang.reflect=ALL-UNNAMED --add-opens=java.base/java.net=ALL-UNNAMED --add-opens=java.base/java.nio=ALL-UNNAMED --add-opens=java.base/java.nio.charset=ALL-UNNAMED --add-opens=java.base/java.text=ALL-UNNAMED --add-opens=java.base/java.time=ALL-UNNAMED --add-opens=java.base/java.util=ALL-UNNAMED --add-opens=java.base/java.util.concurrent=ALL-UNNAMED --add-opens=java.base/java.util.concurrent.atomic=ALL-UNNAMED --add-opens=java.base/java.util.concurrent.locks=ALL-UNNAMED --add-opens=java.base/jdk.internal.ref=ALL-UNNAMED --add-opens=java.base/jdk.internal.vm=ALL-UNNAMED --add-opens=java.base/sun.net.dns=ALL-UNNAMED --add-opens=java.base/sun.nio=ALL-UNNAMED --add-opens=java.base/sun.nio.ch=ALL-UNNAMED --add-opens=java.base/sun.nio.fs=ALL-UNNAMED --add-opens=java.base/sun.security.ssl=ALL-UNNAMED --add-opens=java.base/sun.security.util=ALL-UNNAMED --add-opens=java.desktop/com.sun.java.swing=ALL-UNNAMED --add-opens=java.desktop/java.awt=ALL-UNNAMED --add-opens=java.desktop/java.awt.dnd.peer=ALL-UNNAMED --add-opens=java.desktop/java.awt.event=ALL-UNNAMED --add-opens=java.desktop/java.awt.font=ALL-UNNAMED --add-opens=java.desktop/java.awt.image=ALL-UNNAMED --add-opens=java.desktop/java.awt.peer=ALL-UNNAMED --add-opens=java.desktop/javax.swing=ALL-UNNAMED --add-opens=java.desktop/javax.swing.plaf.basic=ALL-UNNAMED --add-opens=java.desktop/javax.swing.text=ALL-UNNAMED --add-opens=java.desktop/javax.swing.text.html=ALL-UNNAMED --add-opens=java.desktop/javax.swing.text.html.parser=ALL-UNNAMED --add-opens=java.desktop/sun.awt=ALL-UNNAMED --add-opens=java.desktop/sun.awt.datatransfer=ALL-UNNAMED --add-opens=java.desktop/sun.awt.image=ALL-UNNAMED --add-opens=java.desktop/sun.awt.windows=ALL-UNNAMED --add-opens=java.desktop/sun.font=ALL-UNNAMED --add-opens=java.desktop/sun.java2d=ALL-UNNAMED --add-opens=java.desktop/sun.swing=ALL-UNNAMED --add-opens=java.management/sun.management=ALL-UNNAMED --add-opens=jdk.attach/sun.tools.attach=ALL-UNNAMED --add-opens=jdk.compiler/com.sun.tools.javac.api=ALL-UNNAMED --add-opens=jdk.internal.jvmstat/sun.jvmstat.monitor=ALL-UNNAMED --add-opens=jdk.jdi/com.sun.tools.jdi=ALL-UNNAMED -Dide.native.launcher=true -Djcef.sandbox.ptr=0000021A8D3D1680 -Djcef.sandbox.cefVersion=122.1.9+gd14e051+chromium-122.0.6261.94 
java_command: com.intellij.idea.Main F:\毕设1.1\毕设\yolov8
java_class_path (initial): D:\pycharm\PyCharm Community Edition 2024.3.5\lib\platform-loader.jar;D:\pycharm\PyCharm Community Edition 2024.3.5\lib\util-8.jar;D:\pycharm\PyCharm Community Edition 2024.3.5\lib\app.jar;D:\pycharm\PyCharm Community Edition 2024.3.5\lib\util.jar;D:\pycharm\PyCharm Community Edition 2024.3.5\lib\product-backend.jar;D:\pycharm\PyCharm Community Edition 2024.3.5\lib\app-backend.jar;D:\pycharm\PyCharm Community Edition 2024.3.5\lib\annotations.jar;D:\pycharm\PyCharm Community Edition 2024.3.5\lib\eclipse.lsp4j.debug.jar;D:\pycharm\PyCharm Community Edition 2024.3.5\lib\eclipse.lsp4j.jar;D:\pycharm\PyCharm Community Edition 2024.3.5\lib\eclipse.lsp4j.jsonrpc.debug.jar;D:\pycharm\PyCharm Community Edition 2024.3.5\lib\eclipse.lsp4j.jsonrpc.jar;D:\pycharm\PyCharm Community Edition 2024.3.5\lib\external-system-rt.jar;D:\pycharm\PyCharm Community Edition 2024.3.5\lib\externalProcess-rt.jar;D:\pycharm\PyCharm Community Edition 2024.3.5\lib\forms_rt.jar;D:\pycharm\PyCharm Community Edition 2024.3.5\lib\groovy.jar;D:\pycharm\PyCharm Community Edition 2024.3.5\lib\javax.activation.jar;D:\pycharm\PyCharm Community Edition 2024.3.5\lib\javax.annotation-api.jar;D:\pycharm\PyCharm Community Edition 2024.3.5\lib\jaxb-api.jar;D:\pycharm\PyCharm Community Edition 2024.3.5\lib\jaxb-runtime.jar;D:\pycharm\PyCharm Community Edition 2024.3.5\lib\jps-model.jar;D:\pycharm\PyCharm Community Edition 2024.3.5\lib\jsch-agent.jar;D:\pycharm\PyCharm Community Edition 2024.3.5\lib\lib-backend.jar;D:\pycharm\PyCharm Community Edition 2024.3.5\lib\lib.jar;D:\pycharm\PyCharm Community Edition 2024.3.5\lib\module-intellij.libraries.aalto.xml.jar;D:\pycharm\PyCharm Community Edition 2024.3.5\lib\module-intellij.libraries.asm.jar;D:\pycharm\PyCharm Community Edition 2024.3.5\lib\module-intellij.libraries.asm.tools.jar;D:\pycharm\PyCharm Community Edition 2024.3.5\lib\module-intellij.libraries.automaton.jar;D:\pycharm\PyCharm Community Edition 2024.3.5\lib\module-intellij.libraries.blockmap.jar;D:\pycharm\PyCharm Community Edition 2024.3.5\lib\module-intellij.libraries.bouncy.castle.pgp.jar;D:\pycharm\PyCharm Community Edition 2024.3.5\lib\module-intellij.libraries.bouncy.castle.provider.jar;D:\pycharm\PyCharm Community Edition 2024.3.5\lib\module-intellij.libraries.caffeine.jar;D:\pycharm\PyCharm Community Edition 2024.3.5\lib\module-intellij.libraries.cglib.jar;D:\pycharm\PyCharm Community Edition 2024.3.5\lib\module-intellij.libraries.classgraph.jar;D:\pycharm\PyCharm Community Edition 2024.3.5\lib\module-intellij.libraries.cli.parser.jar;D:\pycharm\PyCharm Community Edition 2024.3.5\lib\module-intellij.libraries.commons.cli.jar;D:\pycharm\PyCharm Community Edition 2024.3.5\lib\module-intellij.libraries.commons.codec.jar;D:\pycharm\PyCharm Community Edition 2024.3.5\lib\module-intellij.libraries.commons.compress.jar;D:\pycharm\PyCharm Community Edition 2024.3.5\lib\module-intellij.libraries.commons.imaging.jar;D:\pycharm\PyCharm Community Edition 2024.3.5\lib\module-intellij.libraries.commons.io.jar;D:\pycharm\PyCharm Community Edition 2024.3.5\lib\module-intellij.libraries.commons.lang3.jar;D:\pycharm\PyCharm Community Edition 2024.3.5\lib\module-intellij.libraries.commons.logging.jar;D:\pycharm\PyCharm Community Edition 2024.3.5\lib\module-intellij.libraries.fastutil.jar;D:\pycharm\PyCharm Community Edition 2024.3.5\lib\module-intellij.libraries.gson.jar;D:\pycharm\PyCharm Community Edition 2024.3.5\lib\module-intellij.libraries.guava.jar;D:\pycharm\PyCharm Community Edition 2024.3.5\lib\module-intellij.libraries.hash4j.jar;D:\pycharm\PyCharm Community Edition 2024.3.5\lib\module-intellij.libraries.hdr.histogram.jar;D:\pycharm\PyCharm Community Edition 2024.3.5\lib\module-intellij.libraries.http.client.jar;D:\pycharm\PyCharm Community Edition 2024.3.5\lib\module-intellij.libraries.icu4j.jar;D:\pycharm\PyCharm Community Edition 2024.3.5\lib\module-intellij.libraries.imgscalr.jar;D:\pycharm\PyCharm Community Edition 2024.3.5\lib\module-intellij.libraries.ini4j.jar;D:\pycharm\PyCharm Community Edition 2024.3.5\lib\module-intellij.libraries.ion.jar;D:\pycharm\PyCharm Community Edition 2024.3.5\lib\module-intellij.libraries.jackson.databind.jar;D:\pycharm\PyCharm Community Edition 2024.3.5\lib\module-intellij.libraries.jackson.dataformat.yaml.jar;D:\pycharm\PyCharm Community Edition 2024.3.5\lib\module-intellij.libraries.jackson.jar;D:\pycharm\PyCharm Community Edition 2024.3.5\lib\module-intellij.libraries.jackson.jr.objects.jar;D:\pycharm\PyCharm Community Edition 2024.3.5\lib\module-intellij.libraries.jackson.module.kotlin.jar;D:\pycharm\PyCharm Community Edition 2024.3.5\lib\module-intellij.libraries.java.websocket.jar;D:\pycharm\PyCharm Community Edition 2024.3.5\lib\module-intellij.libraries.javax.annotation.jar;D:\pycharm\PyCharm Community Edition 2024.3.5\lib\module-intellij.libraries.jaxen.jar;D:\pycharm\PyCharm Community Edition 2024.3.5\lib\module-intellij.libraries.jbr.jar;D:\pycharm\PyCharm Community Edition 2024.3.5\lib\module-intellij.libraries.jcef.jar;D:\pycharm\PyCharm Community Edition 2024.3.5\lib\module-intellij.libraries.jcip.jar;D:\pycharm\PyCharm Community Edition 2024.3.5\lib\module-intellij.libraries.jediterm.core.jar;D:\pycharm\PyCharm Community Edition 2024.3.5\lib\module-intellij.libraries.jediterm.ui.jar;D:\pycharm\PyCharm Community Edition 2024.3.5\lib\module-intellij.libraries.jettison.jar;D:\pycharm\PyCharm Community Edition 2024.3.5\lib\module-intellij.libraries.jsonpath.jar;D:\pycharm\PyCharm Community Edition 2024.3.5\lib\module-intellij.libraries.jsoup.jar;D:\pycharm\PyCharm Community Edition 2024.3.5\lib\module-intellij.libraries.jsvg.jar;D:\pycharm\PyCharm Community Edition 2024.3.5\lib\module-intellij.libraries.jvm.native.trusted.roots.jar;D:\pycharm\PyCharm Community Edition 2024.3.5\lib\module-intellij.libraries.jzlib.jar;D:\pycharm\PyCharm Community Edition 2024.3.5\lib\module-intellij.libraries.kotlin.reflect.jar;D:\pycharm\PyCharm Community Edition 2024.3.5\lib\module-intellij.libraries.kotlinx.collections.immutable.jar;D:\pycharm\PyCharm Community Edition 2024.3.5\lib\module-intellij.libraries.kotlinx.coroutines.slf4j.jar;D:\pycharm\PyCharm Community Edition 2024.3.5\lib\module-intellij.libraries.kotlinx.datetime.jar;D:\pycharm\PyCharm Community Edition 2024.3.5\lib\module-intellij.libraries.kotlinx.html.jar;D:\pycharm\PyCharm Community Edition 2024.3.5\lib\module-intellij.libraries.kotlinx.io.jar;D:\pycharm\PyCharm Community Edition 2024.3.5\lib\module-intellij.libraries.kotlinx.serialization.core.jar;D:\pycharm\PyCharm Community Edition 2024.3.5\lib\module-intellij.libraries.kotlinx.serialization.json.jar;D:\pycharm\PyCharm Community Edition 2024.3.5\lib\module-intellij.libraries.kotlinx.serialization.protobuf.jar;D:\pycharm\PyCharm Community Edition 2024.3.5\lib\module-intellij.libraries.kryo5.jar;D:\pycharm\PyCharm Community Edition 2024.3.5\lib\module-intellij.libraries.ktor.client.cio.jar;D:\pycharm\PyCharm Community Edition 2024.3.5\lib\module-intellij.libraries.ktor.client.jar;D:\pycharm\PyCharm Community Edition 2024.3.5\lib\module-intellij.libraries.ktor.io.jar;D:\pycharm\PyCharm Community Edition 2024.3.5\lib\module-intellij.libraries.ktor.network.tls.jar;D:\pycharm\PyCharm Community Edition 2024.3.5\lib\module-intellij.libraries.ktor.utils.jar;D:\pycharm\PyCharm Community Edition 2024.3.5\lib\module-intellij.libraries.lz4.jar;D:\pycharm\PyCharm Community Edition 2024.3.5\lib\module-intellij.libraries.markdown.jar;D:\pycharm\PyCharm Community Edition 2024.3.5\lib\module-intellij.libraries.miglayout.swing.jar;D:\pycharm\PyCharm Community Edition 2024.3.5\lib\module-intellij.libraries.mvstore.jar;D:\pycharm\PyCharm Community Edition 2024.3.5\lib\module-intellij.libraries.oro.matcher.jar;D:\pycharm\PyCharm Community Edition 2024.3.5\lib\module-intellij.libraries.proxy.vole.jar;D:\pycharm\PyCharm Community Edition 2024.3.5\lib\module-intellij.libraries.pty4j.jar;D:\pycharm\PyCharm Community Edition 2024.3.5\lib\module-intellij.libraries.rd.text.jar;D:\pycharm\PyCharm Community Edition 2024.3.5\lib\module-intellij.libraries.rhino.jar;D:\pycharm\PyCharm Community Edition 2024.3.5\lib\module-intellij.libraries.snakeyaml.engine.jar;D:\pycharm\PyCharm Community Edition 2024.3.5\lib\module-intellij.libraries.snakeyaml.jar;D:\pycharm\PyCharm Community Edition 2024.3.5\lib\module-intellij.libraries.sshj.jar;D:\pycharm\PyCharm Community Edition 2024.3.5\lib\module-intellij.libraries.stream.jar;D:\pycharm\PyCharm Community Edition 2024.3.5\lib\module-intellij.libraries.velocity.jar;D:\pycharm\PyCharm Community Edition 2024.3.5\lib\module-intellij.libraries.winp.jar;D:\pycharm\PyCharm Community Edition 2024.3.5\lib\module-intellij.libraries.xerces.jar;D:\pycharm\PyCharm Community Edition 2024.3.5\lib\module-intellij.libraries.xstream.jar;D:\pycharm\PyCharm Community Edition 2024.3.5\lib\module-intellij.libraries.xtext.xbase.jar;D:\pycharm\PyCharm Community Edition 2024.3.5\lib\module-intellij.libraries.xz.jar;D:\pycharm\PyCharm Community Edition 2024.3.5\lib\module-intellij.platform.debugger.impl.rpc.jar;D:\pycharm\PyCharm Community Edition 2024.3.5\lib\module-intellij.platform.debugger.impl.shared.jar;D:\pycharm\PyCharm Community Edition 2024.3.5\lib\module-intellij.platform.eel.impl.jar;D:\pycharm\PyCharm Community Edition 2024.3.5\lib\module-intellij.platform.find.jar;D:\pycharm\PyCharm Community Edition 2024.3.5\lib\module-intellij.platform.managed.cache.jar;D:\pycharm\PyCharm Community Edition 2024.3.5\lib\module-intellij.platform.polySymbols.backend.jar;D:\pycharm\PyCharm Community Edition 2024.3.5\lib\module-intellij.platform.polySymbols.jar;D:\pycharm\PyCharm Community Edition 2024.3.5\lib\module-intellij.platform.rpc.topics.jar;D:\pycharm\PyCharm Community Edition 2024.3.5\lib\module-intellij.platform.scopes.jar;D:\pycharm\PyCharm Community Edition 2024.3.5\lib\module-intellij.platform.vcs.core.jar;D:\pycharm\PyCharm Community Edition 2024.3.5\lib\module-intellij.platform.vcs.jar;D:\pycharm\PyCharm Community Edition 2024.3.5\lib\module-intellij.platform.vcs.shared.jar;D:\pycharm\PyCharm Community Edition 2024.3.5\lib\module-intellij.regexp.jar;D:\pycharm\PyCharm Community Edition 2024.3.5\lib\module-intellij.xml.analysis.impl.jar;D:\pycharm\PyCharm Community Edition 2024.3.5\lib\module-intellij.xml.analysis.jar;D:\pycharm\PyCharm Community Edition 2024.3.5\lib\module-intellij.xml.dom.impl.jar;D:\pycharm\PyCharm Community Edition 2024.3.5\lib\module-intellij.xml.dom.jar;D:\pycharm\PyCharm Community Edition 2024.3.5\lib\module-intellij.xml.impl.jar;D:\pycharm\PyCharm Community Edition 2024.3.5\lib\module-intellij.xml.parser.jar;D:\pycharm\PyCharm Community Edition 2024.3.5\lib\module-intellij.xml.psi.impl.jar;D:\pycharm\PyCharm Community Edition 2024.3.5\lib\module-intellij.xml.psi.jar;D:\pycharm\PyCharm Community Edition 2024.3.5\lib\module-intellij.xml.structureView.impl.jar;D:\pycharm\PyCharm Community Edition 2024.3.5\lib\module-intellij.xml.structureView.jar;D:\pycharm\PyCharm Community Edition 2024.3.5\lib\module-intellij.xml.syntax.jar;D:\pycharm\PyCharm Community Edition 2024.3.5\lib\module-intellij.xml.ui.common.jar;D:\pycharm\PyCharm Community Edition 2024.3.5\lib\opentelemetry.jar;D:\pycharm\PyCharm Community Edition 2024.3.5\lib\product.jar;D:\pycharm\PyCharm Community Edition 2024.3.5\lib\protobuf.jar;D:\pycharm\PyCharm Community Edition 2024.3.5\lib\rd.jar;D:\pycharm\PyCharm Community Edition 2024.3.5\lib\rhino.jar;D:\pycharm\PyCharm Community Edition 2024.3.5\lib\stats.jar;D:\pycharm\PyCharm Community Edition 2024.3.5\lib\trove.jar;D:\pycharm\PyCharm Community Edition 2024.3.5\lib\util_rt.jar
Launcher Type: generic

[Global flags]
     intx CICompilerCount                          = 2                                         {product} {command line}
     uint ConcGCThreads                            = 3                                         {product} {ergonomic}
    ccstr ErrorFile                                = $USER_HOME/java_error_in_idea_%p.log            {product} {command line}
     uint G1ConcRefinementThreads                  = 13                                        {product} {ergonomic}
   size_t G1HeapRegionSize                         = 1048576                                   {product} {ergonomic}
    uintx GCDrainStackTargetSize                   = 64                                        {product} {ergonomic}
     bool HeapDumpOnOutOfMemoryError               = true                                   {manageable} {command line}
    ccstr HeapDumpPath                             = $USER_HOME/java_error_in_idea.hprof         {manageable} {command line}
     bool IgnoreUnrecognizedVMOptions              = true                                      {product} {command line}
   size_t InitialHeapSize                          = 134217728                                 {product} {command line}
    uintx JbrShrinkingGcMaxHeapFreeRatio           = 40                                     {manageable} {command line}
   size_t MarkStackSize                            = 4194304                                   {product} {ergonomic}
   size_t MaxHeapSize                              = 1073741824                                {product} {command line}
   size_t MaxNewSize                               = 643825664                                 {product} {ergonomic}
   size_t MinHeapDeltaBytes                        = 1048576                                   {product} {ergonomic}
   size_t MinHeapSize                              = 134217728                                 {product} {command line}
    uintx NonNMethodCodeHeapSize                   = 5826188                                {pd product} {ergonomic}
    uintx NonProfiledCodeHeapSize                  = 265522362                              {pd product} {ergonomic}
     bool OmitStackTraceInFastThrow                = false                                     {product} {command line}
    uintx ProfiledCodeHeapSize                     = 265522362                              {pd product} {ergonomic}
    uintx ReservedCodeCacheSize                    = 536870912                              {pd product} {command line}
     bool SegmentedCodeCache                       = true                                      {product} {ergonomic}
   size_t SoftMaxHeapSize                          = 1073741824                             {manageable} {ergonomic}
     intx SoftRefLRUPolicyMSPerMB                  = 50                                        {product} {command line}
     intx TieredOldPercentage                      = 100000                                 {diagnostic} {command line}
     bool UnlockDiagnosticVMOptions                = true                                   {diagnostic} {command line}
     bool UseCompressedOops                        = true                           {product lp64_product} {ergonomic}
     bool UseG1GC                                  = true                                      {product} {command line}
     bool UseLargePagesIndividualAllocation        = false                                  {pd product} {ergonomic}

Logging:
Log output configuration:
 #0: stdout all=warning uptime,level,tags foldmultilines=false
 #1: stderr all=off uptime,level,tags foldmultilines=false

Release file:
JAVA_VERSION="21.0.9" 
MODULES="java.base java.datatransfer java.xml java.prefs java.desktop gluegen.rt java.compiler java.instrument java.logging java.management java.security.sasl java.naming java.rmi java.management.rmi java.net.http java.scripting java.security.jgss java.transaction.xa java.sql java.sql.rowset java.xml.crypto java.se java.smartcardio jogl.all jcef jdk.accessibility jdk.internal.jvmstat jdk.attach jdk.charsets jdk.internal.opt jdk.zipfs jdk.compiler jdk.crypto.ec jdk.crypto.cryptoki jdk.crypto.mscapi jdk.dynalink jdk.hotspot.agent jdk.httpserver jdk.internal.ed jdk.internal.le jdk.internal.vm.ci jdk.javadoc jdk.jcmd jdk.jdwp.agent jdk.jdi jdk.jfr jdk.jsobject jdk.localedata jdk.management jdk.management.agent jdk.management.jfr jdk.naming.dns jdk.naming.rmi jdk.net jdk.sctp jdk.security.auth jdk.security.jgss jdk.unsupported jdk.unsupported.desktop jdk.xml.dom" 
IMPLEMENTOR="JetBrains s.r.o." 
IMPLEMENTOR_VERSION="JBR-21.0.9+1-1163.86-jcef" 
JAVA_RUNTIME_VERSION="21.0.9+1-b1163.86" 
LIBC="default" 
OS_ARCH="x86_64" 
OS_NAME="Windows" 
SOURCE=".:git:1a60506bbd2d+ jcef_git:git:4a605f44671a" 
JCEF_VERSION="137.0.17.1086+g6f9ab69" 
JCEF_COMMIT_HASH="6f9ab690b28a1262f82e6f869c310bdf1d0697ac" 

Environment Variables:
PATH=C:\Program Files\NVIDIA GPU Computing Toolkit\CUDA\v11.1\bin;C:\Program Files\NVIDIA GPU Computing Toolkit\CUDA\v11.1\libnvvp;F:\python3.8\Scripts\;F:\python3.8\;C:\Windows\system32;C:\Windows;C:\Windows\System32\Wbem;C:\Windows\System32\WindowsPowerShell\v1.0\;C:\Windows\System32\OpenSSH\;C:\Program Files (x86)\NVIDIA Corporation\PhysX\Common;C:\WINDOWS\system32;C:\WINDOWS;C:\WINDOWS\System32\Wbem;C:\WINDOWS\System32\WindowsPowerShell\v1.0\;C:\WINDOWS\System32\OpenSSH\;C:\Program Files\dotnet\;C:\Program Files (x86)\Windows Kits\10\Windows Performance Toolkit\;C:\Program Files\NVIDIA Corporation\NVIDIA app\NvDLISR;C:\WINDOWS\system32;C:\WINDOWS;C:\WINDOWS\System32\Wbem;C:\WINDOWS\System32\WindowsPowerShell\v1.0\;C:\WINDOWS\System32\OpenSSH\;C:\Program Files\Docker\Docker\resources\bin;F:\matlab\runtime\win64;F:\matlab\bin;C:\Program Files\NVIDIA Corporation\Nsight Compute 2020.2.1\;D:\python-3.11.0\Scripts\;D:\python-3.11.0\;C:\Users\16644\AppData\Local\Microsoft\WindowsApps;C:\Users\16644\AppData\Local\Programs\Microsoft VS Code\bin;D:\pycharm\PyCharm Community Edition 2024.3.5\bin;;C:\Users\16644\AppData\Local\Programs\Ollama;;E:\pycharmpro\PyCharm 2025.1.1.1\bin;
USERNAME=16644
OS=Windows_NT
PROCESSOR_IDENTIFIER=AMD64 Family 25 Model 68 Stepping 1, AuthenticAMD
TMP=C:\Users\16644\AppData\Local\Temp
TEMP=C:\Users\16644\AppData\Local\Temp




Periodic native trim disabled

JNI global refs:
JNI global refs: 154, weak refs: 1263

JNI global refs memory usage: 2099, weak refs: 18345

Process memory usage:
Resident Set Size: 2709364K (16% of 15987772K total physical memory with 1896060K free physical memory)

OOME stack traces (most recent first):
Classloader memory used:
Loader com.intellij.util.lang.PathClassLoader                                          : 209M
Loader com.intellij.ide.plugins.cl.PluginClassLoader                                   : 139M
Loader bootstrap                                                                       : 48107K
Loader jdk.internal.loader.ClassLoaders$PlatformClassLoader                            : 2857K
Loader jdk.internal.loader.ClassLoaders$AppClassLoader                                 : 801K
Loader com.intellij.util.lang.UrlClassLoader                                           : 500K
Loader sun.reflect.misc.MethodUtil                                                     : 4248B

Classes loaded by more than one classloader:
Class com.intellij.ultimate.PluginVerifier                                            : loaded 3 times (x 71B)
Class io.ktor.client.call.DoubleReceiveException                                      : loaded 2 times (x 82B)
Class io.ktor.http.URLProtocolKt                                                      : loaded 2 times (x 71B)
Class io.netty.buffer.UnpooledDirectByteBuf                                           : loaded 2 times (x 313B)
Class io.netty.channel.ChannelOutboundBuffer                                          : loaded 2 times (x 72B)
Class io.netty.util.internal.MacAddressUtil                                           : loaded 2 times (x 71B)
Class io.netty.util.concurrent.FastThreadLocalThread                                  : loaded 2 times (x 108B)
Class io.ktor.http.content.OutgoingContent$NoContent                                  : loaded 2 times (x 79B)
Class kotlinx.serialization.descriptors.StructureKind$CLASS                           : loaded 2 times (x 71B)
Class kotlin.NotImplementedError                                                      : loaded 2 times (x 82B)
Class kotlin.text.StringsKt__StringsKt                                                : loaded 2 times (x 71B)
Class kotlinx.serialization.SerialFormat                                              : loaded 2 times (x 70B)
Class kotlin.io.TextStreamsKt                                                         : loaded 2 times (x 71B)
Class kotlinx.coroutines.internal.ResizableAtomicArray                                : loaded 2 times (x 72B)
Class io.ktor.http.ParametersBuilder                                                  : loaded 2 times (x 70B)
Class io.ktor.client.plugins.HttpClientPlugin                                         : loaded 2 times (x 70B)
Class io.netty.bootstrap.ServerBootstrap$ServerBootstrapAcceptor                      : loaded 2 times (x 101B)
Class io.netty.channel.socket.ChannelOutputShutdownException                          : loaded 2 times (x 82B)
Class io.netty.util.concurrent.ScheduledFuture                                        : loaded 2 times (x 70B)
Class io.ktor.http.HttpMethod$Companion                                               : loaded 2 times (x 71B)
Class kotlin.sequences.FilteringSequence$iterator$1                                   : loaded 2 times (x 79B)
Class io.netty.channel.ChannelHandlerAdapter                                          : loaded 2 times (x 81B)
Class kotlin.jvm.internal.CollectionToArray                                           : loaded 2 times (x 71B)
Class kotlin.sequences.SequencesKt__SequenceBuilderKt                                 : loaded 2 times (x 71B)
Class kotlin.io.FilesKt__FileTreeWalkKt                                               : loaded 2 times (x 71B)
Class kotlinx.coroutines.internal.ScopeCoroutine                                      : loaded 2 times (x 147B)
Class kotlinx.coroutines.internal.ThreadContextKt                                     : loaded 2 times (x 71B)
Class kotlinx.coroutines.BuildersKt                                                   : loaded 2 times (x 71B)
Class kotlinx.serialization.json.internal.StreamingJsonDecoder$WhenMappings           : loaded 2 times (x 71B)
Class kotlin.collections.CollectionsKt__ReversedViewsKt                               : loaded 2 times (x 71B)
Class kotlinx.coroutines.CoroutineScopeKt                                             : loaded 2 times (x 71B)
Class io.ktor.client.engine.KtorCallContextElement$Companion                          : loaded 2 times (x 71B)
Class io.netty.channel.socket.nio.NioChannelOption                                    : loaded 2 times (x 81B)
Class io.netty.util.internal.logging.LocationAwareSlf4JLogger                         : loaded 2 times (x 161B)
Class kotlinx.coroutines.flow.internal.AbstractSharedFlow                             : loaded 2 times (x 74B)
Class kotlinx.coroutines.flow.CancellableFlow                                         : loaded 2 times (x 70B)
Class kotlin.SafePublicationLazyImpl$Companion                                        : loaded 2 times (x 71B)
Class kotlinx.serialization.internal.AbstractCollectionSerializer                     : loaded 2 times (x 94B)
Class io.netty.handler.codec.http.HttpResponse                                        : loaded 2 times (x 70B)
Class io.netty.util.HashingStrategy                                                   : loaded 2 times (x 70B)
Class io.ktor.client.call.SavedCallKt$save$1                                          : loaded 2 times (x 88B)
Class io.netty.util.concurrent.CompleteFuture                                         : loaded 2 times (x 130B)
Class io.netty.buffer.AdvancedLeakAwareByteBuf                                        : loaded 2 times (x 285B)
Class kotlin.ranges.CharRange$Companion                                               : loaded 2 times (x 71B)
Class kotlin.sequences.TransformingSequence                                           : loaded 2 times (x 75B)
Class io.ktor.http.content.OutgoingContent                                            : loaded 2 times (x 79B)
Class kotlinx.serialization.json.JsonObject                                           : loaded 2 times (x 101B)
Class org.slf4j.helpers.Util                                                          : loaded 2 times (x 71B)
Class kotlinx.coroutines.CoroutineScope                                               : loaded 2 times (x 70B)
Class kotlinx.coroutines.ChildHandle                                                  : loaded 2 times (x 70B)
Class io.ktor.util.Attributes$DefaultImpls                                            : loaded 2 times (x 71B)
Class io.ktor.http.URLBuilderKt                                                       : loaded 2 times (x 71B)
Class io.ktor.client.plugins.websocket.WebSocketCapability                            : loaded 2 times (x 71B)
Class [Lio.netty.buffer.SizeClassesMetric;                                            : loaded 2 times (x 69B)
Class io.netty.buffer.ByteBuf                                                         : loaded 2 times (x 283B)
Class io.netty.channel.DefaultChannelPipeline$PendingHandlerRemovedTask               : loaded 2 times (x 77B)
Class io.netty.channel.ChannelInboundInvoker                                          : loaded 2 times (x 70B)
Class io.netty.util.internal.DefaultPriorityQueue                                     : loaded 2 times (x 167B)
Class io.netty.util.concurrent.AbstractScheduledEventExecutor                         : loaded 2 times (x 238B)
Class io.netty.channel.DefaultSelectStrategyFactory                                   : loaded 2 times (x 74B)
Class io.netty.bootstrap.ServerBootstrapConfig                                        : loaded 2 times (x 72B)
Class kotlinx.coroutines.EventLoopImplPlatform                                        : loaded 2 times (x 107B)
Class kotlinx.coroutines.scheduling.CoroutineScheduler                                : loaded 2 times (x 81B)
Class kotlinx.coroutines.scheduling.SchedulerTimeSource                               : loaded 2 times (x 72B)
Class io.ktor.util.date.WeekDay$Companion                                             : loaded 2 times (x 71B)
Class io.ktor.client.utils.EmptyContent                                               : loaded 2 times (x 79B)
Class io.netty.buffer.PoolThreadCache                                                 : loaded 2 times (x 72B)
Class io.netty.channel.DefaultChannelPipeline$TailContext                             : loaded 2 times (x 208B)
Class io.netty.channel.ChannelOutboundBuffer$Entry                                    : loaded 2 times (x 72B)
Class io.netty.channel.ChannelPipeline                                                : loaded 2 times (x 70B)
Class io.netty.channel.SelectStrategy                                                 : loaded 2 times (x 70B)
Class io.netty.util.concurrent.ScheduledFutureTask                                    : loaded 2 times (x 239B)
Class io.netty.util.internal.ObjectUtil                                               : loaded 2 times (x 71B)
Class org.slf4j.spi.LocationAwareLogger                                               : loaded 2 times (x 70B)
Class kotlin.sequences.SequencesKt___SequencesKt                                      : loaded 2 times (x 71B)
Class kotlin.random.Random$Default                                                    : loaded 2 times (x 86B)
Class kotlinx.coroutines.CopyableThreadContextElement                                 : loaded 2 times (x 70B)
Class io.netty.handler.codec.http.DefaultFullHttpResponse                             : loaded 2 times (x 217B)
Class io.netty.util.ResourceLeakDetectorFactory                                       : loaded 2 times (x 73B)
Class io.ktor.client.statement.HttpStatement                                          : loaded 2 times (x 72B)
Class io.ktor.client.plugins.DefaultTransformKt$defaultTransformers$1                 : loaded 2 times (x 95B)
Class io.netty.buffer.AdvancedLeakAwareCompositeByteBuf                               : loaded 2 times (x 405B)
Class io.netty.channel.DefaultChannelPipeline                                         : loaded 2 times (x 213B)
Class io.netty.channel.VoidChannelPromise                                             : loaded 2 times (x 257B)
Class io.netty.channel.nio.SelectedSelectionKeySet                                    : loaded 2 times (x 136B)
Class io.ktor.http.HttpStatusCode$Companion                                           : loaded 2 times (x 71B)
Class kotlinx.coroutines.InactiveNodeList                                             : loaded 2 times (x 76B)
Class kotlinx.serialization.json.JsonElement$Companion                                : loaded 2 times (x 71B)
Class kotlinx.coroutines.internal.InlineList                                          : loaded 2 times (x 72B)
Class io.netty.handler.codec.PrematureChannelClosureException                         : loaded 2 times (x 82B)
Class io.ktor.client.statement.HttpStatement$cleanup$1                                : loaded 2 times (x 88B)
Class io.ktor.util.TextKt                                                             : loaded 2 times (x 71B)
Class io.ktor.client.plugins.DefaultTransformKt$defaultTransformers$2                 : loaded 2 times (x 95B)
Class [Lkotlinx.coroutines.internal.ThreadSafeHeapNode;                               : loaded 2 times (x 69B)
Class io.netty.channel.ChannelFutureListener$1                                        : loaded 2 times (x 76B)
Class io.netty.util.concurrent.SingleThreadEventExecutor                              : loaded 2 times (x 301B)
Class io.netty.util.AttributeMap                                                      : loaded 2 times (x 70B)
Class kotlin.text.StringsKt__AppendableKt                                             : loaded 2 times (x 71B)
Class kotlinx.serialization.builtins.BuiltinSerializersKt                             : loaded 2 times (x 71B)
Class kotlinx.coroutines.DebugKt                                                      : loaded 2 times (x 71B)
Class kotlinx.coroutines.internal.LimitedDispatcher                                   : loaded 2 times (x 105B)
Class io.netty.buffer.UnsafeByteBufUtil                                               : loaded 2 times (x 71B)
Class io.netty.handler.codec.http.TooLongHttpLineException                            : loaded 2 times (x 82B)
Class io.netty.channel.ChannelFutureListener$2                                        : loaded 2 times (x 76B)
Class io.netty.channel.ChannelFlushPromiseNotifier$FlushCheckpoint                    : loaded 2 times (x 70B)
Class io.netty.buffer.ByteBufHolder                                                   : loaded 2 times (x 70B)
Class io.ktor.util.AttributesJvmBase                                                  : loaded 2 times (x 87B)
Class kotlinx.coroutines.EventLoop_commonKt                                           : loaded 2 times (x 71B)
Class kotlin.jvm.internal.ArrayIteratorKt                                             : loaded 2 times (x 71B)
Class kotlinx.coroutines.channels.ReceiveChannel                                      : loaded 2 times (x 70B)
Class io.ktor.http.Headers                                                            : loaded 2 times (x 70B)
Class io.ktor.util.StringValuesBuilder                                                : loaded 2 times (x 70B)
Class kotlinx.coroutines.channels.ClosedSendChannelException                          : loaded 2 times (x 82B)
Class kotlinx.coroutines.internal.ThreadSafeHeapNode                                  : loaded 2 times (x 70B)
Class io.netty.channel.ChannelFutureListener$3                                        : loaded 2 times (x 76B)
Class io.netty.util.internal.CleanerJava9                                             : loaded 2 times (x 74B)
Class io.ktor.util.PlatformUtilsJvmKt                                                 : loaded 2 times (x 71B)
Class kotlin.text.StringsKt__StringNumberConversionsJVMKt                             : loaded 2 times (x 71B)
Class kotlin.coroutines.ContinuationInterceptor$DefaultImpls                          : loaded 2 times (x 71B)
Class io.netty.buffer.ReadOnlyByteBufferBuf                                           : loaded 2 times (x 307B)
Class io.ktor.http.Url$Companion                                                      : loaded 2 times (x 71B)
Class io.ktor.util.CharsetKt                                                          : loaded 2 times (x 71B)
Class io.netty.buffer.SizeClassesMetric                                               : loaded 2 times (x 70B)
Class io.netty.channel.FileRegion                                                     : loaded 2 times (x 70B)
Class kotlinx.coroutines.JobNode                                                      : loaded 2 times (x 90B)
Class kotlinx.coroutines.ParentJob                                                    : loaded 2 times (x 70B)
Class kotlinx.coroutines.Delay                                                        : loaded 2 times (x 70B)
Class io.netty.buffer.UnsafeDirectSwappedByteBuf                                      : loaded 2 times (x 291B)
Class io.ktor.client.call.HttpClientCall$Companion                                    : loaded 2 times (x 71B)
Class kotlin.UShort                                                                   : loaded 2 times (x 74B)
Class io.netty.buffer.PoolArena$HeapArena                                             : loaded 2 times (x 153B)
Class io.netty.buffer.ByteBufConvertible                                              : loaded 2 times (x 70B)
Class io.netty.buffer.ByteBufUtil$1                                                   : loaded 2 times (x 73B)
Class [Lio.netty.util.DefaultAttributeMap$DefaultAttribute;                           : loaded 2 times (x 69B)
Class io.netty.util.concurrent.BlockingOperationException                             : loaded 2 times (x 82B)
Class io.netty.util.concurrent.RejectedExecutionHandlers                              : loaded 2 times (x 71B)
Class io.ktor.events.Events                                                           : loaded 2 times (x 72B)
Class kotlinx.coroutines.IncompleteStateBox                                           : loaded 2 times (x 72B)
Class kotlinx.serialization.descriptors.StructureKind$MAP                             : loaded 2 times (x 71B)
Class kotlinx.serialization.json.internal.JsonDecodingException                       : loaded 2 times (x 82B)
Class io.ktor.utils.io.ByteReadChannelKt                                              : loaded 2 times (x 71B)
Class io.ktor.client.engine.HttpClientEngineCapabilityKt                              : loaded 2 times (x 71B)
Class io.ktor.util.CaseInsensitiveMap                                                 : loaded 2 times (x 112B)
Class io.netty.buffer.ByteBufUtil$2                                                   : loaded 2 times (x 74B)
Class io.netty.channel.AbstractChannelHandlerContext$Tasks                            : loaded 2 times (x 72B)
Class io.netty.util.concurrent.PromiseTask                                            : loaded 2 times (x 195B)
Class io.ktor.http.HttpMethod                                                         : loaded 2 times (x 72B)
Class kotlin.coroutines.jvm.internal.SuspendLambda                                    : loaded 2 times (x 91B)
Class kotlinx.coroutines.JobImpl                                                      : loaded 2 times (x 138B)
Class kotlinx.coroutines.internal.SystemPropsKt                                       : loaded 2 times (x 71B)
Class kotlinx.serialization.json.internal.StringOpsKt                                 : loaded 2 times (x 71B)
Class kotlinx.serialization.json.internal.JsonTreeEncoder                             : loaded 2 times (x 158B)
Class io.netty.buffer.UnpooledByteBufAllocator$UnpooledByteBufAllocatorMetric         : loaded 2 times (x 76B)
Class kotlinx.coroutines.TimeoutKt                                                    : loaded 2 times (x 71B)
Class io.netty.channel.ChannelProgressiveFuture                                       : loaded 2 times (x 70B)
Class io.netty.channel.nio.SelectedSelectionKeySetSelector                            : loaded 2 times (x 90B)
Class io.netty.channel.AbstractChannel                                                : loaded 2 times (x 187B)
Class [Lkotlinx.coroutines.scheduling.CoroutineScheduler$WorkerState;                 : loaded 2 times (x 69B)
Class kotlinx.coroutines.DispatchedTask                                               : loaded 2 times (x 81B)
Class kotlin.collections.CollectionsKt__CollectionsKt                                 : loaded 2 times (x 71B)
Class kotlin.text.StringsKt__RegexExtensionsJVMKt                                     : loaded 2 times (x 71B)
Class kotlinx.coroutines.internal.ContextScope                                        : loaded 2 times (x 75B)
Class kotlinx.coroutines.scheduling.DefaultIoScheduler                                : loaded 2 times (x 110B)
Class kotlin.collections.ArraysKt___ArraysJvmKt                                       : loaded 2 times (x 71B)
Class kotlinx.serialization.internal.NullableSerializer                               : loaded 2 times (x 83B)
Class kotlinx.coroutines.channels.BufferedChannel$SendBroadcast                       : loaded 2 times (x 75B)
Class io.netty.util.ResourceLeakDetectorFactory$DefaultResourceLeakDetectorFactory    : loaded 2 times (x 74B)
Class io.netty.util.internal.MathUtil                                                 : loaded 2 times (x 71B)
Class io.netty.channel.nio.AbstractNioByteChannel$1                                   : loaded 2 times (x 76B)
Class kotlin._Assertions                                                              : loaded 2 times (x 71B)
Class [Lio.netty.util.ResourceLeakDetector$Level;                                     : loaded 2 times (x 69B)
Class [Lio.netty.util.concurrent.EventExecutorGroup;                                  : loaded 2 times (x 69B)
Class io.netty.util.concurrent.FailedFuture                                           : loaded 2 times (x 130B)
Class io.netty.channel.EventLoop                                                      : loaded 2 times (x 70B)
Class io.ktor.http.ContentType$Companion                                              : loaded 2 times (x 71B)
Class kotlinx.serialization.encoding.CompositeDecoder                                 : loaded 2 times (x 70B)
Class kotlinx.serialization.descriptors.SerialKind                                    : loaded 2 times (x 71B)
Class io.ktor.client.request.ClientUpgradeContent                                     : loaded 2 times (x 80B)
Class kotlin.UByte$Companion                                                          : loaded 2 times (x 71B)
Class io.ktor.util.pipeline.PipelineContextKt                                         : loaded 2 times (x 71B)
Class io.ktor.client.engine.HttpClientEngine$install$1                                : loaded 2 times (x 95B)
Class io.netty.channel.DefaultMaxMessagesRecvByteBufAllocator                         : loaded 2 times (x 82B)
Class io.ktor.http.HttpStatusCodeKt                                                   : loaded 2 times (x 71B)
Class io.ktor.http.HeaderValueWithParameters$Companion                                : loaded 2 times (x 71B)
Class kotlinx.coroutines.DisposeOnCancel                                              : loaded 2 times (x 77B)
Class kotlin.jvm.internal.FunctionBase                                                : loaded 2 times (x 70B)
Class kotlinx.serialization.json.internal.JsonEncodingException                       : loaded 2 times (x 82B)
Class kotlinx.coroutines.DisposableHandle                                             : loaded 2 times (x 70B)
Class kotlinx.coroutines.channels.SendChannel$DefaultImpls                            : loaded 2 times (x 71B)
Class io.ktor.utils.io.charsets.TooLongLineException                                  : loaded 2 times (x 84B)
Class io.ktor.client.plugins.HttpSend$DefaultSender                                   : loaded 2 times (x 75B)
Class kotlin.comparisons.ComparisonsKt___ComparisonsJvmKt                             : loaded 2 times (x 71B)
Class io.ktor.util.Platform                                                           : loaded 2 times (x 79B)
Class kotlin.collections.CollectionsKt__IteratorsJVMKt                                : loaded 2 times (x 71B)
Class kotlinx.serialization.descriptors.PolymorphicKind$SEALED                        : loaded 2 times (x 71B)
Class kotlinx.coroutines.scheduling.CoroutineScheduler$Companion                      : loaded 2 times (x 71B)
Class io.netty.buffer.AbstractDerivedByteBuf                                          : loaded 2 times (x 312B)
Class io.ktor.util.date.Month                                                         : loaded 2 times (x 79B)
Class io.ktor.client.engine.KtorCallContextElement                                    : loaded 2 times (x 84B)
Class io.ktor.http.HttpHeaders                                                        : loaded 2 times (x 71B)
Class io.ktor.client.plugins.HttpClientPluginKt                                       : loaded 2 times (x 71B)
Class io.netty.util.internal.ThreadExecutorMap                                        : loaded 2 times (x 71B)
Class io.netty.channel.nio.AbstractNioChannel                                         : loaded 2 times (x 196B)
Class kotlinx.coroutines.CompletedContinuation                                        : loaded 2 times (x 72B)
Class kotlinx.coroutines.BuildersKt__BuildersKt                                       : loaded 2 times (x 71B)
Class kotlinx.serialization.internal.PrimitiveSerialDescriptor                        : loaded 2 times (x 85B)
Class kotlinx.coroutines.scheduling.NanoTimeSource                                    : loaded 2 times (x 72B)
Class com.intellij.llmInstaller.common.LLMIcons                                       : loaded 2 times (x 71B)
Class io.ktor.util.CollectionsJvmKt                                                   : loaded 2 times (x 71B)
Class io.ktor.client.request.HttpRequestPipeline$Phases                               : loaded 2 times (x 71B)
Class io.netty.util.concurrent.FastThreadLocalRunnable                                : loaded 2 times (x 75B)
Class io.netty.util.internal.SocketUtils$11                                           : loaded 2 times (x 75B)
Class io.netty.util.internal.LongAdderCounter                                         : loaded 2 times (x 90B)
Class io.netty.util.ResourceLeakDetector$Level                                        : loaded 2 times (x 79B)
Class io.netty.util.concurrent.DefaultEventExecutorChooserFactory$GenericEventExecutorChooser: loaded 2 times (x 75B)
Class io.netty.util.internal.ThreadExecutorMap$1                                      : loaded 2 times (x 75B)
Class io.netty.channel.ChannelException                                               : loaded 2 times (x 82B)
Class kotlin.sequences.TransformingSequence$iterator$1                                : loaded 2 times (x 79B)
Class kotlinx.coroutines.CoroutineExceptionHandler$DefaultImpls                       : loaded 2 times (x 71B)
Class io.ktor.util.pipeline.PipelinePhaseRelation$Last                                : loaded 2 times (x 71B)
Class kotlinx.coroutines.StandaloneCoroutine                                          : loaded 2 times (x 143B)
Class io.netty.handler.codec.DefaultHeaders$NameValidator                             : loaded 2 times (x 70B)
Class io.netty.handler.codec.http.HttpHeaders                                         : loaded 2 times (x 121B)
Class io.netty.util.internal.ThreadExecutorMap$2                                      : loaded 2 times (x 75B)
Class io.netty.channel.socket.nio.NioServerSocketChannel$NioServerSocketChannelConfig : loaded 2 times (x 168B)
Class io.netty.channel.VoidChannelPromise$1                                           : loaded 2 times (x 79B)
Class kotlinx.coroutines.sync.Mutex                                                   : loaded 2 times (x 70B)
Class kotlinx.coroutines.channels.BufferOverflow                                      : loaded 2 times (x 79B)
Class kotlin.internal.jdk7.JDK7PlatformImplementations                                : loaded 2 times (x 75B)
Class kotlin.collections.CollectionsKt__MutableCollectionsKt                          : loaded 2 times (x 71B)
Class kotlin.io.CloseableKt                                                           : loaded 2 times (x 71B)
Class kotlinx.coroutines.scheduling.GlobalQueue                                       : loaded 2 times (x 72B)
Class com.intellij.llmInstaller.common.branding.LLMInstallerAIAssistantBrandingIcons  : loaded 2 times (x 71B)
Class kotlinx.coroutines.channels.WaiterEB                                            : loaded 2 times (x 72B)
Class io.netty.handler.codec.http.DefaultHttpHeaders$HeaderValueConverter             : loaded 2 times (x 130B)
Class io.netty.buffer.SwappedByteBuf                                                  : loaded 2 times (x 284B)
Class io.netty.buffer.AbstractUnpooledSlicedByteBuf                                   : loaded 2 times (x 315B)
Class io.netty.handler.codec.http.HttpObject                                          : loaded 2 times (x 70B)
Class kotlinx.coroutines.internal.UndeliveredElementException                         : loaded 2 times (x 82B)
Class io.ktor.http.IllegalHeaderNameException                                         : loaded 2 times (x 83B)
Class io.netty.buffer.PooledDirectByteBuf                                             : loaded 2 times (x 311B)
Class io.netty.util.internal.ThreadExecutorMap$3                                      : loaded 2 times (x 75B)
Class io.ktor.util.AttributesJvmKt                                                    : loaded 2 times (x 71B)
Class kotlin.io.TerminateException                                                    : loaded 2 times (x 82B)
Class kotlin.io.FilesKt__FilePathComponentsKt                                         : loaded 2 times (x 71B)
Class kotlinx.coroutines.internal.LimitedDispatcherKt                                 : loaded 2 times (x 71B)
Class ai.grazie.DataHolder                                                            : loaded 2 times (x 72B)
Class io.ktor.client.statement.DefaultHttpResponse                                    : loaded 2 times (x 86B)
Class io.ktor.utils.io.charsets.MalformedInputException                               : loaded 2 times (x 84B)
Class io.ktor.client.HttpClient$2                                                     : loaded 2 times (x 95B)
Class io.ktor.client.engine.HttpClientEngine$DefaultImpls                             : loaded 2 times (x 71B)
Class io.netty.bootstrap.ServerBootstrap$ServerBootstrapAcceptor$1                    : loaded 2 times (x 76B)
Class io.netty.channel.DefaultMessageSizeEstimator$HandleImpl                         : loaded 2 times (x 74B)
Class io.netty.util.NettyRuntime                                                      : loaded 2 times (x 71B)
Class kotlinx.coroutines.Waiter                                                       : loaded 2 times (x 70B)
Class kotlinx.serialization.json.internal.JsonPath$Tombstone                          : loaded 2 times (x 71B)
Class kotlin.text.CharsKt                                                             : loaded 2 times (x 71B)
Class kotlinx.serialization.json.Json$Default                                         : loaded 2 times (x 80B)
Class io.netty.handler.codec.http.DefaultHttpHeaders                                  : loaded 2 times (x 122B)
Class io.netty.channel.AdaptiveRecvByteBufAllocator                                   : loaded 2 times (x 83B)
Class io.netty.buffer.SimpleLeakAwareCompositeByteBuf                                 : loaded 2 times (x 405B)
Class io.netty.channel.RecvByteBufAllocator$Handle                                    : loaded 2 times (x 70B)
Class io.netty.channel.MaxMessagesRecvByteBufAllocator                                : loaded 2 times (x 70B)
Class io.netty.channel.ChannelHandlerMask$1                                           : loaded 2 times (x 73B)
Class io.netty.channel.AbstractChannelHandlerContext                                  : loaded 2 times (x 192B)
Class io.netty.util.concurrent.ProgressiveFuture                                      : loaded 2 times (x 70B)
Class io.netty.bootstrap.ServerBootstrap                                              : loaded 2 times (x 102B)
Class kotlin.text.DelimitedRangesSequence$iterator$1                                  : loaded 2 times (x 79B)
Class kotlinx.coroutines.intrinsics.UndispatchedKt                                    : loaded 2 times (x 71B)
Class io.ktor.http.HeaderValue                                                        : loaded 2 times (x 73B)
Class kotlin.jvm.internal.Ref$IntRef                                                  : loaded 2 times (x 71B)
Class io.ktor.client.HttpClient$4                                                     : loaded 2 times (x 95B)
Class io.netty.channel.ChannelHandlerMask$2                                           : loaded 2 times (x 75B)
Class io.ktor.util.pipeline.PhaseContent$Companion                                    : loaded 2 times (x 71B)
Class kotlinx.serialization.encoding.AbstractDecoder                                  : loaded 2 times (x 134B)
Class kotlinx.serialization.internal.LinkedHashMapClassDesc                           : loaded 2 times (x 96B)
Class io.netty.handler.codec.DefaultHeadersImpl                                       : loaded 2 times (x 277B)
Class kotlinx.coroutines.channels.SendChannel                                         : loaded 2 times (x 70B)
Class io.ktor.client.statement.HttpResponsePipeline$Phases                            : loaded 2 times (x 71B)
Class io.netty.buffer.PooledByteBufAllocator                                          : loaded 2 times (x 134B)
Class io.netty.channel.DefaultChannelPipeline$PendingHandlerCallback                  : loaded 2 times (x 77B)
Class io.netty.channel.ReflectiveChannelFactory                                       : loaded 2 times (x 79B)
Class [Lio.ktor.http.HttpStatusCode;                                                  : loaded 2 times (x 69B)
Class io.ktor.util.AttributeKey                                                       : loaded 2 times (x 72B)
Class kotlinx.coroutines.CompletableDeferredImpl                                      : loaded 2 times (x 142B)
Class kotlinx.coroutines.internal.ThreadLocalKt                                       : loaded 2 times (x 71B)
Class kotlinx.coroutines.JobSupport$Finishing                                         : loaded 2 times (x 76B)
Class kotlin.collections.EmptyList                                                    : loaded 2 times (x 174B)
Class kotlinx.serialization.modules.SerializersModule                                 : loaded 2 times (x 75B)
Class kotlin.collections.MapsKt__MapsJVMKt                                            : loaded 2 times (x 71B)
Class io.netty.handler.codec.http.DefaultHttpObject                                   : loaded 2 times (x 82B)
Class io.netty.handler.codec.http.FullHttpMessage                                     : loaded 2 times (x 70B)
Class io.netty.buffer.UnpooledByteBufAllocator$InstrumentedUnpooledDirectByteBuf      : loaded 2 times (x 313B)
Class io.netty.buffer.FixedCompositeByteBuf                                           : loaded 2 times (x 307B)
Class io.ktor.utils.io.ByteChannel                                                    : loaded 2 times (x 70B)
Class kotlinx.coroutines.channels.ChannelKt                                           : loaded 2 times (x 71B)
Class kotlin.coroutines.ContinuationKt                                                : loaded 2 times (x 71B)
Class io.netty.channel.StacklessClosedChannelException                                : loaded 2 times (x 82B)
Class io.netty.channel.Channel$Unsafe                                                 : loaded 2 times (x 70B)
Class io.netty.util.concurrent.FastThreadLocal                                        : loaded 2 times (x 73B)
Class io.netty.channel.ChannelFactory                                                 : loaded 2 times (x 70B)
Class io.ktor.http.URLDecodeException                                                 : loaded 2 times (x 82B)
Class kotlinx.coroutines.UndispatchedCoroutine                                        : loaded 2 times (x 148B)
Class kotlinx.coroutines.JobSupport                                                   : loaded 2 times (x 132B)
Class io.ktor.util.reflect.TypeInfoJvmKt                                              : loaded 2 times (x 71B)
Class io.netty.handler.codec.http.HttpContent                                         : loaded 2 times (x 70B)
Class io.ktor.http.HttpHeadersKt                                                      : loaded 2 times (x 71B)
Class io.ktor.http.UrlDecodedParametersBuilderKt                                      : loaded 2 times (x 71B)
Class kotlin.ResultKt                                                                 : loaded 2 times (x 71B)
Class kotlinx.coroutines.channels.ReceiveCatching                                     : loaded 2 times (x 75B)
Class io.netty.handler.codec.DefaultHeaders$ValueValidator                            : loaded 2 times (x 70B)
Class io.ktor.util.Entry                                                              : loaded 2 times (x 81B)
Class io.netty.util.NetUtilInitializations                                            : loaded 2 times (x 71B)
Class io.netty.buffer.AbstractReferenceCountedByteBuf                                 : loaded 2 times (x 306B)
Class io.netty.util.internal.StringUtil                                               : loaded 2 times (x 71B)
Class kotlin.random.jdk8.PlatformThreadLocalRandom                                    : loaded 2 times (x 87B)
Class kotlin.collections.IndexingIterable                                             : loaded 2 times (x 79B)
Class kotlinx.coroutines.ExecutorCoroutineDispatcher                                  : loaded 2 times (x 107B)
Class kotlin.collections.ArraysKt__ArraysKt                                           : loaded 2 times (x 71B)
Class io.netty.handler.codec.ByteToMessageDecoder$1                                   : loaded 2 times (x 74B)
Class io.ktor.client.call.SavedHttpResponse                                           : loaded 2 times (x 86B)
Class kotlinx.coroutines.channels.Channel                                             : loaded 2 times (x 70B)
Class io.netty.bootstrap.AbstractBootstrap$1                                          : loaded 2 times (x 79B)
Class io.netty.buffer.PooledByteBufAllocatorMetric                                    : loaded 2 times (x 76B)
Class kotlinx.coroutines.ExecutorsKt                                                  : loaded 2 times (x 71B)
Class kotlinx.coroutines.Job                                                          : loaded 2 times (x 70B)
Class kotlin.collections.SetsKt__SetsJVMKt                                            : loaded 2 times (x 71B)
Class [Lio.netty.handler.codec.DefaultHeaders$HeaderEntry;                            : loaded 2 times (x 69B)
Class io.netty.buffer.Unpooled                                                        : loaded 2 times (x 71B)
Class io.netty.handler.codec.ByteToMessageDecoder$2                                   : loaded 2 times (x 74B)
Class [Lio.ktor.util.date.WeekDay;                                                    : loaded 2 times (x 69B)
Class io.ktor.util.StringValuesBuilderImpl                                            : loaded 2 times (x 113B)
Class io.netty.bootstrap.AbstractBootstrap$2                                          : loaded 2 times (x 75B)
Class io.netty.buffer.PooledByteBuf                                                   : loaded 2 times (x 311B)
Class io.netty.util.DefaultAttributeMap$DefaultAttribute                              : loaded 2 times (x 82B)
Class kotlin.collections.CharIterator                                                 : loaded 2 times (x 82B)
Class kotlin.internal.ProgressionUtilKt                                               : loaded 2 times (x 71B)
Class kotlin.io.FileAlreadyExistsException                                            : loaded 2 times (x 82B)
Class kotlinx.coroutines.flow.Flow                                                    : loaded 2 times (x 70B)
Class kotlinx.coroutines.internal.DispatchedContinuationKt                            : loaded 2 times (x 71B)
Class org.slf4j.ILoggerFactory                                                        : loaded 2 times (x 70B)
Class io.netty.channel.MessageSizeEstimator                                           : loaded 2 times (x 70B)
Class kotlinx.coroutines.internal.LockFreeLinkedListHead                              : loaded 2 times (x 75B)
Class kotlin.internal.PlatformImplementationsKt                                       : loaded 2 times (x 71B)
Class kotlinx.serialization.json.internal.WriteModeKt                                 : loaded 2 times (x 71B)
Class kotlinx.coroutines.internal.LockFreeTaskQueueCore                               : loaded 2 times (x 72B)
Class io.netty.handler.codec.http.HttpObjectDecoder$LineParser                        : loaded 2 times (x 75B)
Class kotlinx.coroutines.TimeoutKt$withTimeoutOrNull$1                                : loaded 2 times (x 88B)
Class io.netty.util.Constant                                                          : loaded 2 times (x 70B)
Class io.netty.util.concurrent.DefaultEventExecutorChooserFactory$PowerOfTwoEventExecutorChooser: loaded 2 times (x 75B)
Class io.netty.util.concurrent.ThreadPerTaskExecutor                                  : loaded 2 times (x 75B)
Class io.netty.util.internal.ReferenceCountUpdater                                    : loaded 2 times (x 74B)
Class kotlin.ranges.CharProgressionIterator                                           : loaded 2 times (x 82B)
Class io.ktor.utils.io.ByteReadChannel                                                : loaded 2 times (x 70B)
Class kotlin.coroutines.CombinedContext                                               : loaded 2 times (x 78B)
Class kotlinx.coroutines.CancelHandler                                                : loaded 2 times (x 76B)
Class kotlin.collections.IndexingIterator                                             : loaded 2 times (x 79B)
Class io.netty.channel.ChannelOption                                                  : loaded 2 times (x 81B)
Class io.netty.channel.RecvByteBufAllocator                                           : loaded 2 times (x 70B)
Class io.netty.util.internal.logging.InternalLogger                                   : loaded 2 times (x 70B)
Class kotlin.io.ByteStreamsKt                                                         : loaded 2 times (x 71B)
Class io.netty.handler.codec.http.HttpVersion                                         : loaded 2 times (x 83B)
Class io.ktor.utils.io.ByteReadChannel$DefaultImpls                                   : loaded 2 times (x 71B)
Class io.ktor.http.UrlDecodedParametersBuilder                                        : loaded 2 times (x 96B)
Class io.ktor.client.request.HttpSendPipeline$Phases                                  : loaded 2 times (x 71B)
Class [Lio.ktor.client.engine.HttpClientEngineCapability;                             : loaded 2 times (x 69B)
Class io.netty.util.ByteProcessor                                                     : loaded 2 times (x 70B)
Class kotlin.jvm.JvmClassMappingKt                                                    : loaded 2 times (x 71B)
Class kotlinx.serialization.json.internal.TreeJsonEncoderKt                           : loaded 2 times (x 71B)
Class io.netty.handler.codec.DecoderException                                         : loaded 2 times (x 82B)
Class io.ktor.client.engine.UtilsKt$attachToUserJob$2                                 : loaded 2 times (x 79B)
Class io.ktor.client.plugins.HttpRequestLifecycleKt                                   : loaded 2 times (x 71B)
Class kotlinx.coroutines.EventLoopImplBase$DelayedTaskQueue                           : loaded 2 times (x 72B)
Class [Lio.netty.buffer.PoolArenaMetric;                                              : loaded 2 times (x 69B)
Class io.netty.channel.AbstractChannel$AnnotatedConnectException                      : loaded 2 times (x 82B)
Class io.netty.channel.ChannelFutureListener                                          : loaded 2 times (x 70B)
Class io.netty.util.internal.logging.Slf4JLoggerFactory                               : loaded 2 times (x 72B)
Class io.netty.util.concurrent.GenericFutureListener                                  : loaded 2 times (x 70B)
Class [Lio.ktor.http.HttpMethod;                                                      : loaded 2 times (x 69B)
Class kotlin.jvm.internal.TypeIntrinsics                                              : loaded 2 times (x 71B)
Class kotlinx.coroutines.DispatchedTaskKt                                             : loaded 2 times (x 71B)
Class kotlin.text.StringsKt__StringsJVMKt                                             : loaded 2 times (x 71B)
Class kotlinx.coroutines.ThreadContextElement                                         : loaded 2 times (x 70B)
Class kotlinx.coroutines.internal.SystemPropsKt__SystemProps_commonKt                 : loaded 2 times (x 71B)
Class kotlinx.serialization.internal.NamedValueEncoder                                : loaded 2 times (x 138B)
Class io.ktor.util.pipeline.PipelinePhaseRelation$Before                              : loaded 2 times (x 72B)
Class kotlinx.coroutines.flow.SharedFlowKt                                            : loaded 2 times (x 71B)
Class kotlin.text.StringsKt__IndentKt                                                 : loaded 2 times (x 71B)
Class kotlinx.serialization.modules.SerialModuleImpl                                  : loaded 2 times (x 76B)
Class kotlin.collections.SetsKt                                                       : loaded 2 times (x 71B)
Class io.ktor.client.statement.HttpResponse                                           : loaded 2 times (x 85B)
Class io.ktor.http.ParametersBuilderImpl                                              : loaded 2 times (x 116B)
Class io.ktor.client.statement.HttpReceivePipeline                                    : loaded 2 times (x 74B)
Class io.netty.channel.ChannelHandlerContext                                          : loaded 2 times (x 70B)
Class io.netty.channel.ChannelOutboundBuffer$1                                        : loaded 2 times (x 73B)
Class io.netty.util.internal.Cleaner                                                  : loaded 2 times (x 70B)
Class kotlinx.coroutines.sync.MutexKt                                                 : loaded 2 times (x 71B)
Class kotlin.sequences.SequencesKt__SequencesKt$asSequence$$inlined$Sequence$1        : loaded 2 times (x 75B)
Class kotlinx.serialization.internal.MapLikeSerializer                                : loaded 2 times (x 96B)
Class org.slf4j.Logger                                                                : loaded 2 times (x 70B)
Class io.ktor.http.Headers$Companion                                                  : loaded 2 times (x 71B)
Class io.ktor.util.date.Month$Companion                                               : loaded 2 times (x 71B)
Class io.ktor.http.ParametersImpl                                                     : loaded 2 times (x 93B)
Class io.ktor.client.HttpClientConfig                                                 : loaded 2 times (x 72B)
Class kotlinx.coroutines.DisposeOnCompletion                                          : loaded 2 times (x 90B)
Class io.netty.buffer.ByteBufAllocatorMetric                                          : loaded 2 times (x 70B)
Class io.netty.channel.CompleteChannelFuture                                          : loaded 2 times (x 174B)
Class io.netty.channel.DefaultChannelPipeline$HeadContext                             : loaded 2 times (x 218B)
Class io.netty.channel.ChannelOutboundHandler                                         : loaded 2 times (x 70B)
Class io.netty.util.concurrent.FutureListener                                         : loaded 2 times (x 70B)
Class kotlinx.coroutines.CoroutineExceptionHandler$Key                                : loaded 2 times (x 71B)
Class kotlinx.coroutines.internal.LimitedDispatcher$Worker                            : loaded 2 times (x 75B)
Class [Lkotlinx.coroutines.CoroutineStart;                                            : loaded 2 times (x 69B)
Class kotlinx.serialization.json.internal.StreamingJsonDecoder                        : loaded 2 times (x 144B)
Class kotlinx.serialization.encoding.Decoder                                          : loaded 2 times (x 70B)
Class kotlinx.serialization.descriptors.SerialDescriptor                              : loaded 2 times (x 70B)
Class kotlinx.serialization.modules.SerializersModuleBuildersKt                       : loaded 2 times (x 71B)
Class kotlinx.coroutines.CoroutineDispatcher$Key                                      : loaded 2 times (x 72B)
Class kotlin.collections.MapsKt__MapsKt                                               : loaded 2 times (x 71B)
Class io.ktor.client.engine.UtilsKt                                                   : loaded 2 times (x 71B)
Class kotlin.jvm.internal.markers.KMutableMap$Entry                                   : loaded 2 times (x 70B)
Class io.ktor.client.plugins.BodyProgressKt                                           : loaded 2 times (x 71B)
Class io.ktor.client.engine.ClientEngineClosedException                               : loaded 2 times (x 82B)
Class [Lio.netty.buffer.PoolSubpage;                                                  : loaded 2 times (x 69B)
Class io.netty.util.concurrent.MultithreadEventExecutorGroup$1                        : loaded 2 times (x 78B)
Class kotlinx.serialization.descriptors.ClassSerialDescriptorBuilder                  : loaded 2 times (x 72B)
Class io.netty.handler.codec.http.DefaultHttpResponse                                 : loaded 2 times (x 102B)
Class io.netty.util.Signal$SignalConstant                                             : loaded 2 times (x 80B)
Class io.netty.buffer.ReadOnlyUnsafeDirectByteBuf                                     : loaded 2 times (x 307B)
Class io.ktor.http.Headers$DefaultImpls                                               : loaded 2 times (x 71B)
Class io.ktor.util.CaseInsensitiveString                                              : loaded 2 times (x 72B)
Class kotlin.properties.Delegates                                                     : loaded 2 times (x 71B)
Class kotlinx.serialization.descriptors.StructureKind                                 : loaded 2 times (x 71B)
Class kotlin.Metadata                                                                 : loaded 2 times (x 70B)
Class kotlin.UninitializedPropertyAccessException                                     : loaded 2 times (x 82B)
Class io.netty.channel.CombinedChannelDuplexHandler$DelegatingChannelHandlerContext   : loaded 2 times (x 186B)
Class io.netty.channel.socket.DuplexChannelConfig                                     : loaded 2 times (x 70B)
Class io.netty.util.ResourceLeak                                                      : loaded 2 times (x 70B)
Class io.netty.channel.MessageSizeEstimator$Handle                                    : loaded 2 times (x 70B)
Class kotlinx.coroutines.internal.ConcurrentLinkedListNode                            : loaded 2 times (x 73B)
Class kotlinx.coroutines.sync.SemaphoreImpl                                           : loaded 2 times (x 82B)
Class kotlinx.coroutines.flow.MutableSharedFlow                                       : loaded 2 times (x 70B)
Class kotlinx.serialization.internal.InlineClassDescriptorKt$InlinePrimitiveDescriptor$1: loaded 2 times (x 87B)
Class kotlinx.serialization.json.JsonConfiguration                                    : loaded 2 times (x 72B)
Class [Lio.ktor.util.date.Month;                                                      : loaded 2 times (x 69B)
Class io.ktor.client.request.RequestBodyKt                                            : loaded 2 times (x 71B)
Class io.ktor.client.plugins.DefaultTransformersJvmKt$platformResponseDefaultTransformers$1: loaded 2 times (x 95B)
Class io.netty.channel.ChannelHandler$Sharable                                        : loaded 2 times (x 70B)
Class io.netty.buffer.ByteBufAllocator                                                : loaded 2 times (x 70B)
Class io.netty.util.internal.ReflectionUtil                                           : loaded 2 times (x 71B)
Class io.netty.util.internal.PlatformDependent0$1                                     : loaded 2 times (x 74B)
Class kotlinx.coroutines.internal.LockFreeTaskQueueCore$Placeholder                   : loaded 2 times (x 71B)
Class kotlin.SafePublicationLazyImpl                                                  : loaded 2 times (x 76B)
Class kotlinx.coroutines.channels.ChannelResult$Failed                                : loaded 2 times (x 71B)
Class io.netty.handler.codec.MessageToMessageEncoder                                  : loaded 2 times (x 102B)
Class io.netty.buffer.ReadOnlyByteBuf                                                 : loaded 2 times (x 313B)
Class io.ktor.utils.io.ByteChannelCtorKt                                              : loaded 2 times (x 71B)
Class io.ktor.util.CoroutinesUtilsKt$SilentSupervisor$$inlined$CoroutineExceptionHandler$1: loaded 2 times (x 92B)
Class io.netty.buffer.UnpooledUnsafeHeapByteBuf                                       : loaded 2 times (x 309B)
Class io.netty.util.IntSupplier                                                       : loaded 2 times (x 70B)
Class io.netty.util.concurrent.AbstractEventExecutorGroup                             : loaded 2 times (x 182B)
Class io.netty.util.internal.PlatformDependent0$2                                     : loaded 2 times (x 75B)
Class io.netty.util.internal.logging.AbstractInternalLogger                           : loaded 2 times (x 161B)
Class kotlin.internal.jdk8.JDK8PlatformImplementations$ReflectSdkVersion              : loaded 2 times (x 71B)
Class kotlinx.serialization.json.internal.JsonException                               : loaded 2 times (x 82B)
Class io.netty.channel.CombinedChannelDuplexHandler$1                                 : loaded 2 times (x 186B)
Class io.ktor.utils.io.WriterScope                                                    : loaded 2 times (x 70B)
Class io.ktor.client.plugins.Sender                                                   : loaded 2 times (x 70B)
Class io.ktor.client.engine.HttpClientEngine                                          : loaded 2 times (x 70B)
Class io.netty.util.concurrent.ThreadProperties                                       : loaded 2 times (x 70B)
Class io.netty.channel.SelectStrategyFactory                                          : loaded 2 times (x 70B)
Class io.netty.util.internal.PlatformDependent0$3                                     : loaded 2 times (x 75B)
Class kotlinx.coroutines.UndispatchedMarker                                           : loaded 2 times (x 83B)
Class kotlin.coroutines.intrinsics.IntrinsicsKt__IntrinsicsKt                         : loaded 2 times (x 71B)
Class kotlinx.serialization.json.JsonElementKt                                        : loaded 2 times (x 71B)
Class kotlinx.serialization.descriptors.PrimitiveKind                                 : loaded 2 times (x 71B)
Class kotlinx.serialization.KSerializer                                               : loaded 2 times (x 70B)
Class org.slf4j.event.LoggingEvent                                                    : loaded 2 times (x 70B)
Class kotlinx.coroutines.Job$Key                                                      : loaded 2 times (x 71B)
Class kotlinx.coroutines.DefaultExecutor                                              : loaded 2 times (x 120B)
Class io.netty.util.Signal$1                                                          : loaded 2 times (x 77B)
Class io.netty.buffer.WrappedUnpooledUnsafeDirectByteBuf                              : loaded 2 times (x 316B)
Class io.netty.handler.codec.CodecException                                           : loaded 2 times (x 82B)
Class io.ktor.client.request.HttpRequestData                                          : loaded 2 times (x 72B)
Class io.netty.util.internal.SocketUtils                                              : loaded 2 times (x 71B)
Class io.netty.util.internal.PlatformDependent0$4                                     : loaded 2 times (x 75B)
Class io.ktor.util.Attributes                                                         : loaded 2 times (x 70B)
Class [Lio.ktor.util.pipeline.PipelinePhase;                                          : loaded 2 times (x 69B)
Class kotlin.io.FilesKt__UtilsKt                                                      : loaded 2 times (x 71B)
Class kotlin.collections.CollectionsKt__CollectionsJVMKt                              : loaded 2 times (x 71B)
Class io.ktor.client.call.UnsupportedContentTypeException                             : loaded 2 times (x 82B)
Class io.netty.handler.codec.http.FullHttpResponse                                    : loaded 2 times (x 70B)
Class io.ktor.utils.io.ByteWriteChannelKt                                             : loaded 2 times (x 71B)
Class kotlinx.coroutines.JobSupport$ChildCompletion                                   : loaded 2 times (x 90B)
Class kotlinx.coroutines.channels.ChannelSegment                                      : loaded 2 times (x 76B)
Class io.netty.buffer.PooledHeapByteBuf                                               : loaded 2 times (x 311B)
Class io.netty.util.AsciiString                                                       : loaded 2 times (x 86B)
Class io.netty.channel.AbstractChannel$AnnotatedNoRouteToHostException                : loaded 2 times (x 82B)
Class io.netty.channel.AbstractChannel$AbstractUnsafe                                 : loaded 2 times (x 94B)
Class io.netty.util.internal.PlatformDependent0$5                                     : loaded 2 times (x 75B)
Class kotlin.ranges.CharProgression$Companion                                         : loaded 2 times (x 71B)
Class io.ktor.util.date.DateJvmKt                                                     : loaded 2 times (x 71B)
Class kotlin.sequences.SequencesKt                                                    : loaded 2 times (x 71B)
Class kotlinx.serialization.json.JsonPrimitive$Companion                              : loaded 2 times (x 71B)
Class kotlinx.serialization.internal.MapLikeDescriptor                                : loaded 2 times (x 96B)
Class kotlin.collections.IndexedValue                                                 : loaded 2 times (x 72B)
Class kotlinx.serialization.internal.CachedNames                                      : loaded 2 times (x 70B)
Class kotlin.collections.CollectionsKt__IteratorsKt                                   : loaded 2 times (x 71B)
Class kotlinx.serialization.json.JsonObjectSerializer                                 : loaded 2 times (x 82B)
Class kotlinx.coroutines.EventLoop                                                    : loaded 2 times (x 105B)
Class io.ktor.util.pipeline.PipelineContext                                           : loaded 2 times (x 82B)
Class kotlin.jvm.internal.markers.KMutableSet                                         : loaded 2 times (x 70B)
Class io.ktor.http.URLProtocol                                                        : loaded 2 times (x 72B)
Class io.netty.bootstrap.AbstractBootstrap$PendingRegistrationPromise                 : loaded 2 times (x 306B)
Class io.netty.util.internal.PlatformDependent0$6                                     : loaded 2 times (x 74B)
Class io.ktor.util.pipeline.PipelinePhaseRelation$After                               : loaded 2 times (x 72B)
Class kotlinx.coroutines.internal.Removed                                             : loaded 2 times (x 72B)
Class kotlinx.coroutines.Deferred                                                     : loaded 2 times (x 70B)
Class kotlin.text.StringsKt                                                           : loaded 2 times (x 71B)
Class io.ktor.util.DelegatingMutableSet                                               : loaded 2 times (x 144B)
Class io.ktor.http.HttpMessageBuilder                                                 : loaded 2 times (x 70B)
Class io.netty.util.Attribute                                                         : loaded 2 times (x 70B)
Class kotlin.LazyKt__LazyJVMKt                                                        : loaded 2 times (x 71B)
Class io.netty.buffer.AbstractByteBufAllocator$1                                      : loaded 2 times (x 71B)
Class io.ktor.utils.io.ByteWriteChannel                                               : loaded 2 times (x 70B)
Class io.ktor.http.HeadersBuilder                                                     : loaded 2 times (x 113B)
Class io.netty.util.concurrent.EventExecutorChooserFactory$EventExecutorChooser       : loaded 2 times (x 70B)
Class io.netty.util.internal.logging.InternalLoggerFactory                            : loaded 2 times (x 72B)
Class kotlin.io.FilesKt__FileReadWriteKt                                              : loaded 2 times (x 71B)
Class kotlinx.serialization.json.internal.JsonPath                                    : loaded 2 times (x 72B)
Class kotlin.text.StringsKt__StringNumberConversionsKt                                : loaded 2 times (x 71B)
Class org.slf4j.helpers.NOPLoggerFactory                                              : loaded 2 times (x 75B)
Class kotlinx.coroutines.CopyableThrowable                                            : loaded 2 times (x 70B)
Class kotlinx.coroutines.ChildJob                                                     : loaded 2 times (x 70B)
Class kotlinx.coroutines.internal.SystemPropsKt__SystemPropsKt                        : loaded 2 times (x 71B)
Class kotlinx.coroutines.scheduling.TasksKt                                           : loaded 2 times (x 71B)
Class kotlinx.serialization.descriptors.SerialKind$ENUM                               : loaded 2 times (x 71B)
Class io.netty.buffer.PooledByteBufAllocator$1                                        : loaded 2 times (x 76B)
Class io.netty.buffer.UnpooledUnsafeDirectByteBuf                                     : loaded 2 times (x 316B)
Class io.netty.channel.ChannelInitializer                                             : loaded 2 times (x 102B)
Class kotlinx.coroutines.sync.SemaphoreSegment                                        : loaded 2 times (x 76B)
Class kotlinx.coroutines.JobKt                                                        : loaded 2 times (x 71B)
Class kotlin.internal.PlatformImplementations                                         : loaded 2 times (x 75B)
Class kotlinx.serialization.internal.InlineClassDescriptor                            : loaded 2 times (x 99B)
Class kotlinx.serialization.descriptors.SerialKind$CONTEXTUAL                         : loaded 2 times (x 71B)
Class kotlinx.serialization.descriptors.StructureKind$LIST                            : loaded 2 times (x 71B)
Class kotlinx.coroutines.ChildHandleNode                                              : loaded 2 times (x 94B)
Class kotlinx.coroutines.scheduling.SchedulerCoroutineDispatcher                      : loaded 2 times (x 108B)
Class io.netty.handler.codec.http.CombinedHttpHeaders                                 : loaded 2 times (x 122B)
Class io.netty.handler.codec.EncoderException                                         : loaded 2 times (x 82B)
Class kotlin.jvm.internal.Ref$LongRef                                                 : loaded 2 times (x 71B)
Class kotlinx.coroutines.EventLoopImplBase$DelayedResumeTask                          : loaded 2 times (x 94B)
Class io.ktor.client.utils.ClientEventsKt                                             : loaded 2 times (x 71B)
Class io.ktor.http.ParametersKt                                                       : loaded 2 times (x 71B)
Class io.netty.util.concurrent.DefaultPromise$LeanCancellationException               : loaded 2 times (x 82B)
Class io.netty.channel.socket.nio.NioServerSocketChannel                              : loaded 2 times (x 214B)
Class io.netty.util.internal.LongCounter                                              : loaded 2 times (x 70B)
Class io.ktor.util.pipeline.PipelinePhase                                             : loaded 2 times (x 72B)
Class kotlinx.coroutines.flow.internal.FusibleFlow                                    : loaded 2 times (x 70B)
Class kotlinx.coroutines.ChildContinuation                                            : loaded 2 times (x 90B)
Class io.ktor.http.HttpHeaderValueParserKt                                            : loaded 2 times (x 71B)
Class io.ktor.http.HttpProtocolVersion                                                : loaded 2 times (x 72B)
Class io.netty.buffer.WrappedByteBuf                                                  : loaded 2 times (x 284B)
Class io.netty.buffer.AbstractByteBufAllocator                                        : loaded 2 times (x 116B)
Class io.netty.buffer.ByteBufUtil$ThreadLocalUnsafeDirectByteBuf                      : loaded 2 times (x 317B)
Class io.netty.channel.socket.nio.SelectorProviderUtil                                : loaded 2 times (x 71B)
Class io.netty.util.concurrent.AbstractEventExecutor                                  : loaded 2 times (x 232B)
Class io.netty.util.concurrent.AbstractFuture                                         : loaded 2 times (x 128B)
Class kotlinx.coroutines.scheduling.CoroutineScheduler$WorkerState                    : loaded 2 times (x 79B)
Class kotlinx.serialization.internal.Platform_commonKt                                : loaded 2 times (x 71B)
Class kotlinx.serialization.json.JsonObjectSerializer$JsonObjectDescriptor            : loaded 2 times (x 85B)
Class ai.grazie.model.cloud.exceptions.HTTPStatusException                            : loaded 2 times (x 83B)
Class kotlinx.serialization.json.internal.DescriptorSchemaCache$Key                   : loaded 2 times (x 71B)
Class io.netty.handler.codec.http.HttpHeaderNames                                     : loaded 2 times (x 71B)
Class io.netty.channel.ChannelOutboundHandlerAdapter                                  : loaded 2 times (x 99B)
Class io.netty.buffer.AbstractUnsafeSwappedByteBuf                                    : loaded 2 times (x 291B)
Class io.netty.handler.codec.http.LastHttpContent                                     : loaded 2 times (x 70B)
Class io.netty.handler.codec.DecoderResult                                            : loaded 2 times (x 76B)
Class io.ktor.util.StringValues$DefaultImpls                                          : loaded 2 times (x 71B)
Class io.ktor.client.engine.HttpClientEngineKt                                        : loaded 2 times (x 71B)
Class io.ktor.client.plugins.HttpSend$InterceptedSender                               : loaded 2 times (x 75B)
Class kotlin.jvm.internal.markers.KMutableMap                                         : loaded 2 times (x 70B)
Class io.netty.buffer.PoolChunkList                                                   : loaded 2 times (x 84B)
Class io.netty.channel.MultithreadEventLoopGroup                                      : loaded 2 times (x 226B)
Class io.netty.channel.socket.ServerSocketChannel                                     : loaded 2 times (x 70B)
Class io.netty.channel.ChannelInboundHandler                                          : loaded 2 times (x 70B)
Class kotlinx.coroutines.BlockingEventLoop                                            : loaded 2 times (x 117B)
Class kotlinx.coroutines.ThreadLocalEventLoop                                         : loaded 2 times (x 71B)
Class kotlinx.serialization.DeserializationStrategy                                   : loaded 2 times (x 70B)
Class kotlinx.serialization.json.Json                                                 : loaded 2 times (x 80B)
Class io.ktor.util.pipeline.PipelineContext_jvmKt                                     : loaded 2 times (x 71B)
Class io.ktor.util.AttributesKt                                                       : loaded 2 times (x 71B)
Class io.netty.channel.ChannelDuplexHandler                                           : loaded 2 times (x 118B)
Class kotlinx.coroutines.CompletionStateKt                                            : loaded 2 times (x 71B)
Class kotlinx.serialization.json.JsonPrimitive                                        : loaded 2 times (x 73B)
Class kotlinx.serialization.internal.AbstractPolymorphicSerializer                    : loaded 2 times (x 86B)
Class kotlinx.serialization.json.internal.DescriptorSchemaCache                       : loaded 2 times (x 72B)
Class org.slf4j.helpers.SubstituteLoggerFactory                                       : loaded 2 times (x 81B)
Class kotlinx.serialization.encoding.CompositeEncoder                                 : loaded 2 times (x 70B)
Class io.netty.handler.codec.ValueConverter                                           : loaded 2 times (x 70B)
Class io.netty.handler.codec.http.EmptyHttpHeaders                                    : loaded 2 times (x 121B)
Class kotlinx.coroutines.channels.BufferedChannelKt                                   : loaded 2 times (x 71B)
Class io.netty.buffer.WrappedCompositeByteBuf                                         : loaded 2 times (x 404B)
Class io.netty.channel.ChannelMetadata                                                : loaded 2 times (x 71B)
Class io.ktor.http.EmptyParameters                                                    : loaded 2 times (x 84B)
Class kotlinx.coroutines.CancellableContinuationImpl                                  : loaded 2 times (x 128B)
Class kotlinx.serialization.internal.PluginGeneratedSerialDescriptor                  : loaded 2 times (x 99B)
Class kotlinx.serialization.json.JsonDecoder                                          : loaded 2 times (x 70B)
Class kotlinx.serialization.json.JsonElementSerializersKt                             : loaded 2 times (x 71B)
Class kotlinx.coroutines.CoroutineDispatcher                                          : loaded 2 times (x 99B)
Class io.netty.handler.codec.http.EmptyHttpHeaders$InstanceInitializer                : loaded 2 times (x 71B)
Class io.netty.channel.nio.AbstractNioByteChannel$NioByteUnsafe                       : loaded 2 times (x 101B)
Class io.ktor.utils.io.pool.ObjectPool                                                : loaded 2 times (x 70B)
Class kotlinx.coroutines.ResumeOnCompletion                                           : loaded 2 times (x 90B)
Class io.netty.buffer.PooledByteBufAllocator$PoolThreadLocalCache                     : loaded 2 times (x 74B)
Class io.netty.channel.nio.AbstractNioChannel$NioUnsafe                               : loaded 2 times (x 70B)
Class io.netty.util.internal.PriorityQueue                                            : loaded 2 times (x 70B)
Class kotlinx.coroutines.ResumeAwaitOnCompletion                                      : loaded 2 times (x 90B)
Class io.ktor.client.utils.HeadersKt                                                  : loaded 2 times (x 71B)
Class io.ktor.util.StringValuesImpl                                                   : loaded 2 times (x 91B)
Class io.netty.util.IllegalReferenceCountException                                    : loaded 2 times (x 82B)
Class kotlinx.serialization.BinaryFormat                                              : loaded 2 times (x 70B)
Class kotlin.io.FileSystemException                                                   : loaded 2 times (x 82B)
Class kotlinx.coroutines.sync.Semaphore                                               : loaded 2 times (x 70B)
Class kotlinx.serialization.StringFormat                                              : loaded 2 times (x 70B)
Class kotlinx.coroutines.NonDisposableHandle                                          : loaded 2 times (x 78B)
Class kotlinx.coroutines.SupervisorJobImpl                                            : loaded 2 times (x 138B)
Class ai.grazie.model.cloud.exceptions.HTTPStatusException$NotFound                   : loaded 2 times (x 83B)
Class io.netty.handler.codec.DefaultHeaders$HeaderEntry                               : loaded 2 times (x 80B)
Class io.ktor.client.engine.HttpClientEngineConfig                                    : loaded 2 times (x 72B)
Class io.ktor.client.engine.HttpClientEngineFactory                                   : loaded 2 times (x 70B)
Class io.netty.util.CharsetUtil                                                       : loaded 2 times (x 71B)
Class io.netty.util.internal.UnpaddedInternalThreadLocalMap                           : loaded 2 times (x 71B)
Class io.netty.util.concurrent.MultithreadEventExecutorGroup                          : loaded 2 times (x 185B)
Class io.ktor.http.Parameters                                                         : loaded 2 times (x 70B)
Class [Lkotlinx.coroutines.channels.BufferOverflow;                                   : loaded 2 times (x 69B)
Class kotlinx.coroutines.scheduling.WorkQueue                                         : loaded 2 times (x 72B)
Class kotlinx.serialization.json.internal.CreateMapForCacheKt                         : loaded 2 times (x 71B)
Class kotlin.UnsafeLazyImpl                                                           : loaded 2 times (x 76B)
Class io.netty.buffer.UnpooledByteBufAllocator$InstrumentedUnpooledUnsafeNoCleanerDirectByteBuf: loaded 2 times (x 317B)
Class io.netty.handler.codec.http.HttpObjectDecoder                                   : loaded 2 times (x 124B)
Class io.ktor.client.plugins.SendCountExceedException                                 : loaded 2 times (x 82B)
Class io.netty.util.NetUtil                                                           : loaded 2 times (x 71B)
Class [Lio.netty.buffer.PoolSubpageMetric;                                            : loaded 2 times (x 69B)
Class io.netty.buffer.AbstractByteBuf                                                 : loaded 2 times (x 304B)
Class io.netty.channel.socket.ServerSocketChannelConfig                               : loaded 2 times (x 70B)
Class io.netty.util.concurrent.RejectedExecutionHandler                               : loaded 2 times (x 70B)
Class io.netty.bootstrap.ChannelFactory                                               : loaded 2 times (x 70B)
Class kotlinx.coroutines.CoroutineExceptionHandler                                    : loaded 2 times (x 70B)
Class io.ktor.util.pipeline.PipelinePhaseRelation                                     : loaded 2 times (x 71B)
Class kotlinx.coroutines.scheduling.TaskImpl                                          : loaded 2 times (x 77B)
Class kotlin.LazyKt__LazyJVMKt$WhenMappings                                           : loaded 2 times (x 71B)
Class kotlinx.serialization.internal.InlineClassDescriptorKt                          : loaded 2 times (x 71B)
Class kotlinx.serialization.internal.LinkedHashMapSerializer                          : loaded 2 times (x 96B)
Class com.intellij.llmInstaller.common.LLMIcons$Previous                              : loaded 2 times (x 71B)
Class io.netty.handler.codec.http.HttpObjectDecoder$State                             : loaded 2 times (x 79B)
Class io.netty.handler.codec.http.HttpMessageDecoderResult                            : loaded 2 times (x 76B)
Class io.netty.channel.DefaultChannelPipeline$1                                       : loaded 2 times (x 73B)
Class [Lio.netty.util.Attribute;                                                      : loaded 2 times (x 69B)
Class [Lio.netty.util.concurrent.EventExecutor;                                       : loaded 2 times (x 69B)
Class io.netty.util.concurrent.PromiseTask$SentinelRunnable                           : loaded 2 times (x 76B)
Class io.netty.channel.Channel                                                        : loaded 2 times (x 70B)
Class io.ktor.http.HeaderValueWithParameters                                          : loaded 2 times (x 72B)
Class kotlinx.coroutines.CoroutineContextKt                                           : loaded 2 times (x 71B)
Class kotlin.LazyThreadSafetyMode                                                     : loaded 2 times (x 79B)
Class kotlin.jvm.internal.ArrayIterator                                               : loaded 2 times (x 79B)
Class io.netty.handler.codec.http.HttpResponseStatus                                  : loaded 2 times (x 82B)
Class io.netty.buffer.PoolSubpageMetric                                               : loaded 2 times (x 70B)
Class io.netty.util.concurrent.EventExecutorChooserFactory                            : loaded 2 times (x 70B)
Class kotlin.collections.EmptyIterator                                                : loaded 2 times (x 89B)
Class kotlinx.coroutines.CompletableDeferred                                          : loaded 2 times (x 70B)
Class kotlinx.coroutines.internal.DispatchedContinuation                              : loaded 2 times (x 90B)
Class kotlinx.serialization.json.internal.JsonTreeReader                              : loaded 2 times (x 72B)
Class kotlin.text.StringsKt__RegexExtensionsKt                                        : loaded 2 times (x 71B)
Class kotlin.SynchronizedLazyImpl                                                     : loaded 2 times (x 76B)
Class org.slf4j.LoggerFactory                                                         : loaded 2 times (x 71B)
Class kotlinx.coroutines.internal.Symbol                                              : loaded 2 times (x 72B)
Class io.ktor.http.HeadersImpl                                                        : loaded 2 times (x 93B)
Class io.ktor.client.request.HttpSendPipeline                                         : loaded 2 times (x 74B)
Class io.netty.channel.ChannelOption$1                                                : loaded 2 times (x 77B)
Class [Lio.netty.channel.ChannelHandler;                                              : loaded 2 times (x 69B)
Class io.netty.channel.socket.DefaultServerSocketChannelConfig                        : loaded 2 times (x 168B)
Class io.netty.channel.DefaultChannelPromise                                          : loaded 2 times (x 306B)
Class io.netty.util.concurrent.AbstractScheduledEventExecutor$1                       : loaded 2 times (x 89B)
Class io.netty.util.concurrent.DefaultThreadFactory                                   : loaded 2 times (x 77B)
Class kotlin.sequences.SequencesKt__SequencesJVMKt                                    : loaded 2 times (x 71B)
Class kotlinx.serialization.json.JsonBuilder                                          : loaded 2 times (x 72B)
Class kotlinx.serialization.modules.SerializersModuleKt                               : loaded 2 times (x 71B)
Class kotlinx.serialization.json.JsonKt                                               : loaded 2 times (x 71B)
Class io.netty.channel.socket.DuplexChannel                                           : loaded 2 times (x 70B)
Class io.ktor.client.plugins.HttpSend$DefaultSender$execute$1                         : loaded 2 times (x 88B)
Class io.netty.buffer.ByteBufUtil                                                     : loaded 2 times (x 71B)
Class io.netty.util.concurrent.AbstractScheduledEventExecutor$2                       : loaded 2 times (x 74B)
Class io.netty.util.concurrent.OrderedEventExecutor                                   : loaded 2 times (x 70B)
Class kotlin.collections.ArrayAsCollection                                            : loaded 2 times (x 105B)
Class kotlinx.coroutines.EventLoopKt                                                  : loaded 2 times (x 71B)
Class kotlin.text.StringsKt__StringBuilderJVMKt                                       : loaded 2 times (x 71B)
Class kotlin.LazyKt__LazyKt                                                           : loaded 2 times (x 71B)
Class kotlinx.serialization.json.internal.AbstractJsonTreeEncoder                     : loaded 2 times (x 158B)
Class io.netty.handler.codec.http.TooLongHttpHeaderException                          : loaded 2 times (x 82B)
Class io.netty.buffer.UnpooledDuplicatedByteBuf                                       : loaded 2 times (x 314B)
Class [Lio.netty.handler.codec.http.HttpObjectDecoder$State;                          : loaded 2 times (x 69B)
Class io.netty.handler.codec.ByteToMessageDecoder                                     : loaded 2 times (x 112B)
Class io.ktor.client.request.HttpRequestBuilder$Companion                             : loaded 2 times (x 71B)
Class io.ktor.client.request.HttpRequestBuilder                                       : loaded 2 times (x 75B)
Class io.ktor.client.HttpClient                                                       : loaded 2 times (x 81B)
Class kotlin.ranges.CharRange                                                         : loaded 2 times (x 93B)
Class kotlin.internal.jdk8.JDK8PlatformImplementations                                : loaded 2 times (x 75B)
Class kotlin.jvm.internal.Ref$ObjectRef                                               : loaded 2 times (x 72B)
Class kotlinx.serialization.json.JsonObject$Companion                                 : loaded 2 times (x 71B)
Class kotlin.UNINITIALIZED_VALUE                                                      : loaded 2 times (x 71B)
Class kotlinx.coroutines.channels.BufferedChannel$receiveCatching$1                   : loaded 2 times (x 88B)
Class io.ktor.http.IllegalHeaderValueException                                        : loaded 2 times (x 83B)
Class io.netty.channel.ChannelPipelineException                                       : loaded 2 times (x 82B)
Class io.netty.channel.nio.AbstractNioMessageChannel                                  : loaded 2 times (x 202B)
Class kotlin.comparisons.ComparisonsKt__ComparisonsKt                                 : loaded 2 times (x 71B)
Class kotlin.sequences.SequencesKt__SequencesKt                                       : loaded 2 times (x 71B)
Class kotlin.coroutines.CoroutineContext$Element$DefaultImpls                         : loaded 2 times (x 71B)
Class kotlinx.coroutines.Job$DefaultImpls                                             : loaded 2 times (x 71B)
Class kotlin.ranges.RangesKt__RangesKt                                                : loaded 2 times (x 71B)
Class kotlin.collections.SetsKt___SetsKt                                              : loaded 2 times (x 71B)
Class io.ktor.client.call.NoTransformationFoundException                              : loaded 2 times (x 82B)
Class io.netty.channel.DefaultMessageSizeEstimator                                    : loaded 2 times (x 75B)
Class kotlin.sequences.FilteringSequence                                              : loaded 2 times (x 75B)
Class kotlin.comparisons.ComparisonsKt                                                : loaded 2 times (x 71B)
Class kotlin.comparisons.ComparisonsKt___ComparisonsKt                                : loaded 2 times (x 71B)
Class kotlinx.serialization.descriptors.SerialDescriptorImpl                          : loaded 2 times (x 88B)
Class kotlin.text.CharsKt__CharJVMKt                                                  : loaded 2 times (x 71B)
Class kotlinx.serialization.SerializationStrategy                                     : loaded 2 times (x 70B)
Class io.ktor.util.reflect.TypeInfo                                                   : loaded 2 times (x 72B)
Class io.netty.util.AsciiString$1                                                     : loaded 2 times (x 75B)
Class io.ktor.client.plugins.HttpSend$Config                                          : loaded 2 times (x 71B)
Class kotlinx.coroutines.EventLoopImplBase$DelayedRunnableTask                        : loaded 2 times (x 94B)
Class io.netty.util.internal.PlatformDependent                                        : loaded 2 times (x 71B)
Class kotlinx.coroutines.DispatchedCoroutine                                          : loaded 2 times (x 147B)
Class kotlinx.serialization.json.internal.CharMappings                                : loaded 2 times (x 71B)
Class kotlinx.serialization.json.internal.StringJsonLexer                             : loaded 2 times (x 86B)
Class kotlinx.coroutines.TimeoutCancellationException                                 : loaded 2 times (x 85B)
Class kotlinx.coroutines.CompletableJob                                               : loaded 2 times (x 70B)
Class io.netty.util.internal.TypeParameterMatcher                                     : loaded 2 times (x 72B)
Class io.netty.util.AsciiString$2                                                     : loaded 2 times (x 75B)
Class kotlinx.coroutines.DebugStringsKt                                               : loaded 2 times (x 71B)
Class io.ktor.http.UnsafeHeaderException                                              : loaded 2 times (x 82B)
Class io.ktor.client.request.HttpRequestKt                                            : loaded 2 times (x 71B)
Class io.netty.buffer.PooledUnsafeHeapByteBuf                                         : loaded 2 times (x 311B)
Class io.netty.buffer.EmptyByteBuf                                                    : loaded 2 times (x 284B)
Class io.netty.channel.SucceededChannelFuture                                         : loaded 2 times (x 174B)
Class kotlinx.coroutines.ExecutorCoroutineDispatcherImpl                              : loaded 2 times (x 112B)
Class kotlin.text.DelimitedRangesSequence                                             : loaded 2 times (x 75B)
Class kotlin.collections.CollectionsKt___CollectionsJvmKt                             : loaded 2 times (x 71B)
Class [Lkotlinx.serialization.descriptors.SerialDescriptor;                           : loaded 2 times (x 69B)
Class io.netty.buffer.UnpooledUnsafeNoCleanerDirectByteBuf                            : loaded 2 times (x 317B)
Class kotlin.jvm.internal.markers.KMutableIterable                                    : loaded 2 times (x 70B)
Class io.netty.channel.ChannelHandlerMask$Skip                                        : loaded 2 times (x 70B)
Class io.ktor.util.StringValues                                                       : loaded 2 times (x 70B)
Class kotlin.sequences.SequencesKt___SequencesJvmKt                                   : loaded 2 times (x 71B)
Class kotlinx.coroutines.scheduling.CoroutineScheduler$Worker                         : loaded 2 times (x 106B)
Class kotlinx.coroutines.CoroutineStart$WhenMappings                                  : loaded 2 times (x 71B)
Class kotlin.TuplesKt                                                                 : loaded 2 times (x 71B)
Class io.netty.handler.codec.http.HttpHeaderValidationUtil                            : loaded 2 times (x 71B)
Class io.netty.handler.codec.Headers                                                  : loaded 2 times (x 70B)
Class io.ktor.client.request.DefaultHttpRequest                                       : loaded 2 times (x 93B)
Class io.ktor.client.HttpClient$execute$1                                             : loaded 2 times (x 88B)
Class [Lio.netty.util.AsciiString;                                                    : loaded 2 times (x 69B)
Class io.netty.util.internal.EmptyArrays                                              : loaded 2 times (x 71B)
Class io.netty.channel.ChannelInboundHandlerAdapter                                   : loaded 2 times (x 100B)
Class io.ktor.utils.io.ClosedWriteChannelException                                    : loaded 2 times (x 82B)
Class kotlinx.coroutines.sync.SemaphoreKt                                             : loaded 2 times (x 71B)
Class kotlin.random.AbstractPlatformRandom                                            : loaded 2 times (x 87B)
Class kotlinx.serialization.json.JsonElementSerializersKt$defer$1                     : loaded 2 times (x 85B)
Class kotlin.ranges.RangesKt                                                          : loaded 2 times (x 71B)
Class io.ktor.client.call.SavedCallKt                                                 : loaded 2 times (x 71B)
Class io.ktor.utils.io.ChannelJob                                                     : loaded 2 times (x 108B)
Class io.ktor.http.HttpMessage                                                        : loaded 2 times (x 70B)
Class io.ktor.http.HttpMessagePropertiesKt                                            : loaded 2 times (x 71B)
Class io.ktor.http.Url                                                                : loaded 2 times (x 72B)
Class io.ktor.client.plugins.HttpSend                                                 : loaded 2 times (x 72B)
Class io.netty.channel.nio.AbstractNioChannel$1                                       : loaded 2 times (x 76B)
Class io.netty.channel.ChannelPromise                                                 : loaded 2 times (x 70B)
Class io.netty.util.concurrent.GlobalEventExecutor                                    : loaded 2 times (x 278B)
Class kotlin.collections.ArraysUtilJVM                                                : loaded 2 times (x 71B)
Class kotlinx.coroutines.flow.FlowCollector                                           : loaded 2 times (x 70B)
Class ai.grazie.model.cloud.exceptions.HttpExceptionBase                              : loaded 2 times (x 83B)
Class kotlinx.serialization.internal.TaggedEncoder                                    : loaded 2 times (x 136B)
Class io.netty.buffer.DuplicatedByteBuf                                               : loaded 2 times (x 313B)
Class io.ktor.http.HttpProtocolVersion$Companion                                      : loaded 2 times (x 71B)
Class io.ktor.http.URLBuilder                                                         : loaded 2 times (x 72B)
Class io.ktor.client.plugins.HttpSend$Plugin$install$1                                : loaded 2 times (x 95B)
Class io.ktor.client.plugins.HttpSend$Plugin                                          : loaded 2 times (x 76B)
Class io.netty.util.ConstantPool                                                      : loaded 2 times (x 77B)
Class io.netty.channel.DefaultChannelId                                               : loaded 2 times (x 79B)
Class io.netty.channel.nio.AbstractNioMessageChannel$NioMessageUnsafe                 : loaded 2 times (x 101B)
Class [Lio.netty.util.internal.PriorityQueueNode;                                     : loaded 2 times (x 69B)
Class kotlinx.coroutines.JobKt__JobKt                                                 : loaded 2 times (x 71B)
Class kotlinx.coroutines.NodeList                                                     : loaded 2 times (x 79B)
Class kotlinx.coroutines.CompletedExceptionally                                       : loaded 2 times (x 72B)
Class io.netty.buffer.AbstractReferenceCountedByteBuf$1                               : loaded 2 times (x 74B)
Class io.netty.handler.codec.http.HttpMessage                                         : loaded 2 times (x 70B)
Class kotlin.jvm.internal.markers.KMutableIterator                                    : loaded 2 times (x 70B)
Class io.ktor.util.CoroutinesUtilsKt                                                  : loaded 2 times (x 71B)
Class kotlinx.coroutines.DeferredCoroutine                                            : loaded 2 times (x 152B)
Class kotlin.KotlinNothingValueException                                              : loaded 2 times (x 82B)
Class kotlinx.serialization.json.JsonImpl                                             : loaded 2 times (x 80B)
Class kotlinx.coroutines.channels.ChannelResult$Companion                             : loaded 2 times (x 71B)
Class kotlinx.coroutines.channels.ChannelResult                                       : loaded 2 times (x 72B)
Class io.netty.channel.nio.AbstractNioByteChannel                                     : loaded 2 times (x 203B)
Class io.netty.util.AbstractConstant                                                  : loaded 2 times (x 80B)
Class io.netty.channel.nio.AbstractNioChannel$AbstractNioUnsafe                       : loaded 2 times (x 101B)
Class io.netty.bootstrap.AbstractBootstrapConfig                                      : loaded 2 times (x 72B)
Class io.netty.channel.ChannelHandler                                                 : loaded 2 times (x 70B)
Class kotlinx.coroutines.CoroutineStart                                               : loaded 2 times (x 79B)
Class kotlinx.serialization.descriptors.SerialDescriptorsKt                           : loaded 2 times (x 71B)
Class kotlinx.coroutines.scheduling.UnlimitedIoScheduler                              : loaded 2 times (x 99B)
Class kotlin.collections.MapsKt___MapsJvmKt                                           : loaded 2 times (x 71B)
Class kotlinx.coroutines.JobCancellationException                                     : loaded 2 times (x 85B)
Class kotlin.collections.EmptySet                                                     : loaded 2 times (x 122B)
Class io.ktor.client.statement.HttpReceivePipeline$Phases                             : loaded 2 times (x 71B)
Class io.netty.buffer.ByteBufAllocatorMetricProvider                                  : loaded 2 times (x 70B)
Class io.netty.channel.ServerChannelRecvByteBufAllocator                              : loaded 2 times (x 82B)
Class kotlin.collections.CollectionsKt___CollectionsKt                                : loaded 2 times (x 71B)
Class kotlin.annotation.Target                                                        : loaded 2 times (x 70B)
Class kotlinx.coroutines.CoroutineId                                                  : loaded 2 times (x 93B)
Class kotlinx.coroutines.EventLoopImplBase                                            : loaded 2 times (x 117B)
Class io.ktor.http.content.OutgoingContent$ByteArrayContent                           : loaded 2 times (x 80B)
Class kotlinx.coroutines.internal.ConcurrentLinkedListKt                              : loaded 2 times (x 71B)
Class io.netty.handler.codec.http.DefaultHttpMessage                                  : loaded 2 times (x 92B)
Class io.netty.util.AsciiString$CharEqualityComparator                                : loaded 2 times (x 70B)
Class io.netty.channel.WriteBufferWaterMark                                           : loaded 2 times (x 71B)
Class io.netty.channel.ChannelProgressivePromise                                      : loaded 2 times (x 70B)
Class io.netty.util.concurrent.GlobalEventExecutor$1                                  : loaded 2 times (x 76B)
Class io.ktor.util.pipeline.Pipeline                                                  : loaded 2 times (x 74B)
Class kotlin.text.StringsKt___StringsJvmKt                                            : loaded 2 times (x 71B)
Class kotlin.annotation.Retention                                                     : loaded 2 times (x 70B)
Class io.ktor.http.ContentTypesKt                                                     : loaded 2 times (x 71B)
Class io.ktor.utils.io.WriterJob                                                      : loaded 2 times (x 70B)
Class io.netty.buffer.PoolArena                                                       : loaded 2 times (x 153B)
Class io.netty.buffer.UnpooledHeapByteBuf                                             : loaded 2 times (x 309B)
Class io.netty.channel.AbstractChannel$CloseFuture                                    : loaded 2 times (x 306B)
Class kotlin.io.FilesKt                                                               : loaded 2 times (x 71B)
Class kotlinx.coroutines.GlobalScope                                                  : loaded 2 times (x 74B)
Class kotlinx.coroutines.DefaultExecutorKt                                            : loaded 2 times (x 71B)
Class kotlinx.coroutines.Unconfined                                                   : loaded 2 times (x 99B)
Class kotlin.collections.MapsKt___MapsKt                                              : loaded 2 times (x 71B)
Class kotlin.collections.ArraysKt___ArraysKt                                          : loaded 2 times (x 71B)
Class io.netty.handler.codec.CharSequenceValueConverter                               : loaded 2 times (x 130B)
Class io.ktor.util.date.GMTDate$Companion                                             : loaded 2 times (x 71B)
Class io.ktor.client.engine.UtilsKt$attachToUserJob$cleanupHandler$1                  : loaded 2 times (x 79B)
Class io.ktor.http.URLBuilderJvmKt                                                    : loaded 2 times (x 71B)
Class kotlin.sequences.SequencesKt___SequencesKt$asIterable$$inlined$Iterable$1       : loaded 2 times (x 79B)
Class kotlinx.coroutines.EventLoopImplBase$DelayedTask                                : loaded 2 times (x 94B)
Class io.netty.channel.ChannelConfig                                                  : loaded 2 times (x 70B)
Class io.ktor.events.EventDefinition                                                  : loaded 2 times (x 71B)
Class io.ktor.util.collections.CopyOnWriteHashMap                                     : loaded 2 times (x 72B)
Class kotlinx.coroutines.internal.Segment                                             : loaded 2 times (x 75B)
Class kotlinx.coroutines.AbstractCoroutine                                            : loaded 2 times (x 143B)
Class kotlinx.serialization.json.internal.WriteMode                                   : loaded 2 times (x 79B)
Class kotlin.collections.MapsKt__MapWithDefaultKt                                     : loaded 2 times (x 71B)
Class kotlinx.coroutines.LazyStandaloneCoroutine                                      : loaded 2 times (x 143B)
Class io.netty.buffer.UnsafeHeapSwappedByteBuf                                        : loaded 2 times (x 291B)
Class io.ktor.client.plugins.ResponseException                                        : loaded 2 times (x 82B)
Class io.ktor.client.statement.HttpResponsePipeline                                   : loaded 2 times (x 74B)
Class io.netty.util.ResourceLeakDetector                                              : loaded 2 times (x 77B)
Class io.netty.channel.ChannelId                                                      : loaded 2 times (x 70B)
Class io.ktor.http.HttpStatusCode                                                     : loaded 2 times (x 75B)
Class kotlinx.coroutines.CancellableContinuation                                      : loaded 2 times (x 70B)
Class kotlinx.serialization.json.internal.AbstractJsonLexerKt                         : loaded 2 times (x 71B)
Class kotlin.collections.CollectionsKt__MutableCollectionsJVMKt                       : loaded 2 times (x 71B)
Class kotlin.text.StringsKt___StringsKt                                               : loaded 2 times (x 71B)
Class kotlinx.serialization.descriptors.PolymorphicKind                               : loaded 2 times (x 71B)
Class kotlinx.serialization.internal.StringSerializer                                 : loaded 2 times (x 82B)
Class io.netty.buffer.UnpooledByteBufAllocator$InstrumentedUnpooledUnsafeDirectByteBuf: loaded 2 times (x 316B)
Class io.ktor.utils.io.pool.DefaultPool                                               : loaded 2 times (x 90B)
Class io.netty.channel.EventLoopGroup                                                 : loaded 2 times (x 70B)
Class io.ktor.util.pipeline.PhaseContent                                              : loaded 2 times (x 72B)
Class kotlinx.coroutines.sync.MutexImpl                                               : loaded 2 times (x 98B)
Class kotlinx.coroutines.CancellableContinuationKt                                    : loaded 2 times (x 71B)
Class [Lkotlin.LazyThreadSafetyMode;                                                  : loaded 2 times (x 69B)
Class io.netty.util.internal.TypeParameterMatcher$1                                   : loaded 2 times (x 72B)
Class io.netty.handler.codec.http.HttpObjectDecoder$HeaderParser                      : loaded 2 times (x 75B)
Class kotlin.jvm.internal.markers.KMutableCollection                                  : loaded 2 times (x 70B)
Class io.ktor.client.plugins.DefaultResponseValidationKt                              : loaded 2 times (x 71B)
Class io.netty.util.NetUtil$SoMaxConnAction                                           : loaded 2 times (x 74B)
Class io.netty.buffer.PoolChunkListMetric                                             : loaded 2 times (x 70B)
Class io.netty.buffer.PoolSubpage                                                     : loaded 2 times (x 78B)
Class io.netty.channel.DefaultChannelPipeline$PendingHandlerAddedTask                 : loaded 2 times (x 77B)
Class io.netty.util.concurrent.RejectedExecutionHandlers$1                            : loaded 2 times (x 74B)
Class io.netty.util.internal.PlatformDependent0                                       : loaded 2 times (x 71B)
Class kotlin.coroutines.CoroutineContext$DefaultImpls                                 : loaded 2 times (x 71B)
Class io.ktor.util.pipeline.InvalidPhaseException                                     : loaded 2 times (x 82B)
Class kotlin.coroutines.intrinsics.IntrinsicsKt                                       : loaded 2 times (x 71B)
Class kotlin.collections.EmptyMap                                                     : loaded 2 times (x 109B)
Class kotlinx.coroutines.internal.LockFreeLinkedListNode                              : loaded 2 times (x 75B)
Class kotlin.jvm.internal.Intrinsics                                                  : loaded 2 times (x 71B)
Class kotlinx.serialization.encoding.Encoder                                          : loaded 2 times (x 70B)
Class io.ktor.client.plugins.HttpCallValidatorKt                                      : loaded 2 times (x 71B)
Class io.netty.util.internal.PriorityQueueNode                                        : loaded 2 times (x 70B)
Class io.netty.util.concurrent.DefaultFutureListeners                                 : loaded 2 times (x 72B)
Class io.netty.util.concurrent.DefaultPromise$StacklessCancellationException          : loaded 2 times (x 82B)
Class io.netty.util.internal.OutOfDirectMemoryError                                   : loaded 2 times (x 82B)
Class io.ktor.http.BadContentTypeFormatException                                      : loaded 2 times (x 82B)
Class kotlinx.coroutines.Active                                                       : loaded 2 times (x 71B)
Class kotlin.collections.CollectionsKt__IterablesKt                                   : loaded 2 times (x 71B)
Class kotlin.collections.MapsKt                                                       : loaded 2 times (x 71B)
Class io.ktor.client.request.HttpRequest                                              : loaded 2 times (x 70B)
Class io.ktor.http.URLParserKt                                                        : loaded 2 times (x 71B)
Class [Lio.ktor.http.URLProtocol;                                                     : loaded 2 times (x 69B)
Class kotlinx.coroutines.InvokeOnCompletion                                           : loaded 2 times (x 90B)
Class io.ktor.client.plugins.DefaultResponseValidationKt$addDefaultResponseValidation$1$1: loaded 2 times (x 95B)
Class io.netty.channel.AbstractChannel$AbstractUnsafe$1                               : loaded 2 times (x 76B)
Class io.netty.util.internal.CleanerJava9$1                                           : loaded 2 times (x 75B)
Class io.netty.util.ReferenceCounted                                                  : loaded 2 times (x 70B)
Class kotlin.ranges.OpenEndRange                                                      : loaded 2 times (x 70B)
Class kotlin.text.Charsets                                                            : loaded 2 times (x 71B)
Class kotlinx.coroutines.internal.LockFreeTaskQueueCore$Companion                     : loaded 2 times (x 71B)
Class kotlin.KotlinNullPointerException                                               : loaded 2 times (x 83B)
Class io.netty.util.Signal                                                            : loaded 2 times (x 89B)
Class io.netty.handler.codec.ByteToMessageDecoder$Cumulator                           : loaded 2 times (x 70B)
Class kotlin.UShort$Companion                                                         : loaded 2 times (x 71B)
Class kotlin.UByte                                                                    : loaded 2 times (x 74B)
Class io.ktor.http.URLBuilder$Companion                                               : loaded 2 times (x 71B)
Class io.ktor.utils.io.charsets.CharsetJVMKt                                          : loaded 2 times (x 71B)
Class io.netty.channel.AbstractChannel$AbstractUnsafe$2                               : loaded 2 times (x 76B)
Class io.netty.util.ResourceLeakHint                                                  : loaded 2 times (x 70B)
Class kotlin.ranges.RangesKt___RangesKt                                               : loaded 2 times (x 71B)
Class io.netty.handler.codec.DefaultHeaders                                           : loaded 2 times (x 277B)
Class kotlin.coroutines.jvm.internal.Boxing                                           : loaded 2 times (x 71B)
Class kotlinx.serialization.internal.GeneratedSerializer                              : loaded 2 times (x 70B)
Class kotlin.text.CharsKt__CharKt                                                     : loaded 2 times (x 71B)
Class kotlinx.serialization.descriptors.PrimitiveKind$STRING                          : loaded 2 times (x 71B)
Class kotlinx.coroutines.SupervisorKt                                                 : loaded 2 times (x 71B)
Class kotlin.collections.ArraysKt                                                     : loaded 2 times (x 71B)
Class io.netty.handler.codec.TooLongFrameException                                    : loaded 2 times (x 82B)
Class io.netty.buffer.UnpooledByteBufAllocator                                        : loaded 2 times (x 119B)
Class io.ktor.client.call.SavedHttpCall                                               : loaded 2 times (x 78B)
Class io.ktor.util.StringValuesKt                                                     : loaded 2 times (x 71B)
Class io.netty.buffer.ByteBufUtil$ThreadLocalDirectByteBuf                            : loaded 2 times (x 313B)
Class io.netty.util.concurrent.DefaultEventExecutorChooserFactory                     : loaded 2 times (x 74B)
Class io.ktor.http.Parameters$Companion                                               : loaded 2 times (x 71B)
Class kotlinx.coroutines.CoroutineName$Key                                            : loaded 2 times (x 71B)
Class kotlinx.coroutines.BuildersKt__Builders_commonKt                                : loaded 2 times (x 71B)
Class kotlinx.serialization.json.JsonLiteral                                          : loaded 2 times (x 74B)
Class kotlin.LazyKt                                                                   : loaded 2 times (x 71B)
Class kotlin.collections.SetsKt__SetsKt                                               : loaded 2 times (x 71B)
Class com.intellij.llmInstaller.common.LLMIcons$Rebranding                            : loaded 2 times (x 71B)
Class io.netty.util.internal.TypeParameterMatcher$ReflectiveMatcher                   : loaded 2 times (x 73B)
Class io.netty.buffer.UnpooledSlicedByteBuf                                           : loaded 2 times (x 316B)
Class io.netty.channel.CombinedChannelDuplexHandler                                   : loaded 2 times (x 119B)
Class kotlinx.coroutines.InvokeOnCancelling                                           : loaded 2 times (x 91B)
Class io.ktor.http.URLUtilsKt                                                         : loaded 2 times (x 71B)
Class io.netty.util.internal.logging.Slf4JLoggerFactory$NopInstanceHolder             : loaded 2 times (x 71B)
Class kotlinx.coroutines.flow.SharedFlow                                              : loaded 2 times (x 70B)
Class kotlinx.coroutines.JobSupport$AwaitContinuation                                 : loaded 2 times (x 128B)
Class kotlin.collections.ArraysKt__ArraysJVMKt                                        : loaded 2 times (x 71B)
Class io.netty.bootstrap.ServerBootstrap$1                                            : loaded 2 times (x 102B)
Class kotlin.text.StringsKt__StringBuilderKt                                          : loaded 2 times (x 71B)
Class com.intellij.llmInstaller.common.branding.LLMInstallerAIAssistantBranding       : loaded 2 times (x 71B)
Class io.ktor.http.EmptyHeaders                                                       : loaded 2 times (x 84B)
Class io.netty.util.NetUtilInitializations$NetworkIfaceAndInetAddress                 : loaded 2 times (x 72B)
Class io.netty.util.concurrent.DefaultPromise                                         : loaded 2 times (x 182B)
Class kotlinx.serialization.json.JsonElementSerializer                                : loaded 2 times (x 82B)
Class kotlin.NoWhenBranchMatchedException                                             : loaded 2 times (x 82B)
Class io.netty.handler.codec.DecoderResultProvider                                    : loaded 2 times (x 70B)
Class io.ktor.util.date.GMTDate                                                       : loaded 2 times (x 75B)
Class kotlinx.coroutines.channels.BufferedChannel                                     : loaded 2 times (x 126B)
Class io.ktor.utils.io.charsets.EncodingKt                                            : loaded 2 times (x 71B)
Class io.ktor.client.plugins.DefaultTransformersJvmKt                                 : loaded 2 times (x 71B)
Class io.netty.buffer.CompositeByteBuf                                                : loaded 2 times (x 404B)
Class io.netty.channel.AbstractChannel$AnnotatedSocketException                       : loaded 2 times (x 82B)
Class io.netty.util.concurrent.DefaultPromise$CauseHolder                             : loaded 2 times (x 72B)
Class io.netty.util.concurrent.Future                                                 : loaded 2 times (x 70B)
Class kotlinx.coroutines.CompletableDeferredKt                                        : loaded 2 times (x 71B)
Class kotlinx.serialization.MissingFieldException                                     : loaded 2 times (x 82B)
Class kotlinx.serialization.json.internal.AbstractJsonLexer                           : loaded 2 times (x 86B)
Class kotlinx.coroutines.Incomplete                                                   : loaded 2 times (x 70B)
Class io.netty.buffer.UnpooledByteBufAllocator$InstrumentedUnpooledHeapByteBuf        : loaded 2 times (x 309B)
Class kotlinx.coroutines.TimeoutCoroutine                                             : loaded 2 times (x 150B)
Class io.netty.buffer.PoolArena$DirectArena                                           : loaded 2 times (x 153B)
Class io.netty.util.internal.SystemPropertyUtil                                       : loaded 2 times (x 71B)
Class kotlinx.coroutines.CoroutineName                                                : loaded 2 times (x 89B)
Class io.ktor.util.logging.KtorSimpleLoggerJvmKt                                      : loaded 2 times (x 71B)
Class kotlin.sequences.ConstrainedOnceSequence                                        : loaded 2 times (x 75B)
Class kotlinx.coroutines.flow.SharedFlowImpl                                          : loaded 2 times (x 104B)
Class kotlinx.coroutines.AbstractTimeSourceKt                                         : loaded 2 times (x 71B)
Class kotlinx.serialization.json.JsonNull                                             : loaded 2 times (x 73B)
Class io.netty.handler.codec.http.HttpObjectDecoder$1                                 : loaded 2 times (x 74B)
Class io.ktor.client.call.HttpClientCall                                              : loaded 2 times (x 78B)
Class kotlinx.coroutines.CancelledContinuation                                        : loaded 2 times (x 72B)
Class io.ktor.util.CollectionsKt                                                      : loaded 2 times (x 71B)
Class io.ktor.client.engine.HttpClientEngineCapability                                : loaded 2 times (x 70B)
Class io.netty.buffer.SimpleLeakAwareByteBuf                                          : loaded 2 times (x 285B)
Class io.netty.util.concurrent.Promise                                                : loaded 2 times (x 70B)
Class io.netty.util.internal.PlatformDependent$1                                      : loaded 2 times (x 74B)
Class io.netty.bootstrap.AbstractBootstrap                                            : loaded 2 times (x 93B)
Class io.ktor.util.PlatformUtils                                                      : loaded 2 times (x 71B)
Class kotlin.jvm.internal.markers.KMappedMarker                                       : loaded 2 times (x 70B)
Class kotlinx.serialization.json.internal.JsonNamesMapKt                              : loaded 2 times (x 71B)
Class io.netty.buffer.UnpooledByteBufAllocator$InstrumentedUnpooledUnsafeHeapByteBuf  : loaded 2 times (x 309B)
Class io.ktor.http.URLParserException                                                 : loaded 2 times (x 82B)
Class io.ktor.client.request.HttpRequestPipeline                                      : loaded 2 times (x 74B)
Class io.netty.buffer.PoolArenaMetric                                                 : loaded 2 times (x 70B)
Class io.netty.util.concurrent.SingleThreadEventExecutor$1                            : loaded 2 times (x 74B)
Class io.netty.channel.SingleThreadEventLoop                                          : loaded 2 times (x 388B)
Class io.netty.util.internal.PlatformDependent$2                                      : loaded 2 times (x 74B)
Class kotlinx.coroutines.Empty                                                        : loaded 2 times (x 75B)
Class kotlinx.coroutines.channels.ChannelResult$Closed                                : loaded 2 times (x 72B)
Class io.ktor.util.date.WeekDay                                                       : loaded 2 times (x 79B)
Class kotlinx.coroutines.YieldKt                                                      : loaded 2 times (x 71B)
Class io.ktor.client.engine.HttpClientEngine$executeWithinCallContext$1               : loaded 2 times (x 88B)
Class io.netty.util.concurrent.GlobalEventExecutor$TaskRunner                         : loaded 2 times (x 75B)
Class io.netty.channel.ChannelOutboundInvoker                                         : loaded 2 times (x 70B)
Class kotlin.ranges.CharProgression                                                   : loaded 2 times (x 81B)
Class kotlin.coroutines.jvm.internal.SuspendFunction                                  : loaded 2 times (x 70B)
Class kotlinx.serialization.json.JsonEncoder                                          : loaded 2 times (x 70B)
Class kotlinx.coroutines.channels.BufferedChannel$receiveCatchingOnNoWaiterSuspend$1  : loaded 2 times (x 88B)
Class io.ktor.client.request.HttpResponseData                                         : loaded 2 times (x 72B)
Class io.ktor.client.engine.HttpClientEngine$executeWithinCallContext$2               : loaded 2 times (x 95B)
Class io.ktor.client.plugins.DefaultTransformKt                                       : loaded 2 times (x 71B)
Class kotlin.jvm.internal.Ref$BooleanRef                                              : loaded 2 times (x 71B)
Class io.netty.buffer.PooledUnsafeDirectByteBuf                                       : loaded 2 times (x 311B)
Class [Lio.netty.buffer.PoolArena;                                                    : loaded 2 times (x 69B)
Class io.netty.buffer.SizeClasses                                                     : loaded 2 times (x 90B)
Class io.netty.channel.DefaultChannelConfig                                           : loaded 2 times (x 131B)
Class io.netty.channel.ChannelFuture                                                  : loaded 2 times (x 70B)
Class kotlinx.coroutines.BlockingCoroutine                                            : loaded 2 times (x 143B)
Class kotlinx.coroutines.scheduling.Task                                              : loaded 2 times (x 76B)
Class kotlin.coroutines.intrinsics.IntrinsicsKt__IntrinsicsJvmKt                      : loaded 2 times (x 71B)
Class kotlin.jvm.internal.StringCompanionObject                                       : loaded 2 times (x 71B)
Class kotlinx.serialization.json.JsonElement                                          : loaded 2 times (x 71B)
Class io.netty.buffer.UnreleasableByteBuf                                             : loaded 2 times (x 284B)
Class io.ktor.client.plugins.HttpRedirectKt                                           : loaded 2 times (x 71B)
Class kotlinx.coroutines.internal.ThreadSafeHeap                                      : loaded 2 times (x 72B)
Class kotlinx.coroutines.DelayKt                                                      : loaded 2 times (x 71B)
Class io.netty.util.NettyRuntime$AvailableProcessorsHolder                            : loaded 2 times (x 73B)
Class kotlin.io.NoSuchFileException                                                   : loaded 2 times (x 82B)
Class kotlinx.coroutines.NotCompleted                                                 : loaded 2 times (x 70B)
Class kotlinx.serialization.SerializationException                                    : loaded 2 times (x 82B)
Class kotlin.collections.CollectionsKt                                                : loaded 2 times (x 71B)
Class kotlinx.coroutines.internal.LockFreeTaskQueue                                   : loaded 2 times (x 72B)
Class kotlinx.coroutines.scheduling.DefaultScheduler                                  : loaded 2 times (x 108B)
Class kotlinx.coroutines.Dispatchers                                                  : loaded 2 times (x 71B)
Class kotlinx.coroutines.channels.ClosedReceiveChannelException                       : loaded 2 times (x 82B)
Class io.ktor.client.plugins.HttpPlainTextKt                                          : loaded 2 times (x 71B)
Class io.ktor.client.engine.HttpClientEngineBase                                      : loaded 2 times (x 95B)
Class io.ktor.client.HttpClientKt                                                     : loaded 2 times (x 71B)
Class io.netty.bootstrap.ServerBootstrap$1$1                                          : loaded 2 times (x 76B)
Class io.netty.channel.socket.InternetProtocolFamily                                  : loaded 2 times (x 80B)
Class io.netty.channel.DefaultSelectStrategy                                          : loaded 2 times (x 74B)
Class io.netty.util.internal.InternalThreadLocalMap                                   : loaded 2 times (x 72B)
Class io.netty.util.internal.ThrowableUtil                                            : loaded 2 times (x 71B)
Class io.netty.util.DefaultAttributeMap                                               : loaded 2 times (x 78B)
Class io.netty.channel.ServerChannel                                                  : loaded 2 times (x 70B)
Class io.netty.util.concurrent.EventExecutorGroup                                     : loaded 2 times (x 70B)
Class io.ktor.util.ConcurrentSafeAttributes                                           : loaded 2 times (x 88B)
Class kotlin.random.Random                                                            : loaded 2 times (x 86B)
Class kotlin.coroutines.jvm.internal.DebugProbesKt                                    : loaded 2 times (x 71B)
Class kotlinx.coroutines.intrinsics.CancellableKt                                     : loaded 2 times (x 71B)
Class io.netty.channel.ChannelHandlerMask                                             : loaded 2 times (x 71B)
Class io.netty.channel.DefaultChannelHandlerContext                                   : loaded 2 times (x 192B)
Class io.netty.util.concurrent.EventExecutor                                          : loaded 2 times (x 70B)
Class io.ktor.http.CodecsKt                                                           : loaded 2 times (x 71B)
Class [Lkotlinx.serialization.json.internal.WriteMode;                                : loaded 2 times (x 69B)
Class kotlinx.serialization.encoding.ChunkedDecoder                                   : loaded 2 times (x 70B)
Class kotlinx.serialization.internal.SerialDescriptorForNullable                      : loaded 2 times (x 88B)
Class io.netty.handler.codec.http.HttpObjectEncoder                                   : loaded 2 times (x 107B)
Class io.ktor.client.call.SavedHttpRequest                                            : loaded 2 times (x 86B)
Class io.ktor.util.DelegatingMutableSet$iterator$1                                    : loaded 2 times (x 81B)
Class io.ktor.http.URLProtocol$Companion                                              : loaded 2 times (x 71B)
Class io.netty.util.ResourceLeakTracker                                               : loaded 2 times (x 70B)
Class io.netty.util.concurrent.ProgressivePromise                                     : loaded 2 times (x 70B)
Class io.ktor.http.ContentType                                                        : loaded 2 times (x 72B)
Class kotlinx.coroutines.JobSupportKt                                                 : loaded 2 times (x 71B)
Class kotlinx.coroutines.ExecutorCoroutineDispatcher$Key                              : loaded 2 times (x 72B)

---------------  S Y S T E M  ---------------

OS:
 Windows 11 , 64 bit Build 26100 (10.0.26100.8246)
OS uptime: 0 days 0:45 hours
Hyper-V role detected

CPU: total 16 (initial active 16) (16 cores per cpu, 2 threads per core) family 25 model 68 stepping 1 microcode 0xa404101, cx8, cmov, fxsr, ht, mmx, 3dnowpref, sse, sse2, sse3, ssse3, sse4a, sse4.1, sse4.2, popcnt, lzcnt, tsc, tscinvbit, avx, avx2, aes, clmul, bmi1, bmi2, adx, sha, fma, vzeroupper, clflush, clflushopt, hv, rdtscp, rdpid, f16c, cet_ss
Processor Information for the first 16 processors :
  Max Mhz: 3201, Current Mhz: 3201, Mhz Limit: 3201

Memory: 4k page, system-wide physical 15613M (1852M free)
TotalPageFile size 34362M (AvailPageFile size 7M)
current process WorkingSet (physical memory assigned to process): 2645M, peak: 3342M
current process commit charge ("private bytes"): 2391M, peak: 3003M

vm_info: OpenJDK 64-Bit Server VM (21.0.9+1-b1163.86) for windows-amd64 JRE (21.0.9+1-b1163.86), built on 2025-12-02 by "builduser" with MS VC++ 16.10 / 16.11 (VS2019)

END.
